{
    "function": "_bin.model.main",
    "gpus": [
        "NVIDIA A100-SXM4-40GB"
    ],
    "config": {
        "seed": 14,
        "batch_size": 512,
        "patience": 16,
        "n_epochs": -1,
        "gradient_clipping_norm": 1.0,
        "amp": true,
        "data": {
            "cache": true,
            "path": "data/regression-num-large-0-year",
            "num_policy": "noisy-quantile"
        },
        "optimizer": {
            "type": "AdamW",
            "lr": 0.0029232454363218546,
            "weight_decay": 0.0
        },
        "model": {
            "arch_type": "tabm-mini",
            "k": 32,
            "backbone": {
                "type": "MLP",
                "n_blocks": 3,
                "d_block": 640,
                "dropout": 0.31823104942087554
            },
            "num_embeddings": {
                "type": "PiecewiseLinearEmbeddings",
                "d_embedding": 20
            }
        },
        "bins": {
            "n_bins": 2
        }
    },
    "n_parameters": 2058432,
    "prediction_type": "labels",
    "epoch_size": 98,
    "best_step": 1764,
    "metrics": {
        "train": {
            "rmse": 8.172756752889109,
            "mae": 5.694905757904053,
            "r2": 0.44708603620529175,
            "score": -8.172756752889109
        },
        "val": {
            "rmse": 8.800590096542576,
            "mae": 6.077448844909668,
            "r2": 0.3290597200393677,
            "score": -8.800590096542576
        },
        "test": {
            "rmse": 8.902535718092574,
            "mae": 6.091579437255859,
            "r2": 0.33264321088790894,
            "score": -8.902535718092574
        }
    },
    "time": "0:00:19.570461",
    "chunk_size": null,
    "eval_batch_size": 32768
}