{
    "function": "_bin.model.main",
    "gpus": [
        "Tesla V100-PCIE-16GB"
    ],
    "config": {
        "seed": 8,
        "batch_size": 512,
        "patience": 16,
        "n_epochs": -1,
        "gradient_clipping_norm": 1.0,
        "amp": true,
        "data": {
            "cache": true,
            "path": "data/regression-cat-large-0-nyc-taxi-green-dec-2016",
            "num_policy": "noisy-quantile",
            "cat_policy": "ordinal"
        },
        "optimizer": {
            "type": "AdamW",
            "lr": 0.0002726699238570058,
            "weight_decay": 0.002005501913039345
        },
        "model": {
            "arch_type": "plain",
            "backbone": {
                "type": "MLP",
                "n_blocks": 3,
                "d_block": 240,
                "dropout": 0.2588303575526417
            },
            "num_embeddings": {
                "type": "PiecewiseLinearEmbeddings",
                "d_embedding": 20
            }
        },
        "bins": {
            "n_bins": 122
        }
    },
    "n_parameters": 183541,
    "prediction_type": "labels",
    "epoch_size": 98,
    "best_step": 5782,
    "metrics": {
        "train": {
            "rmse": 0.3523556028516619,
            "mae": 0.21789827942848206,
            "r2": 0.6497663259506226,
            "score": -0.3523556028516619
        },
        "val": {
            "rmse": 0.366679103416432,
            "mae": 0.22560210525989532,
            "r2": 0.6239058375358582,
            "score": -0.366679103416432
        },
        "test": {
            "rmse": 0.36732520909737987,
            "mae": 0.22507934272289276,
            "r2": 0.6210733652114868,
            "score": -0.36732520909737987
        }
    },
    "time": "0:01:18.911800",
    "chunk_size": null,
    "eval_batch_size": 32768
}