{
    "function": "_bin.model.main",
    "gpus": [
        "NVIDIA A100-SXM4-40GB"
    ],
    "config": {
        "seed": 5,
        "batch_size": 512,
        "patience": 16,
        "n_epochs": -1,
        "gradient_clipping_norm": 1.0,
        "amp": true,
        "data": {
            "cache": true,
            "path": "data/classif-cat-large-0-road-safety",
            "num_policy": "noisy-quantile",
            "cat_policy": "ordinal"
        },
        "optimizer": {
            "type": "AdamW",
            "lr": 0.0014163501429175726,
            "weight_decay": 0.0
        },
        "model": {
            "arch_type": "tabm-mini",
            "k": 32,
            "backbone": {
                "type": "MLP",
                "n_blocks": 3,
                "d_block": 992,
                "dropout": 0.2766285061331004
            },
            "num_embeddings": {
                "type": "PiecewiseLinearEmbeddings",
                "d_embedding": 32
            }
        },
        "bins": {
            "n_bins": 41
        }
    },
    "n_parameters": 3030976,
    "prediction_type": "probs",
    "epoch_size": 98,
    "best_step": 6370,
    "metrics": {
        "train": {
            "0": {
                "precision": 0.9787601381193287,
                "recall": 0.9701130213307864,
                "f1-score": 0.974417396170604,
                "support": 25128.0
            },
            "1": {
                "precision": 0.9700725272973619,
                "recall": 0.978731103248633,
                "f1-score": 0.9743825801545051,
                "support": 24872.0
            },
            "accuracy": 0.9744,
            "macro avg": {
                "precision": 0.9744163327083453,
                "recall": 0.9744220622897097,
                "f1-score": 0.9743999881625545,
                "support": 50000.0
            },
            "weighted avg": {
                "precision": 0.9744385729920496,
                "recall": 0.9744,
                "f1-score": 0.9744000772915556,
                "support": 50000.0
            },
            "cross-entropy": 0.14987634429990598,
            "roc-auc": 0.9979771517722473,
            "score": 0.9744
        },
        "val": {
            "0": {
                "precision": 0.8179795282599021,
                "recall": 0.7869835153072148,
                "f1-score": 0.8021822149481724,
                "support": 9342.0
            },
            "1": {
                "precision": 0.7914046121593291,
                "recall": 0.8219028957108644,
                "f1-score": 0.8063654811492044,
                "support": 9186.0
            },
            "accuracy": 0.8042962003454232,
            "macro avg": {
                "precision": 0.8046920702096156,
                "recall": 0.8044432055090396,
                "f1-score": 0.8042738480486884,
                "support": 18528.0
            },
            "weighted avg": {
                "precision": 0.8048039464755831,
                "recall": 0.8042962003454232,
                "f1-score": 0.8042562371482308,
                "support": 18528.0
            },
            "cross-entropy": 0.3898906713894945,
            "roc-auc": 0.9018205451940378,
            "score": 0.8042962003454232
        },
        "test": {
            "0": {
                "precision": 0.8119937542695423,
                "recall": 0.7772173182009248,
                "f1-score": 0.7942250328123136,
                "support": 21411.0
            },
            "1": {
                "precision": 0.7902374670184696,
                "recall": 0.823443156302983,
                "f1-score": 0.806498664811615,
                "support": 21823.0
            },
            "accuracy": 0.8005504926678078,
            "macro avg": {
                "precision": 0.801115610644006,
                "recall": 0.8003302372519538,
                "f1-score": 0.8003618488119644,
                "support": 43234.0
            },
            "weighted avg": {
                "precision": 0.8010119469725039,
                "recall": 0.8005504926678078,
                "f1-score": 0.8004203298267178,
                "support": 43234.0
            },
            "cross-entropy": 0.397502479924331,
            "roc-auc": 0.8985386647242128,
            "score": 0.8005504926678078
        }
    },
    "time": "0:01:09.599857",
    "chunk_size": null,
    "eval_batch_size": 32768
}