{
    "function": "_bin.model.main",
    "gpus": [
        "NVIDIA A100-SXM4-40GB"
    ],
    "config": {
        "seed": 9,
        "batch_size": 512,
        "patience": 16,
        "n_epochs": -1,
        "gradient_clipping_norm": 1.0,
        "amp": true,
        "data": {
            "cache": true,
            "path": "data/classif-cat-large-0-road-safety",
            "num_policy": "noisy-quantile",
            "cat_policy": "ordinal"
        },
        "optimizer": {
            "type": "AdamW",
            "lr": 0.0014163501429175726,
            "weight_decay": 0.0
        },
        "model": {
            "arch_type": "tabm-mini",
            "k": 32,
            "backbone": {
                "type": "MLP",
                "n_blocks": 3,
                "d_block": 992,
                "dropout": 0.2766285061331004
            },
            "num_embeddings": {
                "type": "PiecewiseLinearEmbeddings",
                "d_embedding": 32
            }
        },
        "bins": {
            "n_bins": 41
        }
    },
    "n_parameters": 3030976,
    "prediction_type": "probs",
    "epoch_size": 98,
    "best_step": 9408,
    "metrics": {
        "train": {
            "0": {
                "precision": 0.9988738285806218,
                "recall": 0.9883397007322509,
                "f1-score": 0.9935788441919545,
                "support": 25128.0
            },
            "1": {
                "precision": 0.9883438755619207,
                "recall": 0.9988742360887746,
                "f1-score": 0.9935811553920294,
                "support": 24872.0
            },
            "accuracy": 0.99358,
            "macro avg": {
                "precision": 0.9936088520712713,
                "recall": 0.9936069684105127,
                "f1-score": 0.993579999791992,
                "support": 50000.0
            },
            "weighted avg": {
                "precision": 0.9936358087509991,
                "recall": 0.99358,
                "f1-score": 0.9935799938753198,
                "support": 50000.0
            },
            "cross-entropy": 0.10021571839754073,
            "roc-auc": 0.9999369599474427,
            "score": 0.99358
        },
        "val": {
            "0": {
                "precision": 0.837138508371385,
                "recall": 0.7653607364590024,
                "f1-score": 0.7996421182128278,
                "support": 9342.0
            },
            "1": {
                "precision": 0.7805146690697907,
                "recall": 0.8485739168299586,
                "f1-score": 0.813122620351536,
                "support": 9186.0
            },
            "accuracy": 0.8066170120898101,
            "macro avg": {
                "precision": 0.8088265887205879,
                "recall": 0.8069673266444806,
                "f1-score": 0.8063823692821819,
                "support": 18528.0
            },
            "weighted avg": {
                "precision": 0.8090649662824146,
                "recall": 0.8066170120898101,
                "f1-score": 0.8063256184635929,
                "support": 18528.0
            },
            "cross-entropy": 0.39442739133467974,
            "roc-auc": 0.9029913111847295,
            "score": 0.8066170120898101
        },
        "test": {
            "0": {
                "precision": 0.8310141206675224,
                "recall": 0.7558731493157723,
                "f1-score": 0.7916646284791861,
                "support": 21411.0
            },
            "1": {
                "precision": 0.7799991582137296,
                "recall": 0.849195802593594,
                "f1-score": 0.8131279891185117,
                "support": 21823.0
            },
            "accuracy": 0.8029791367904889,
            "macro avg": {
                "precision": 0.8055066394406261,
                "recall": 0.8025344759546831,
                "f1-score": 0.8023963087988488,
                "support": 43234.0
            },
            "weighted avg": {
                "precision": 0.8052635649560658,
                "recall": 0.8029791367904889,
                "f1-score": 0.8024985767428676,
                "support": 43234.0
            },
            "cross-entropy": 0.40071337414522873,
            "roc-auc": 0.9002579801364811,
            "score": 0.8029791367904889
        }
    },
    "time": "0:01:31.990143",
    "chunk_size": null,
    "eval_batch_size": 32768
}