{
    "function": "_bin.model.main",
    "gpus": [
        "NVIDIA A100-SXM4-40GB"
    ],
    "config": {
        "seed": 10,
        "batch_size": 512,
        "patience": 16,
        "n_epochs": -1,
        "gradient_clipping_norm": 1.0,
        "amp": true,
        "data": {
            "cache": true,
            "path": "data/classif-cat-large-0-road-safety",
            "num_policy": "noisy-quantile",
            "cat_policy": "ordinal"
        },
        "optimizer": {
            "type": "AdamW",
            "lr": 0.0014163501429175726,
            "weight_decay": 0.0
        },
        "model": {
            "arch_type": "tabm-mini",
            "k": 32,
            "backbone": {
                "type": "MLP",
                "n_blocks": 3,
                "d_block": 992,
                "dropout": 0.2766285061331004
            },
            "num_embeddings": {
                "type": "PiecewiseLinearEmbeddings",
                "d_embedding": 32
            }
        },
        "bins": {
            "n_bins": 41
        }
    },
    "n_parameters": 3030976,
    "prediction_type": "probs",
    "epoch_size": 98,
    "best_step": 5684,
    "metrics": {
        "train": {
            "0": {
                "precision": 0.9520945918491731,
                "recall": 0.9325055714740529,
                "f1-score": 0.9421982749954764,
                "support": 25128.0
            },
            "1": {
                "precision": 0.9331994170703848,
                "recall": 0.9525972981666131,
                "f1-score": 0.9427985913531366,
                "support": 24872.0
            },
            "accuracy": 0.9425,
            "macro avg": {
                "precision": 0.942647004459779,
                "recall": 0.942551434820333,
                "f1-score": 0.9424984331743065,
                "support": 50000.0
            },
            "weighted avg": {
                "precision": 0.9426953761072127,
                "recall": 0.9425,
                "f1-score": 0.9424968963644309,
                "support": 50000.0
            },
            "cross-entropy": 0.21201732546858781,
            "roc-auc": 0.9904898962983375,
            "score": 0.9425
        },
        "val": {
            "0": {
                "precision": 0.8145482728077945,
                "recall": 0.7875187326054378,
                "f1-score": 0.8008054860128442,
                "support": 9342.0
            },
            "1": {
                "precision": 0.7909646166807077,
                "recall": 0.8176573045939474,
                "f1-score": 0.8040894979124291,
                "support": 9186.0
            },
            "accuracy": 0.802461139896373,
            "macro avg": {
                "precision": 0.8027564447442511,
                "recall": 0.8025880185996925,
                "f1-score": 0.8024474919626366,
                "support": 18528.0
            },
            "weighted avg": {
                "precision": 0.8028557282706928,
                "recall": 0.802461139896373,
                "f1-score": 0.8024336667830076,
                "support": 18528.0
            },
            "cross-entropy": 0.38685785429925845,
            "roc-auc": 0.8997084761220371,
            "score": 0.802461139896373
        },
        "test": {
            "0": {
                "precision": 0.8071909676794108,
                "recall": 0.7780113026014666,
                "f1-score": 0.7923325722983258,
                "support": 21411.0
            },
            "1": {
                "precision": 0.7896623445590123,
                "recall": 0.8176694313339138,
                "f1-score": 0.8034218820351193,
                "support": 21823.0
            },
            "accuracy": 0.7980293287690243,
            "macro avg": {
                "precision": 0.7984266561192115,
                "recall": 0.7978403669676901,
                "f1-score": 0.7978772271667225,
                "support": 43234.0
            },
            "weighted avg": {
                "precision": 0.7983431362884579,
                "recall": 0.7980293287690243,
                "f1-score": 0.7979300651601023,
                "support": 43234.0
            },
            "cross-entropy": 0.39427720391634163,
            "roc-auc": 0.8961021264460334,
            "score": 0.7980293287690243
        }
    },
    "time": "0:01:02.608361",
    "chunk_size": null,
    "eval_batch_size": 32768
}