{
    "function": "_bin.model.main",
    "gpus": [
        "NVIDIA A100-SXM4-40GB"
    ],
    "config": {
        "seed": 10,
        "batch_size": 512,
        "patience": 16,
        "n_epochs": -1,
        "gradient_clipping_norm": 1.0,
        "amp": true,
        "data": {
            "cache": true,
            "path": "data/classif-num-large-0-jannis",
            "num_policy": "noisy-quantile"
        },
        "optimizer": {
            "type": "AdamW",
            "lr": 0.004157352859011471,
            "weight_decay": 0.0002876199545467971
        },
        "model": {
            "arch_type": "tabm-mini",
            "k": 32,
            "backbone": {
                "type": "MLP",
                "n_blocks": 3,
                "d_block": 528,
                "dropout": 0.0
            },
            "num_embeddings": {
                "type": "PiecewiseLinearEmbeddings",
                "d_embedding": 12
            }
        },
        "bins": {
            "n_bins": 9
        }
    },
    "n_parameters": 963016,
    "prediction_type": "probs",
    "epoch_size": 79,
    "best_step": 1106,
    "metrics": {
        "train": {
            "0": {
                "precision": 0.9103705978705978,
                "recall": 0.8815365551425031,
                "f1-score": 0.8957215884767444,
                "support": 20175.0
            },
            "1": {
                "precision": 0.8849301877708233,
                "recall": 0.9130197208285729,
                "f1-score": 0.8987555316495929,
                "support": 20131.0
            },
            "accuracy": 0.8972609537041631,
            "macro avg": {
                "precision": 0.8976503928207106,
                "recall": 0.8972781379855379,
                "f1-score": 0.8972385600631687,
                "support": 40306.0
            },
            "weighted avg": {
                "precision": 0.8976642788183834,
                "recall": 0.8972609537041631,
                "f1-score": 0.8972369040628263,
                "support": 40306.0
            },
            "cross-entropy": 0.284905346382001,
            "roc-auc": 0.9619165125183456,
            "score": 0.8972609537041631
        },
        "val": {
            "0": {
                "precision": 0.8272764393630053,
                "recall": 0.7901716068642746,
                "f1-score": 0.8082984240973469,
                "support": 2564.0
            },
            "1": {
                "precision": 0.8031467252103915,
                "recall": 0.8384262796027502,
                "f1-score": 0.8204074004858904,
                "support": 2618.0
            },
            "accuracy": 0.8145503666538016,
            "macro avg": {
                "precision": 0.8152115822866984,
                "recall": 0.8142989432335124,
                "f1-score": 0.8143529122916187,
                "support": 5182.0
            },
            "weighted avg": {
                "precision": 0.8150858581874857,
                "recall": 0.8145503666538016,
                "f1-score": 0.8144160042179966,
                "support": 5182.0
            },
            "cross-entropy": 0.4235531197583698,
            "roc-auc": 0.8857276636367212,
            "score": 0.8145503666538016
        },
        "test": {
            "0": {
                "precision": 0.8197794624396968,
                "recall": 0.7863163113534953,
                "f1-score": 0.8026992830029523,
                "support": 6051.0
            },
            "1": {
                "precision": 0.7943702290076335,
                "recall": 0.8268498592948187,
                "f1-score": 0.8102846946224349,
                "support": 6041.0
            },
            "accuracy": 0.8065663248428713,
            "macro avg": {
                "precision": 0.8070748457236652,
                "recall": 0.806583085324157,
                "f1-score": 0.8064919888126936,
                "support": 12092.0
            },
            "weighted avg": {
                "precision": 0.8070853523534336,
                "recall": 0.8065663248428713,
                "f1-score": 0.8064888522713359,
                "support": 12092.0
            },
            "cross-entropy": 0.43131627234138953,
            "roc-auc": 0.8818609386292768,
            "score": 0.8065663248428713
        }
    },
    "time": "0:00:14.306582",
    "chunk_size": null,
    "eval_batch_size": 32768
}