{
    "function": "_bin.model.main",
    "gpus": [
        "NVIDIA A100-SXM4-40GB"
    ],
    "config": {
        "seed": 7,
        "batch_size": 512,
        "patience": 16,
        "n_epochs": -1,
        "gradient_clipping_norm": 1.0,
        "amp": true,
        "data": {
            "cache": true,
            "path": "data/regression-num-large-0-year",
            "num_policy": "noisy-quantile"
        },
        "optimizer": {
            "type": "AdamW",
            "lr": 0.0029232454363218546,
            "weight_decay": 0.0
        },
        "model": {
            "arch_type": "tabm-mini",
            "k": 32,
            "backbone": {
                "type": "MLP",
                "n_blocks": 3,
                "d_block": 640,
                "dropout": 0.31823104942087554
            },
            "num_embeddings": {
                "type": "PiecewiseLinearEmbeddings",
                "d_embedding": 20
            }
        },
        "bins": {
            "n_bins": 2
        }
    },
    "n_parameters": 2058432,
    "prediction_type": "labels",
    "epoch_size": 98,
    "best_step": 3136,
    "metrics": {
        "train": {
            "rmse": 7.424727299367345,
            "mae": 5.293446063995361,
            "r2": 0.5436674356460571,
            "score": -7.424727299367345
        },
        "val": {
            "rmse": 8.791356037552108,
            "mae": 6.037248611450195,
            "r2": 0.3304669260978699,
            "score": -8.791356037552108
        },
        "test": {
            "rmse": 8.884555454414059,
            "mae": 6.042989730834961,
            "r2": 0.33533620834350586,
            "score": -8.884555454414059
        }
    },
    "time": "0:00:29.613661",
    "chunk_size": null,
    "eval_batch_size": 32768
}