{
    "function": "_bin.model.main",
    "gpus": [
        "Tesla V100-PCIE-16GB"
    ],
    "config": {
        "seed": 0,
        "batch_size": 512,
        "patience": 16,
        "n_epochs": -1,
        "gradient_clipping_norm": 1.0,
        "amp": true,
        "data": {
            "cache": true,
            "path": "data/regression-cat-large-0-particulate-matter-ukair-2017",
            "num_policy": "noisy-quantile",
            "cat_policy": "ordinal"
        },
        "optimizer": {
            "type": "AdamW",
            "lr": 6.889031839851212e-05,
            "weight_decay": 0.0
        },
        "model": {
            "arch_type": "plain",
            "backbone": {
                "type": "MLP",
                "n_blocks": 1,
                "d_block": 272,
                "dropout": 0.30553863189595615
            },
            "num_embeddings": {
                "type": "PiecewiseLinearEmbeddings",
                "d_embedding": 32
            }
        },
        "bins": {
            "n_bins": 42
        }
    },
    "n_parameters": 37137,
    "prediction_type": "labels",
    "epoch_size": 98,
    "best_step": 64778,
    "metrics": {
        "train": {
            "rmse": 0.34949819832311513,
            "mae": 0.24082714319229126,
            "r2": 0.7375059127807617,
            "score": -0.34949819832311513
        },
        "val": {
            "rmse": 0.3689482051156396,
            "mae": 0.25452765822410583,
            "r2": 0.7043310403823853,
            "score": -0.3689482051156396
        },
        "test": {
            "rmse": 0.3642809249458915,
            "mae": 0.25153979659080505,
            "r2": 0.7126740217208862,
            "score": -0.3642809249458915
        }
    },
    "time": "0:08:34.883967",
    "chunk_size": null,
    "eval_batch_size": 32768
}