{
    "function": "_bin.model.main",
    "gpus": [
        "NVIDIA A100-SXM4-40GB"
    ],
    "config": {
        "seed": 5,
        "batch_size": 512,
        "patience": 16,
        "n_epochs": -1,
        "gradient_clipping_norm": 1.0,
        "amp": true,
        "data": {
            "cache": true,
            "path": "data/classif-num-large-0-MiniBooNE",
            "num_policy": "noisy-quantile"
        },
        "optimizer": {
            "type": "AdamW",
            "lr": 0.0036908332048455257,
            "weight_decay": 0.005798060111967995
        },
        "model": {
            "arch_type": "tabm-mini",
            "k": 32,
            "backbone": {
                "type": "MLP",
                "n_blocks": 3,
                "d_block": 480,
                "dropout": 0.10621825071291778
            },
            "num_embeddings": {
                "type": "PiecewiseLinearEmbeddings",
                "d_embedding": 24
            }
        },
        "bins": {
            "n_bins": 2
        }
    },
    "n_parameters": 1112224,
    "prediction_type": "probs",
    "epoch_size": 98,
    "best_step": 4018,
    "metrics": {
        "train": {
            "0": {
                "precision": 0.9935311716665319,
                "recall": 0.9783032764043155,
                "f1-score": 0.9858584237658716,
                "support": 25119.0
            },
            "1": {
                "precision": 0.9784295100134568,
                "recall": 0.9935693902978177,
                "f1-score": 0.9859413324825015,
                "support": 24881.0
            },
            "accuracy": 0.9859,
            "macro avg": {
                "precision": 0.9859803408399943,
                "recall": 0.9859363333510666,
                "f1-score": 0.9858998781241866,
                "support": 50000.0
            },
            "weighted avg": {
                "precision": 0.9860162827947287,
                "recall": 0.9859,
                "f1-score": 0.9858996808014409,
                "support": 50000.0
            },
            "cross-entropy": 0.056811436737404374,
            "roc-auc": 0.998953973099541,
            "score": 0.9859
        },
        "val": {
            "0": {
                "precision": 0.9659487776484285,
                "recall": 0.9434337691870381,
                "f1-score": 0.9545585274662065,
                "support": 3518.0
            },
            "1": {
                "precision": 0.9425353739532197,
                "recall": 0.9653948535936113,
                "f1-score": 0.9538281706604325,
                "support": 3381.0
            },
            "accuracy": 0.9541962603275838,
            "macro avg": {
                "precision": 0.9542420758008241,
                "recall": 0.9544143113903247,
                "f1-score": 0.9541933490633194,
                "support": 6899.0
            },
            "weighted avg": {
                "precision": 0.9544745469057845,
                "recall": 0.9541962603275838,
                "f1-score": 0.9542006007579412,
                "support": 6899.0
            },
            "cross-entropy": 0.13077474416160753,
            "roc-auc": 0.9878222935613674,
            "score": 0.9541962603275838
        },
        "test": {
            "0": {
                "precision": 0.9533898305084746,
                "recall": 0.9444161790892902,
                "f1-score": 0.9488817891373802,
                "support": 7862.0
            },
            "1": {
                "precision": 0.9474190831428227,
                "recall": 0.9559305572417142,
                "f1-score": 0.951655789219241,
                "support": 8237.0
            },
            "accuracy": 0.9503074725138208,
            "macro avg": {
                "precision": 0.9504044568256487,
                "recall": 0.9501733681655022,
                "f1-score": 0.9502687891783106,
                "support": 16099.0
            },
            "weighted avg": {
                "precision": 0.9503349174051219,
                "recall": 0.9503074725138208,
                "f1-score": 0.9503010970865874,
                "support": 16099.0
            },
            "cross-entropy": 0.1390561223765095,
            "roc-auc": 0.9872059908497457,
            "score": 0.9503074725138208
        }
    },
    "time": "0:00:34.104921",
    "chunk_size": null,
    "eval_batch_size": 32768
}