{
    "function": "_bin.model.main",
    "gpus": [
        "NVIDIA A100-SXM4-40GB"
    ],
    "config": {
        "seed": 4,
        "batch_size": 512,
        "patience": 16,
        "n_epochs": -1,
        "gradient_clipping_norm": 1.0,
        "amp": true,
        "data": {
            "cache": true,
            "path": "data/regression-cat-large-0-particulate-matter-ukair-2017",
            "num_policy": "noisy-quantile",
            "cat_policy": "ordinal"
        },
        "optimizer": {
            "type": "AdamW",
            "lr": 0.0006270838221461209,
            "weight_decay": 0.0
        },
        "model": {
            "arch_type": "tabm-mini",
            "k": 32,
            "backbone": {
                "type": "MLP",
                "n_blocks": 3,
                "d_block": 944,
                "dropout": 0.28165809461236535
            },
            "num_embeddings": {
                "type": "PiecewiseLinearEmbeddings",
                "d_embedding": 32
            }
        },
        "bins": {
            "n_bins": 74
        }
    },
    "n_parameters": 1938784,
    "prediction_type": "labels",
    "epoch_size": 98,
    "best_step": 5390,
    "metrics": {
        "train": {
            "rmse": 0.3288091837982784,
            "mae": 0.2279246300458908,
            "r2": 0.7676634788513184,
            "score": -0.3288091837982784
        },
        "val": {
            "rmse": 0.3643194560644866,
            "mae": 0.2493513524532318,
            "r2": 0.7117033004760742,
            "score": -0.3643194560644866
        },
        "test": {
            "rmse": 0.36090762439954605,
            "mae": 0.24687634408473969,
            "r2": 0.7179707288742065,
            "score": -0.36090762439954605
        }
    },
    "time": "0:00:48.247227",
    "chunk_size": null,
    "eval_batch_size": 32768
}