{
    "function": "_bin.model.main",
    "gpus": [
        "NVIDIA A100-SXM4-40GB"
    ],
    "config": {
        "seed": 2,
        "batch_size": 512,
        "patience": 16,
        "n_epochs": -1,
        "gradient_clipping_norm": 1.0,
        "amp": true,
        "data": {
            "cache": true,
            "path": "data/classif-cat-large-0-road-safety",
            "num_policy": "noisy-quantile",
            "cat_policy": "ordinal"
        },
        "optimizer": {
            "type": "AdamW",
            "lr": 0.0014163501429175726,
            "weight_decay": 0.0
        },
        "model": {
            "arch_type": "tabm-mini",
            "k": 32,
            "backbone": {
                "type": "MLP",
                "n_blocks": 3,
                "d_block": 992,
                "dropout": 0.2766285061331004
            },
            "num_embeddings": {
                "type": "PiecewiseLinearEmbeddings",
                "d_embedding": 32
            }
        },
        "bins": {
            "n_bins": 41
        }
    },
    "n_parameters": 3030976,
    "prediction_type": "probs",
    "epoch_size": 98,
    "best_step": 5782,
    "metrics": {
        "train": {
            "0": {
                "precision": 0.9665547681213478,
                "recall": 0.9281279847182426,
                "f1-score": 0.9469517022961204,
                "support": 25128.0
            },
            "1": {
                "precision": 0.9301921069923853,
                "recall": 0.967553875844323,
                "f1-score": 0.9485052125416313,
                "support": 24872.0
            },
            "accuracy": 0.94774,
            "macro avg": {
                "precision": 0.9483734375568665,
                "recall": 0.9478409302812828,
                "f1-score": 0.9477284574188758,
                "support": 50000.0
            },
            "weighted avg": {
                "precision": 0.9484665259693568,
                "recall": 0.94774,
                "f1-score": 0.9477244804326473,
                "support": 50000.0
            },
            "cross-entropy": 0.203034950138102,
            "roc-auc": 0.9922376941158085,
            "score": 0.94774
        },
        "val": {
            "0": {
                "precision": 0.8262306289881495,
                "recall": 0.7761721258831086,
                "f1-score": 0.8004194723479413,
                "support": 9342.0
            },
            "1": {
                "precision": 0.7855824446267432,
                "recall": 0.8339865011974744,
                "f1-score": 0.8090611469004119,
                "support": 9186.0
            },
            "accuracy": 0.8048359240069085,
            "macro avg": {
                "precision": 0.8059065368074463,
                "recall": 0.8050793135402915,
                "f1-score": 0.8047403096241765,
                "support": 18528.0
            },
            "weighted avg": {
                "precision": 0.8060776593452373,
                "recall": 0.8048359240069085,
                "f1-score": 0.8047039295175762,
                "support": 18528.0
            },
            "cross-entropy": 0.3846057918487069,
            "roc-auc": 0.9016198241410899,
            "score": 0.8048359240069085
        },
        "test": {
            "0": {
                "precision": 0.8172818625012437,
                "recall": 0.7673158656765214,
                "f1-score": 0.7915110929106545,
                "support": 21411.0
            },
            "1": {
                "precision": 0.784627356043576,
                "recall": 0.831691334830225,
                "f1-score": 0.8074741408074741,
                "support": 21823.0
            },
            "accuracy": 0.7998103344589906,
            "macro avg": {
                "precision": 0.8009546092724098,
                "recall": 0.7995036002533732,
                "f1-score": 0.7994926168590644,
                "support": 43234.0
            },
            "weighted avg": {
                "precision": 0.8007990181096611,
                "recall": 0.7998103344589906,
                "f1-score": 0.7995686770863564,
                "support": 43234.0
            },
            "cross-entropy": 0.39067551042528087,
            "roc-auc": 0.897588122491086,
            "score": 0.7998103344589906
        }
    },
    "time": "0:01:05.234725",
    "chunk_size": null,
    "eval_batch_size": 32768
}