{
    "function": "_bin.model.main",
    "gpus": [
        "Tesla V100-PCIE-16GB"
    ],
    "config": {
        "seed": 13,
        "batch_size": 512,
        "patience": 16,
        "n_epochs": -1,
        "gradient_clipping_norm": 1.0,
        "amp": true,
        "data": {
            "cache": true,
            "path": "data/classif-num-large-0-jannis",
            "num_policy": "noisy-quantile"
        },
        "optimizer": {
            "type": "AdamW",
            "lr": 3.442010718833056e-05,
            "weight_decay": 0.0
        },
        "model": {
            "arch_type": "plain",
            "backbone": {
                "type": "MLP",
                "n_blocks": 5,
                "d_block": 384,
                "dropout": 0.37805288910390616
            },
            "num_embeddings": {
                "type": "PiecewiseLinearEmbeddings",
                "d_embedding": 24
            }
        },
        "bins": {
            "n_bins": 45
        }
    },
    "n_parameters": 1151090,
    "prediction_type": "probs",
    "epoch_size": 79,
    "best_step": 3634,
    "metrics": {
        "train": {
            "0": {
                "precision": 0.8764063088765678,
                "recall": 0.8069888475836431,
                "f1-score": 0.840266308835673,
                "support": 20175.0
            },
            "1": {
                "precision": 0.8207924893000138,
                "recall": 0.8859470468431772,
                "f1-score": 0.8521261347348303,
                "support": 20131.0
            },
            "accuracy": 0.8464248498982782,
            "macro avg": {
                "precision": 0.8485993990882907,
                "recall": 0.8464679472134101,
                "f1-score": 0.8461962217852517,
                "support": 40306.0
            },
            "weighted avg": {
                "precision": 0.8486297544703849,
                "recall": 0.8464248498982782,
                "f1-score": 0.8461897484023861,
                "support": 40306.0
            },
            "cross-entropy": 0.3694704797325964,
            "roc-auc": 0.9142784267385675,
            "score": 0.8464248498982782
        },
        "val": {
            "0": {
                "precision": 0.8294473229706391,
                "recall": 0.749219968798752,
                "f1-score": 0.7872950819672131,
                "support": 2564.0
            },
            "1": {
                "precision": 0.775645498953245,
                "recall": 0.8491214667685256,
                "f1-score": 0.8107221006564551,
                "support": 2618.0
            },
            "accuracy": 0.7996912389038981,
            "macro avg": {
                "precision": 0.802546410961942,
                "recall": 0.7991707177836388,
                "f1-score": 0.7990085913118341,
                "support": 5182.0
            },
            "weighted avg": {
                "precision": 0.8022660849780614,
                "recall": 0.7996912389038981,
                "f1-score": 0.799130654126309,
                "support": 5182.0
            },
            "cross-entropy": 0.4580345294528924,
            "roc-auc": 0.8667719818036419,
            "score": 0.7996912389038981
        },
        "test": {
            "0": {
                "precision": 0.8167634252539913,
                "recall": 0.7440092546686498,
                "f1-score": 0.7786906512150826,
                "support": 6051.0
            },
            "1": {
                "precision": 0.7645896656534954,
                "recall": 0.8328091375600066,
                "f1-score": 0.7972426907535061,
                "support": 6041.0
            },
            "accuracy": 0.7883724776711876,
            "macro avg": {
                "precision": 0.7906765454537433,
                "recall": 0.7884091961143282,
                "f1-score": 0.7879666709842943,
                "support": 12092.0
            },
            "weighted avg": {
                "precision": 0.7906981191221194,
                "recall": 0.7883724776711876,
                "f1-score": 0.7879589997803834,
                "support": 12092.0
            },
            "cross-entropy": 0.4608124387986692,
            "roc-auc": 0.8670438009250457,
            "score": 0.7883724776711876
        }
    },
    "time": "0:01:02.125078",
    "chunk_size": null,
    "eval_batch_size": 32768
}