{
    "function": "_bin.model.main",
    "gpus": [
        "Tesla V100-PCIE-16GB"
    ],
    "config": {
        "seed": 8,
        "batch_size": 512,
        "patience": 16,
        "n_epochs": -1,
        "gradient_clipping_norm": 1.0,
        "amp": true,
        "data": {
            "cache": true,
            "path": "data/regression-cat-large-0-particulate-matter-ukair-2017",
            "num_policy": "noisy-quantile",
            "cat_policy": "ordinal"
        },
        "optimizer": {
            "type": "AdamW",
            "lr": 6.889031839851212e-05,
            "weight_decay": 0.0
        },
        "model": {
            "arch_type": "plain",
            "backbone": {
                "type": "MLP",
                "n_blocks": 1,
                "d_block": 272,
                "dropout": 0.30553863189595615
            },
            "num_embeddings": {
                "type": "PiecewiseLinearEmbeddings",
                "d_embedding": 32
            }
        },
        "bins": {
            "n_bins": 42
        }
    },
    "n_parameters": 37137,
    "prediction_type": "labels",
    "epoch_size": 98,
    "best_step": 58898,
    "metrics": {
        "train": {
            "rmse": 0.35173629067945567,
            "mae": 0.24253493547439575,
            "r2": 0.734133243560791,
            "score": -0.35173629067945567
        },
        "val": {
            "rmse": 0.3691868021506215,
            "mae": 0.2546691298484802,
            "r2": 0.7039484977722168,
            "score": -0.3691868021506215
        },
        "test": {
            "rmse": 0.36455317327091186,
            "mae": 0.2516029477119446,
            "r2": 0.7122443914413452,
            "score": -0.36455317327091186
        }
    },
    "time": "0:07:47.739807",
    "chunk_size": null,
    "eval_batch_size": 32768
}