{
    "function": "_bin.model.main",
    "gpus": [
        "NVIDIA A100-SXM4-40GB"
    ],
    "config": {
        "seed": 0,
        "batch_size": 512,
        "patience": 16,
        "n_epochs": -1,
        "gradient_clipping_norm": 1.0,
        "amp": true,
        "data": {
            "cache": true,
            "path": "data/classif-num-large-0-jannis",
            "num_policy": "noisy-quantile"
        },
        "optimizer": {
            "type": "AdamW",
            "lr": 0.004157352859011471,
            "weight_decay": 0.0002876199545467971
        },
        "model": {
            "arch_type": "tabm-mini",
            "k": 32,
            "backbone": {
                "type": "MLP",
                "n_blocks": 3,
                "d_block": 528,
                "dropout": 0.0
            },
            "num_embeddings": {
                "type": "PiecewiseLinearEmbeddings",
                "d_embedding": 12
            }
        },
        "bins": {
            "n_bins": 9
        }
    },
    "n_parameters": 963016,
    "prediction_type": "probs",
    "epoch_size": 79,
    "best_step": 1659,
    "metrics": {
        "train": {
            "0": {
                "precision": 0.9669003505257887,
                "recall": 0.9570755885997522,
                "f1-score": 0.9619628845435297,
                "support": 20175.0
            },
            "1": {
                "precision": 0.9574154209284028,
                "recall": 0.9671650687993641,
                "f1-score": 0.9622655497071688,
                "support": 20131.0
            },
            "accuracy": 0.9621148216146479,
            "macro avg": {
                "precision": 0.9621578857270958,
                "recall": 0.9621203286995581,
                "f1-score": 0.9621142171253493,
                "support": 40306.0
            },
            "weighted avg": {
                "precision": 0.9621630628335103,
                "recall": 0.9621148216146479,
                "f1-score": 0.962114051923305,
                "support": 40306.0
            },
            "cross-entropy": 0.1739630323854182,
            "roc-auc": 0.9942809073923913,
            "score": 0.9621148216146479
        },
        "val": {
            "0": {
                "precision": 0.8275862068965517,
                "recall": 0.7862714508580343,
                "f1-score": 0.8064,
                "support": 2564.0
            },
            "1": {
                "precision": 0.8004369992716679,
                "recall": 0.839572192513369,
                "f1-score": 0.819537658463833,
                "support": 2618.0
            },
            "accuracy": 0.8131995368583559,
            "macro avg": {
                "precision": 0.8140116030841098,
                "recall": 0.8129218216857017,
                "f1-score": 0.8129688292319165,
                "support": 5182.0
            },
            "weighted avg": {
                "precision": 0.8138701463867205,
                "recall": 0.8131995368583559,
                "f1-score": 0.8130372809452558,
                "support": 5182.0
            },
            "cross-entropy": 0.42518679459430014,
            "roc-auc": 0.8864565965373528,
            "score": 0.8131995368583559
        },
        "test": {
            "0": {
                "precision": 0.8184174153420871,
                "recall": 0.7828458106098165,
                "f1-score": 0.8002365064616944,
                "support": 6051.0
            },
            "1": {
                "precision": 0.7915609137055838,
                "recall": 0.8260221817579871,
                "f1-score": 0.808424463345484,
                "support": 6041.0
            },
            "accuracy": 0.8044161429043996,
            "macro avg": {
                "precision": 0.8049891645238354,
                "recall": 0.8044339961839018,
                "f1-score": 0.8043304849035893,
                "support": 12092.0
            },
            "weighted avg": {
                "precision": 0.8050002695939795,
                "recall": 0.8044161429043996,
                "f1-score": 0.8043270992118575,
                "support": 12092.0
            },
            "cross-entropy": 0.43282742489382187,
            "roc-auc": 0.8824161295653611,
            "score": 0.8044161429043996
        }
    },
    "time": "0:00:16.060349",
    "chunk_size": null,
    "eval_batch_size": 32768
}