{
    "function": "_bin.model.main",
    "gpus": [
        "Tesla V100-PCIE-16GB"
    ],
    "config": {
        "seed": 9,
        "batch_size": 512,
        "patience": 16,
        "n_epochs": -1,
        "gradient_clipping_norm": 1.0,
        "amp": true,
        "data": {
            "cache": true,
            "path": "data/regression-cat-large-0-particulate-matter-ukair-2017",
            "num_policy": "noisy-quantile",
            "cat_policy": "ordinal"
        },
        "optimizer": {
            "type": "AdamW",
            "lr": 6.889031839851212e-05,
            "weight_decay": 0.0
        },
        "model": {
            "arch_type": "plain",
            "backbone": {
                "type": "MLP",
                "n_blocks": 1,
                "d_block": 272,
                "dropout": 0.30553863189595615
            },
            "num_embeddings": {
                "type": "PiecewiseLinearEmbeddings",
                "d_embedding": 32
            }
        },
        "bins": {
            "n_bins": 42
        }
    },
    "n_parameters": 37137,
    "prediction_type": "labels",
    "epoch_size": 98,
    "best_step": 53606,
    "metrics": {
        "train": {
            "rmse": 0.3544865967701143,
            "mae": 0.24437735974788666,
            "r2": 0.72995924949646,
            "score": -0.3544865967701143
        },
        "val": {
            "rmse": 0.37004746960585455,
            "mae": 0.2555031180381775,
            "r2": 0.7025666236877441,
            "score": -0.37004746960585455
        },
        "test": {
            "rmse": 0.36479899521980025,
            "mae": 0.25195205211639404,
            "r2": 0.7118561863899231,
            "score": -0.36479899521980025
        }
    },
    "time": "0:07:08.238830",
    "chunk_size": null,
    "eval_batch_size": 32768
}