{
    "function": "_bin.model.main",
    "gpus": [
        "Tesla V100-PCIE-16GB"
    ],
    "config": {
        "seed": 2,
        "batch_size": 512,
        "patience": 16,
        "n_epochs": -1,
        "gradient_clipping_norm": 1.0,
        "amp": true,
        "data": {
            "cache": true,
            "path": "data/regression-num-large-0-year",
            "num_policy": "noisy-quantile"
        },
        "optimizer": {
            "type": "AdamW",
            "lr": 0.00028688680660058686,
            "weight_decay": 0.0002579640930923944
        },
        "model": {
            "arch_type": "plain",
            "backbone": {
                "type": "MLP",
                "n_blocks": 5,
                "d_block": 768,
                "dropout": 0.4767450471892426
            },
            "num_embeddings": {
                "type": "PiecewiseLinearEmbeddings",
                "d_embedding": 20
            }
        },
        "bins": {
            "n_bins": 17
        }
    },
    "n_parameters": 3780505,
    "prediction_type": "labels",
    "epoch_size": 98,
    "best_step": 882,
    "metrics": {
        "train": {
            "rmse": 8.164902113674046,
            "mae": 5.747565746307373,
            "r2": 0.44814831018447876,
            "score": -8.164902113674046
        },
        "val": {
            "rmse": 8.851283231472712,
            "mae": 6.181950569152832,
            "r2": 0.3213079571723938,
            "score": -8.851283231472712
        },
        "test": {
            "rmse": 8.927617084180852,
            "mae": 6.184238910675049,
            "r2": 0.3288775682449341,
            "score": -8.927617084180852
        }
    },
    "time": "0:00:31.879336",
    "chunk_size": null,
    "eval_batch_size": 32768
}