{
    "function": "_bin.model.main",
    "gpus": [
        "Tesla V100-PCIE-16GB"
    ],
    "config": {
        "seed": 11,
        "batch_size": 512,
        "patience": 16,
        "n_epochs": -1,
        "gradient_clipping_norm": 1.0,
        "amp": true,
        "data": {
            "cache": true,
            "path": "data/regression-num-large-0-year",
            "num_policy": "noisy-quantile"
        },
        "optimizer": {
            "type": "AdamW",
            "lr": 0.00028688680660058686,
            "weight_decay": 0.0002579640930923944
        },
        "model": {
            "arch_type": "plain",
            "backbone": {
                "type": "MLP",
                "n_blocks": 5,
                "d_block": 768,
                "dropout": 0.4767450471892426
            },
            "num_embeddings": {
                "type": "PiecewiseLinearEmbeddings",
                "d_embedding": 20
            }
        },
        "bins": {
            "n_bins": 17
        }
    },
    "n_parameters": 3780505,
    "prediction_type": "labels",
    "epoch_size": 98,
    "best_step": 784,
    "metrics": {
        "train": {
            "rmse": 8.379302328925197,
            "mae": 5.966277599334717,
            "r2": 0.41878587007522583,
            "score": -8.379302328925197
        },
        "val": {
            "rmse": 8.873271075268427,
            "mae": 6.28018856048584,
            "r2": 0.31793177127838135,
            "score": -8.873271075268427
        },
        "test": {
            "rmse": 8.931608806047084,
            "mae": 6.279754161834717,
            "r2": 0.3282772898674011,
            "score": -8.931608806047084
        }
    },
    "time": "0:00:30.208439",
    "chunk_size": null,
    "eval_batch_size": 32768
}