{
    "function": "_bin.model.main",
    "gpus": [
        "Tesla V100-PCIE-16GB"
    ],
    "config": {
        "seed": 0,
        "batch_size": 512,
        "patience": 16,
        "n_epochs": -1,
        "gradient_clipping_norm": 1.0,
        "amp": true,
        "data": {
            "cache": true,
            "path": "data/classif-num-large-0-jannis",
            "num_policy": "noisy-quantile"
        },
        "optimizer": {
            "type": "AdamW",
            "lr": 3.442010718833056e-05,
            "weight_decay": 0.0
        },
        "model": {
            "arch_type": "plain",
            "backbone": {
                "type": "MLP",
                "n_blocks": 5,
                "d_block": 384,
                "dropout": 0.37805288910390616
            },
            "num_embeddings": {
                "type": "PiecewiseLinearEmbeddings",
                "d_embedding": 24
            }
        },
        "bins": {
            "n_bins": 45
        }
    },
    "n_parameters": 1151090,
    "prediction_type": "probs",
    "epoch_size": 79,
    "best_step": 2528,
    "metrics": {
        "train": {
            "0": {
                "precision": 0.8480654125694741,
                "recall": 0.7865675340768278,
                "f1-score": 0.8161596420397562,
                "support": 20175.0
            },
            "1": {
                "precision": 0.8005927572473835,
                "recall": 0.8587750235954498,
                "f1-score": 0.8286638705811863,
                "support": 20131.0
            },
            "accuracy": 0.822631866223391,
            "macro avg": {
                "precision": 0.8243290849084288,
                "recall": 0.8226712788361388,
                "f1-score": 0.8224117563104713,
                "support": 40306.0
            },
            "weighted avg": {
                "precision": 0.8243549966440782,
                "recall": 0.822631866223391,
                "f1-score": 0.8224049311968923,
                "support": 40306.0
            },
            "cross-entropy": 0.4074010152308763,
            "roc-auc": 0.894357486345478,
            "score": 0.822631866223391
        },
        "val": {
            "0": {
                "precision": 0.8302693458743052,
                "recall": 0.7574102964118564,
                "f1-score": 0.7921680603712014,
                "support": 2564.0
            },
            "1": {
                "precision": 0.7812170242701372,
                "recall": 0.8483575248281131,
                "f1-score": 0.8134041384361839,
                "support": 2618.0
            },
            "accuracy": 0.803357776920108,
            "macro avg": {
                "precision": 0.8057431850722212,
                "recall": 0.8028839106199848,
                "f1-score": 0.8027860994036926,
                "support": 5182.0
            },
            "weighted avg": {
                "precision": 0.805487605627352,
                "recall": 0.803357776920108,
                "f1-score": 0.8028967466649344,
                "support": 5182.0
            },
            "cross-entropy": 0.45003699226601274,
            "roc-auc": 0.8678387891818193,
            "score": 0.803357776920108
        },
        "test": {
            "0": {
                "precision": 0.8107771652142984,
                "recall": 0.7534291852586349,
                "f1-score": 0.7810519102278568,
                "support": 6051.0
            },
            "1": {
                "precision": 0.769361570567321,
                "recall": 0.8238702201622248,
                "f1-score": 0.7956834532374101,
                "support": 6041.0
            },
            "accuracy": 0.788620575587165,
            "macro avg": {
                "precision": 0.7900693678908097,
                "recall": 0.7886497027104298,
                "f1-score": 0.7883676817326335,
                "support": 12092.0
            },
            "weighted avg": {
                "precision": 0.7900864930953445,
                "recall": 0.788620575587165,
                "f1-score": 0.7883616316404197,
                "support": 12092.0
            },
            "cross-entropy": 0.4565530579833623,
            "roc-auc": 0.865154203943958,
            "score": 0.788620575587165
        }
    },
    "time": "0:00:49.177894",
    "chunk_size": null,
    "eval_batch_size": 32768
}