{
    "function": "_bin.model.main",
    "gpus": [
        "Tesla V100-PCIE-16GB"
    ],
    "config": {
        "seed": 6,
        "batch_size": 512,
        "patience": 16,
        "n_epochs": -1,
        "gradient_clipping_norm": 1.0,
        "amp": true,
        "data": {
            "cache": true,
            "path": "data/classif-cat-large-0-road-safety",
            "num_policy": "noisy-quantile",
            "cat_policy": "ordinal"
        },
        "optimizer": {
            "type": "AdamW",
            "lr": 0.0005171502514831313,
            "weight_decay": 0.00010235561337628236
        },
        "model": {
            "arch_type": "plain",
            "backbone": {
                "type": "MLP",
                "n_blocks": 2,
                "d_block": 496,
                "dropout": 0.4582376177559271
            },
            "num_embeddings": {
                "type": "PiecewiseLinearEmbeddings",
                "d_embedding": 20
            }
        },
        "bins": {
            "n_bins": 22
        }
    },
    "n_parameters": 552578,
    "prediction_type": "probs",
    "epoch_size": 98,
    "best_step": 3528,
    "metrics": {
        "train": {
            "0": {
                "precision": 0.8426062091503268,
                "recall": 0.8208771092008914,
                "f1-score": 0.8315997419771005,
                "support": 25128.0
            },
            "1": {
                "precision": 0.823628526645768,
                "recall": 0.8450868446445803,
                "f1-score": 0.8342197174154627,
                "support": 24872.0
            },
            "accuracy": 0.83292,
            "macro avg": {
                "precision": 0.8331173678980475,
                "recall": 0.8329819769227358,
                "f1-score": 0.8329097296962816,
                "support": 50000.0
            },
            "weighted avg": {
                "precision": 0.833165950765259,
                "recall": 0.83292,
                "f1-score": 0.8329030225591595,
                "support": 50000.0
            },
            "cross-entropy": 0.33532835254211096,
            "roc-auc": 0.9272028924675042,
            "score": 0.83292
        },
        "val": {
            "0": {
                "precision": 0.8002612387068684,
                "recall": 0.7869835153072148,
                "f1-score": 0.793566841167899,
                "support": 9342.0
            },
            "1": {
                "precision": 0.7869607108446633,
                "recall": 0.8002394948835184,
                "f1-score": 0.7935445565930803,
                "support": 9186.0
            },
            "accuracy": 0.7935556994818653,
            "macro avg": {
                "precision": 0.7936109747757658,
                "recall": 0.7936115050953666,
                "f1-score": 0.7935556988804897,
                "support": 18528.0
            },
            "weighted avg": {
                "precision": 0.7936669679306262,
                "recall": 0.7935556994818653,
                "f1-score": 0.7935557926950857,
                "support": 18528.0
            },
            "cross-entropy": 0.40345093206626126,
            "roc-auc": 0.8907692052583625,
            "score": 0.7935556994818653
        },
        "test": {
            "0": {
                "precision": 0.7934022790385904,
                "recall": 0.7739479706692821,
                "f1-score": 0.7835543892001797,
                "support": 21411.0
            },
            "1": {
                "precision": 0.7834258099158762,
                "recall": 0.8022728314163955,
                "f1-score": 0.7927373163387743,
                "support": 21823.0
            },
            "accuracy": 0.7882453624462229,
            "macro avg": {
                "precision": 0.7884140444772333,
                "recall": 0.7881104010428388,
                "f1-score": 0.788145852769477,
                "support": 43234.0
            },
            "weighted avg": {
                "precision": 0.7883665089117228,
                "recall": 0.7882453624462229,
                "f1-score": 0.7881896072911624,
                "support": 43234.0
            },
            "cross-entropy": 0.4133873674444071,
            "roc-auc": 0.8864170345691196,
            "score": 0.7882453624462229
        }
    },
    "time": "0:00:48.899921",
    "chunk_size": null,
    "eval_batch_size": 32768
}