{
    "function": "_bin.model.main",
    "gpus": [
        "NVIDIA A100-SXM4-40GB"
    ],
    "config": {
        "seed": 10,
        "batch_size": 512,
        "patience": 16,
        "n_epochs": -1,
        "gradient_clipping_norm": 1.0,
        "amp": true,
        "data": {
            "cache": true,
            "path": "data/regression-cat-large-0-nyc-taxi-green-dec-2016",
            "num_policy": "noisy-quantile",
            "cat_policy": "ordinal"
        },
        "optimizer": {
            "type": "AdamW",
            "lr": 0.00012045339381143615,
            "weight_decay": 0.00028593738845718775
        },
        "model": {
            "arch_type": "tabm-mini",
            "k": 32,
            "backbone": {
                "type": "MLP",
                "n_blocks": 4,
                "d_block": 928,
                "dropout": 0.23456710406401882
            },
            "num_embeddings": {
                "type": "PiecewiseLinearEmbeddings",
                "d_embedding": 32
            }
        },
        "bins": {
            "n_bins": 122
        }
    },
    "n_parameters": 2943104,
    "prediction_type": "labels",
    "epoch_size": 98,
    "best_step": 27342,
    "metrics": {
        "train": {
            "rmse": 0.3245314847773592,
            "mae": 0.18365496397018433,
            "r2": 0.7028955221176147,
            "score": -0.3245314847773592
        },
        "val": {
            "rmse": 0.34771928322961065,
            "mae": 0.1959812194108963,
            "r2": 0.66179358959198,
            "score": -0.34771928322961065
        },
        "test": {
            "rmse": 0.34732927526463464,
            "mae": 0.19500716030597687,
            "r2": 0.6612054109573364,
            "score": -0.34732927526463464
        }
    },
    "time": "0:04:05.759760",
    "chunk_size": null,
    "eval_batch_size": 32768
}