{
    "function": "_bin.model.main",
    "gpus": [
        "Tesla V100-PCIE-16GB"
    ],
    "config": {
        "seed": 3,
        "batch_size": 512,
        "patience": 16,
        "n_epochs": -1,
        "gradient_clipping_norm": 1.0,
        "amp": true,
        "data": {
            "cache": true,
            "path": "data/regression-num-large-0-year",
            "num_policy": "noisy-quantile"
        },
        "optimizer": {
            "type": "AdamW",
            "lr": 0.00028688680660058686,
            "weight_decay": 0.0002579640930923944
        },
        "model": {
            "arch_type": "plain",
            "backbone": {
                "type": "MLP",
                "n_blocks": 5,
                "d_block": 768,
                "dropout": 0.4767450471892426
            },
            "num_embeddings": {
                "type": "PiecewiseLinearEmbeddings",
                "d_embedding": 20
            }
        },
        "bins": {
            "n_bins": 17
        }
    },
    "n_parameters": 3780505,
    "prediction_type": "labels",
    "epoch_size": 98,
    "best_step": 588,
    "metrics": {
        "train": {
            "rmse": 8.495208736232911,
            "mae": 5.848976135253906,
            "r2": 0.4025954008102417,
            "score": -8.495208736232911
        },
        "val": {
            "rmse": 8.86053620655521,
            "mae": 6.123913764953613,
            "r2": 0.319888174533844,
            "score": -8.86053620655521
        },
        "test": {
            "rmse": 8.965110545458163,
            "mae": 6.1360182762146,
            "r2": 0.32322871685028076,
            "score": -8.965110545458163
        }
    },
    "time": "0:00:28.296225",
    "chunk_size": null,
    "eval_batch_size": 32768
}