{
    "function": "_bin.model.main",
    "gpus": [
        "Tesla V100-PCIE-16GB"
    ],
    "config": {
        "seed": 5,
        "batch_size": 512,
        "patience": 16,
        "n_epochs": -1,
        "gradient_clipping_norm": 1.0,
        "amp": true,
        "data": {
            "cache": true,
            "path": "data/regression-cat-large-0-nyc-taxi-green-dec-2016",
            "num_policy": "noisy-quantile",
            "cat_policy": "ordinal"
        },
        "optimizer": {
            "type": "AdamW",
            "lr": 0.0002726699238570058,
            "weight_decay": 0.002005501913039345
        },
        "model": {
            "arch_type": "plain",
            "backbone": {
                "type": "MLP",
                "n_blocks": 3,
                "d_block": 240,
                "dropout": 0.2588303575526417
            },
            "num_embeddings": {
                "type": "PiecewiseLinearEmbeddings",
                "d_embedding": 20
            }
        },
        "bins": {
            "n_bins": 122
        }
    },
    "n_parameters": 183541,
    "prediction_type": "labels",
    "epoch_size": 98,
    "best_step": 4214,
    "metrics": {
        "train": {
            "rmse": 0.3596003696491731,
            "mae": 0.22143346071243286,
            "r2": 0.6352159976959229,
            "score": -0.3596003696491731
        },
        "val": {
            "rmse": 0.3669400903450837,
            "mae": 0.22560849785804749,
            "r2": 0.6233702301979065,
            "score": -0.3669400903450837
        },
        "test": {
            "rmse": 0.3688072030909345,
            "mae": 0.22589880228042603,
            "r2": 0.6180095672607422,
            "score": -0.3688072030909345
        }
    },
    "time": "0:01:01.416627",
    "chunk_size": null,
    "eval_batch_size": 32768
}