{
    "function": "_bin.model.main",
    "gpus": [
        "Tesla V100-PCIE-16GB"
    ],
    "config": {
        "seed": 10,
        "batch_size": 512,
        "patience": 16,
        "n_epochs": -1,
        "gradient_clipping_norm": 1.0,
        "amp": true,
        "data": {
            "cache": true,
            "path": "data/classif-cat-large-0-road-safety",
            "num_policy": "noisy-quantile",
            "cat_policy": "ordinal"
        },
        "optimizer": {
            "type": "AdamW",
            "lr": 0.0005171502514831313,
            "weight_decay": 0.00010235561337628236
        },
        "model": {
            "arch_type": "plain",
            "backbone": {
                "type": "MLP",
                "n_blocks": 2,
                "d_block": 496,
                "dropout": 0.4582376177559271
            },
            "num_embeddings": {
                "type": "PiecewiseLinearEmbeddings",
                "d_embedding": 20
            }
        },
        "bins": {
            "n_bins": 22
        }
    },
    "n_parameters": 552578,
    "prediction_type": "probs",
    "epoch_size": 98,
    "best_step": 3332,
    "metrics": {
        "train": {
            "0": {
                "precision": 0.8571986461858891,
                "recall": 0.7861747851002865,
                "f1-score": 0.8201519491842072,
                "support": 25128.0
            },
            "1": {
                "precision": 0.8006603843585368,
                "recall": 0.8676825345770344,
                "f1-score": 0.8328252228611122,
                "support": 24872.0
            },
            "accuracy": 0.82672,
            "macro avg": {
                "precision": 0.8289295152722129,
                "recall": 0.8269286598386605,
                "f1-score": 0.8264885860226596,
                "support": 50000.0
            },
            "weighted avg": {
                "precision": 0.829074253222491,
                "recall": 0.82672,
                "f1-score": 0.8264561424420468,
                "support": 50000.0
            },
            "cross-entropy": 0.3445423892524943,
            "roc-auc": 0.9223645440331032,
            "score": 0.82672
        },
        "val": {
            "0": {
                "precision": 0.8206376811594203,
                "recall": 0.75765360736459,
                "f1-score": 0.7878889074414204,
                "support": 9342.0
            },
            "1": {
                "precision": 0.7713824093708977,
                "recall": 0.8315915523622904,
                "f1-score": 0.8003562260988003,
                "support": 9186.0
            },
            "accuracy": 0.7943113126079447,
            "macro avg": {
                "precision": 0.7960100452651591,
                "recall": 0.7946225798634402,
                "f1-score": 0.7941225667701104,
                "support": 18528.0
            },
            "weighted avg": {
                "precision": 0.7962174023031288,
                "recall": 0.7943113126079447,
                "f1-score": 0.7940700812964879,
                "support": 18528.0
            },
            "cross-entropy": 0.40555311094397334,
            "roc-auc": 0.890429115625255,
            "score": 0.7943113126079447
        },
        "test": {
            "0": {
                "precision": 0.8117623220708171,
                "recall": 0.7484470599224697,
                "f1-score": 0.7788199844479005,
                "support": 21411.0
            },
            "1": {
                "precision": 0.7707402204912102,
                "recall": 0.8297209366264949,
                "f1-score": 0.7991437902727514,
                "support": 21823.0
            },
            "accuracy": 0.7894712494795763,
            "macro avg": {
                "precision": 0.7912512712810136,
                "recall": 0.7890839982744824,
                "f1-score": 0.7889818873603259,
                "support": 43234.0
            },
            "weighted avg": {
                "precision": 0.7910558104648643,
                "recall": 0.7894712494795763,
                "f1-score": 0.7890787255894955,
                "support": 43234.0
            },
            "cross-entropy": 0.4118166674488844,
            "roc-auc": 0.886667805965614,
            "score": 0.7894712494795763
        }
    },
    "time": "0:00:44.737862",
    "chunk_size": null,
    "eval_batch_size": 32768
}