{
    "function": "_bin.model.main",
    "gpus": [
        "NVIDIA A100-SXM4-40GB"
    ],
    "config": {
        "seed": 13,
        "batch_size": 512,
        "patience": 16,
        "n_epochs": -1,
        "gradient_clipping_norm": 1.0,
        "amp": true,
        "data": {
            "cache": true,
            "path": "data/classif-num-large-0-MiniBooNE",
            "num_policy": "noisy-quantile"
        },
        "optimizer": {
            "type": "AdamW",
            "lr": 0.0036908332048455257,
            "weight_decay": 0.005798060111967995
        },
        "model": {
            "arch_type": "tabm-mini",
            "k": 32,
            "backbone": {
                "type": "MLP",
                "n_blocks": 3,
                "d_block": 480,
                "dropout": 0.10621825071291778
            },
            "num_embeddings": {
                "type": "PiecewiseLinearEmbeddings",
                "d_embedding": 24
            }
        },
        "bins": {
            "n_bins": 2
        }
    },
    "n_parameters": 1112224,
    "prediction_type": "probs",
    "epoch_size": 98,
    "best_step": 1568,
    "metrics": {
        "train": {
            "0": {
                "precision": 0.9819373994803909,
                "recall": 0.9479278633703571,
                "f1-score": 0.9646329606222654,
                "support": 25119.0
            },
            "1": {
                "precision": 0.9492058560832589,
                "recall": 0.9823962059402757,
                "f1-score": 0.9655158792858272,
                "support": 24881.0
            },
            "accuracy": 0.96508,
            "macro avg": {
                "precision": 0.9655716277818249,
                "recall": 0.9651620346553164,
                "f1-score": 0.9650744199540463,
                "support": 50000.0
            },
            "weighted avg": {
                "precision": 0.9656495288551101,
                "recall": 0.96508,
                "f1-score": 0.965072318607627,
                "support": 50000.0
            },
            "cross-entropy": 0.09923812936179509,
            "roc-auc": 0.9941662342208685,
            "score": 0.96508
        },
        "val": {
            "0": {
                "precision": 0.9710230632761679,
                "recall": 0.9334849346219443,
                "f1-score": 0.9518840579710145,
                "support": 3518.0
            },
            "1": {
                "precision": 0.9334660221779926,
                "recall": 0.9710144927536232,
                "f1-score": 0.9518701072774717,
                "support": 3381.0
            },
            "accuracy": 0.9518770836353094,
            "macro avg": {
                "precision": 0.9522445427270803,
                "recall": 0.9522497136877837,
                "f1-score": 0.9518770826242431,
                "support": 6899.0
            },
            "weighted avg": {
                "precision": 0.9526174456572476,
                "recall": 0.9518770836353094,
                "f1-score": 0.9518772211403335,
                "support": 6899.0
            },
            "cross-entropy": 0.1324098552385165,
            "roc-auc": 0.9879366334862294,
            "score": 0.9518770836353094
        },
        "test": {
            "0": {
                "precision": 0.9607868852459016,
                "recall": 0.9318239633680997,
                "f1-score": 0.9460838122296119,
                "support": 7862.0
            },
            "1": {
                "precision": 0.9367476988435214,
                "recall": 0.9637003763506131,
                "f1-score": 0.9500329124528754,
                "support": 8237.0
            },
            "accuracy": 0.9481334244363004,
            "macro avg": {
                "precision": 0.9487672920447114,
                "recall": 0.9477621698593564,
                "f1-score": 0.9480583623412436,
                "support": 16099.0
            },
            "weighted avg": {
                "precision": 0.9484873151858727,
                "recall": 0.9481334244363004,
                "f1-score": 0.9481043562720383,
                "support": 16099.0
            },
            "cross-entropy": 0.13933264906569745,
            "roc-auc": 0.9869551465462238,
            "score": 0.9481334244363004
        }
    },
    "time": "0:00:18.597116",
    "chunk_size": null,
    "eval_batch_size": 32768
}