{
    "function": "_bin.model.main",
    "gpus": [
        "Tesla V100-PCIE-16GB"
    ],
    "config": {
        "seed": 12,
        "batch_size": 512,
        "patience": 16,
        "n_epochs": -1,
        "gradient_clipping_norm": 1.0,
        "amp": true,
        "data": {
            "cache": true,
            "path": "data/regression-cat-large-0-particulate-matter-ukair-2017",
            "num_policy": "noisy-quantile",
            "cat_policy": "ordinal"
        },
        "optimizer": {
            "type": "AdamW",
            "lr": 6.889031839851212e-05,
            "weight_decay": 0.0
        },
        "model": {
            "arch_type": "plain",
            "backbone": {
                "type": "MLP",
                "n_blocks": 1,
                "d_block": 272,
                "dropout": 0.30553863189595615
            },
            "num_embeddings": {
                "type": "PiecewiseLinearEmbeddings",
                "d_embedding": 32
            }
        },
        "bins": {
            "n_bins": 42
        }
    },
    "n_parameters": 37137,
    "prediction_type": "labels",
    "epoch_size": 98,
    "best_step": 56056,
    "metrics": {
        "train": {
            "rmse": 0.3512951576147835,
            "mae": 0.24206945300102234,
            "r2": 0.7347997426986694,
            "score": -0.3512951576147835
        },
        "val": {
            "rmse": 0.3693695972905978,
            "mae": 0.2546137869358063,
            "r2": 0.7036552429199219,
            "score": -0.3693695972905978
        },
        "test": {
            "rmse": 0.36429597792738927,
            "mae": 0.25155574083328247,
            "r2": 0.7126502990722656,
            "score": -0.36429597792738927
        }
    },
    "time": "0:07:40.379675",
    "chunk_size": null,
    "eval_batch_size": 32768
}