{
    "function": "_bin.model.main",
    "gpus": [
        "Tesla V100-PCIE-16GB"
    ],
    "config": {
        "seed": 8,
        "batch_size": 512,
        "patience": 16,
        "n_epochs": -1,
        "gradient_clipping_norm": 1.0,
        "amp": true,
        "data": {
            "cache": true,
            "path": "data/regression-num-large-0-year",
            "num_policy": "noisy-quantile"
        },
        "optimizer": {
            "type": "AdamW",
            "lr": 0.00028688680660058686,
            "weight_decay": 0.0002579640930923944
        },
        "model": {
            "arch_type": "plain",
            "backbone": {
                "type": "MLP",
                "n_blocks": 5,
                "d_block": 768,
                "dropout": 0.4767450471892426
            },
            "num_embeddings": {
                "type": "PiecewiseLinearEmbeddings",
                "d_embedding": 20
            }
        },
        "bins": {
            "n_bins": 17
        }
    },
    "n_parameters": 3780505,
    "prediction_type": "labels",
    "epoch_size": 98,
    "best_step": 882,
    "metrics": {
        "train": {
            "rmse": 8.132324673169643,
            "mae": 5.705831050872803,
            "r2": 0.4525432586669922,
            "score": -8.132324673169643
        },
        "val": {
            "rmse": 8.897420153515489,
            "mae": 6.170742034912109,
            "r2": 0.31421416997909546,
            "score": -8.897420153515489
        },
        "test": {
            "rmse": 8.949368792391258,
            "mae": 6.171728610992432,
            "r2": 0.32560330629348755,
            "score": -8.949368792391258
        }
    },
    "time": "0:00:31.471246",
    "chunk_size": null,
    "eval_batch_size": 32768
}