{
    "function": "_bin.model.main",
    "gpus": [
        "NVIDIA A100-SXM4-40GB"
    ],
    "config": {
        "seed": 4,
        "batch_size": 512,
        "patience": 16,
        "n_epochs": -1,
        "gradient_clipping_norm": 1.0,
        "amp": true,
        "data": {
            "cache": true,
            "path": "data/classif-cat-large-0-road-safety",
            "num_policy": "noisy-quantile",
            "cat_policy": "ordinal"
        },
        "optimizer": {
            "type": "AdamW",
            "lr": 0.0014163501429175726,
            "weight_decay": 0.0
        },
        "model": {
            "arch_type": "tabm-mini",
            "k": 32,
            "backbone": {
                "type": "MLP",
                "n_blocks": 3,
                "d_block": 992,
                "dropout": 0.2766285061331004
            },
            "num_embeddings": {
                "type": "PiecewiseLinearEmbeddings",
                "d_embedding": 32
            }
        },
        "bins": {
            "n_bins": 41
        }
    },
    "n_parameters": 3030976,
    "prediction_type": "probs",
    "epoch_size": 98,
    "best_step": 7448,
    "metrics": {
        "train": {
            "0": {
                "precision": 0.9919723850044152,
                "recall": 0.9835243553008596,
                "f1-score": 0.9877303065425043,
                "support": 25128.0
            },
            "1": {
                "precision": 0.9834967711073905,
                "recall": 0.9919588292055324,
                "f1-score": 0.9877096761279475,
                "support": 24872.0
            },
            "accuracy": 0.98772,
            "macro avg": {
                "precision": 0.9877345780559028,
                "recall": 0.987741592253196,
                "f1-score": 0.9877199913352259,
                "support": 50000.0
            },
            "weighted avg": {
                "precision": 0.9877562756274791,
                "recall": 0.98772,
                "f1-score": 0.9877200441490872,
                "support": 50000.0
            },
            "cross-entropy": 0.1275033871465566,
            "roc-auc": 0.999484332082075,
            "score": 0.98772
        },
        "val": {
            "0": {
                "precision": 0.8168284075871195,
                "recall": 0.7928709055876686,
                "f1-score": 0.8046713742531233,
                "support": 9342.0
            },
            "1": {
                "precision": 0.7954545454545454,
                "recall": 0.8191813629436099,
                "f1-score": 0.8071436232972219,
                "support": 9186.0
            },
            "accuracy": 0.8059153713298791,
            "macro avg": {
                "precision": 0.8061414765208325,
                "recall": 0.8060261342656392,
                "f1-score": 0.8059074987751726,
                "support": 18528.0
            },
            "weighted avg": {
                "precision": 0.8062314571580486,
                "recall": 0.8059153713298791,
                "f1-score": 0.8058970909909844,
                "support": 18528.0
            },
            "cross-entropy": 0.3962497633357882,
            "roc-auc": 0.9016771039283622,
            "score": 0.8059153713298791
        },
        "test": {
            "0": {
                "precision": 0.8079795692189081,
                "recall": 0.7831488487226193,
                "f1-score": 0.795370458210796,
                "support": 21411.0
            },
            "1": {
                "precision": 0.7934700413682665,
                "recall": 0.8173944920496724,
                "f1-score": 0.8052546045503792,
                "support": 21823.0
            },
            "accuracy": 0.8004348429476801,
            "macro avg": {
                "precision": 0.8007248052935874,
                "recall": 0.8002716703861459,
                "f1-score": 0.8003125313805877,
                "support": 43234.0
            },
            "weighted avg": {
                "precision": 0.8006556707527807,
                "recall": 0.8004348429476801,
                "f1-score": 0.800359627049412,
                "support": 43234.0
            },
            "cross-entropy": 0.4030600029583627,
            "roc-auc": 0.8980061611388312,
            "score": 0.8004348429476801
        }
    },
    "time": "0:01:20.324619",
    "chunk_size": null,
    "eval_batch_size": 32768
}