{
    "function": "_bin.model.main",
    "gpus": [
        "NVIDIA A100-SXM4-40GB"
    ],
    "config": {
        "seed": 9,
        "batch_size": 512,
        "patience": 16,
        "n_epochs": -1,
        "gradient_clipping_norm": 1.0,
        "amp": true,
        "data": {
            "cache": true,
            "path": "data/classif-num-large-0-MiniBooNE",
            "num_policy": "noisy-quantile"
        },
        "optimizer": {
            "type": "AdamW",
            "lr": 0.0036908332048455257,
            "weight_decay": 0.005798060111967995
        },
        "model": {
            "arch_type": "tabm-mini",
            "k": 32,
            "backbone": {
                "type": "MLP",
                "n_blocks": 3,
                "d_block": 480,
                "dropout": 0.10621825071291778
            },
            "num_embeddings": {
                "type": "PiecewiseLinearEmbeddings",
                "d_embedding": 24
            }
        },
        "bins": {
            "n_bins": 2
        }
    },
    "n_parameters": 1112224,
    "prediction_type": "probs",
    "epoch_size": 98,
    "best_step": 3626,
    "metrics": {
        "train": {
            "0": {
                "precision": 0.9926485520490638,
                "recall": 0.9729686691349178,
                "f1-score": 0.9827100924809007,
                "support": 25119.0
            },
            "1": {
                "precision": 0.9732455967532212,
                "recall": 0.9927253727744062,
                "f1-score": 0.9828889773179467,
                "support": 24881.0
            },
            "accuracy": 0.9828,
            "macro avg": {
                "precision": 0.9829470744011425,
                "recall": 0.982847020954662,
                "f1-score": 0.9827995348994236,
                "support": 50000.0
            },
            "weighted avg": {
                "precision": 0.9829932534347466,
                "recall": 0.9828,
                "f1-score": 0.9827991091535115,
                "support": 50000.0
            },
            "cross-entropy": 0.05866965196807451,
            "roc-auc": 0.9985329987612727,
            "score": 0.9828
        },
        "val": {
            "0": {
                "precision": 0.9680632874304131,
                "recall": 0.939169982944855,
                "f1-score": 0.9533977780983985,
                "support": 3518.0
            },
            "1": {
                "precision": 0.9386115892139989,
                "recall": 0.9677610174504584,
                "f1-score": 0.9529634483762924,
                "support": 3381.0
            },
            "accuracy": 0.9531816205247138,
            "macro avg": {
                "precision": 0.953337438322206,
                "recall": 0.9534655001976566,
                "f1-score": 0.9531806132373455,
                "support": 6899.0
            },
            "weighted avg": {
                "precision": 0.9536298635038012,
                "recall": 0.9531816205247138,
                "f1-score": 0.9531849256863908,
                "support": 6899.0
            },
            "cross-entropy": 0.13143655870254833,
            "roc-auc": 0.9877289299683093,
            "score": 0.9531816205247138
        },
        "test": {
            "0": {
                "precision": 0.9584954604409858,
                "recall": 0.9399643856525057,
                "f1-score": 0.9491394811199589,
                "support": 7862.0
            },
            "1": {
                "precision": 0.9437358445583502,
                "recall": 0.9611509044555057,
                "f1-score": 0.9523637675929267,
                "support": 8237.0
            },
            "accuracy": 0.9508043977886825,
            "macro avg": {
                "precision": 0.951115652499668,
                "recall": 0.9505576450540056,
                "f1-score": 0.9507516243564429,
                "support": 16099.0
            },
            "weighted avg": {
                "precision": 0.9509437518860899,
                "recall": 0.9508043977886825,
                "f1-score": 0.9507891766089853,
                "support": 16099.0
            },
            "cross-entropy": 0.13790314199387332,
            "roc-auc": 0.9874121157034234,
            "score": 0.9508043977886825
        }
    },
    "time": "0:00:29.749385",
    "chunk_size": null,
    "eval_batch_size": 32768
}