{
    "function": "_bin.model.main",
    "gpus": [
        "Tesla V100-PCIE-16GB"
    ],
    "config": {
        "seed": 4,
        "batch_size": 512,
        "patience": 16,
        "n_epochs": -1,
        "gradient_clipping_norm": 1.0,
        "amp": true,
        "data": {
            "cache": true,
            "path": "data/regression-num-large-0-year",
            "num_policy": "noisy-quantile"
        },
        "optimizer": {
            "type": "AdamW",
            "lr": 0.00028688680660058686,
            "weight_decay": 0.0002579640930923944
        },
        "model": {
            "arch_type": "plain",
            "backbone": {
                "type": "MLP",
                "n_blocks": 5,
                "d_block": 768,
                "dropout": 0.4767450471892426
            },
            "num_embeddings": {
                "type": "PiecewiseLinearEmbeddings",
                "d_embedding": 20
            }
        },
        "bins": {
            "n_bins": 17
        }
    },
    "n_parameters": 3780505,
    "prediction_type": "labels",
    "epoch_size": 98,
    "best_step": 784,
    "metrics": {
        "train": {
            "rmse": 8.257390728792554,
            "mae": 5.813051223754883,
            "r2": 0.4355752468109131,
            "score": -8.257390728792554
        },
        "val": {
            "rmse": 8.851881406986843,
            "mae": 6.1707634925842285,
            "r2": 0.3212162256240845,
            "score": -8.851881406986843
        },
        "test": {
            "rmse": 8.938559729431867,
            "mae": 6.192653656005859,
            "r2": 0.32723134756088257,
            "score": -8.938559729431867
        }
    },
    "time": "0:00:31.953673",
    "chunk_size": null,
    "eval_batch_size": 32768
}