{
    "function": "_bin.model.main",
    "gpus": [
        "Tesla V100-PCIE-16GB"
    ],
    "config": {
        "seed": 10,
        "batch_size": 512,
        "patience": 16,
        "n_epochs": -1,
        "gradient_clipping_norm": 1.0,
        "amp": true,
        "data": {
            "cache": true,
            "path": "data/classif-num-large-0-MiniBooNE",
            "num_policy": "noisy-quantile"
        },
        "optimizer": {
            "type": "AdamW",
            "lr": 0.00026099266313791,
            "weight_decay": 0.019897366041434994
        },
        "model": {
            "arch_type": "plain",
            "backbone": {
                "type": "MLP",
                "n_blocks": 2,
                "d_block": 560,
                "dropout": 0.38594681331216396
            },
            "num_embeddings": {
                "type": "PiecewiseLinearEmbeddings",
                "d_embedding": 8
            }
        },
        "bins": {
            "n_bins": 13
        }
    },
    "n_parameters": 545842,
    "prediction_type": "probs",
    "epoch_size": 98,
    "best_step": 4018,
    "metrics": {
        "train": {
            "0": {
                "precision": 0.9810272834150889,
                "recall": 0.9633743381504041,
                "f1-score": 0.9721206764954003,
                "support": 25119.0
            },
            "1": {
                "precision": 0.9636837326806932,
                "recall": 0.9811904666211165,
                "f1-score": 0.9723583064484008,
                "support": 24881.0
            },
            "accuracy": 0.97224,
            "macro avg": {
                "precision": 0.9723555080478911,
                "recall": 0.9722824023857604,
                "f1-score": 0.9722394914719006,
                "support": 50000.0
            },
            "weighted avg": {
                "precision": 0.972396785698639,
                "recall": 0.97224,
                "f1-score": 0.9722389259126125,
                "support": 50000.0
            },
            "cross-entropy": 0.07707614532672107,
            "roc-auc": 0.9959864938635834,
            "score": 0.97224
        },
        "val": {
            "0": {
                "precision": 0.9616613418530351,
                "recall": 0.9411597498578738,
                "f1-score": 0.9513001005602644,
                "support": 3518.0
            },
            "1": {
                "precision": 0.9401041666666666,
                "recall": 0.9609582963620231,
                "f1-score": 0.9504168494953927,
                "support": 3381.0
            },
            "accuracy": 0.9508624438324395,
            "macro avg": {
                "precision": 0.9508827542598508,
                "recall": 0.9510590231099485,
                "f1-score": 0.9508584750278286,
                "support": 6899.0
            },
            "weighted avg": {
                "precision": 0.9510967949179558,
                "recall": 0.9508624438324395,
                "f1-score": 0.9508672448057592,
                "support": 6899.0
            },
            "cross-entropy": 0.1442855427880532,
            "roc-auc": 0.986382619389798,
            "score": 0.9508624438324395
        },
        "test": {
            "0": {
                "precision": 0.9527913558013893,
                "recall": 0.9421266853218011,
                "f1-score": 0.9474290099769762,
                "support": 7862.0
            },
            "1": {
                "precision": 0.9453453453453453,
                "recall": 0.955444943547408,
                "f1-score": 0.9503683130056756,
                "support": 8237.0
            },
            "accuracy": 0.9489409280079508,
            "macro avg": {
                "precision": 0.9490683505733672,
                "recall": 0.9487858144346046,
                "f1-score": 0.948898661491326,
                "support": 16099.0
            },
            "weighted avg": {
                "precision": 0.9489816292266682,
                "recall": 0.9489409280079508,
                "f1-score": 0.9489328946311408,
                "support": 16099.0
            },
            "cross-entropy": 0.1503327963439106,
            "roc-auc": 0.9865662293971271,
            "score": 0.9489409280079508
        }
    },
    "time": "0:00:45.758553",
    "chunk_size": null,
    "eval_batch_size": 32768
}