{
    "function": "_bin.model.main",
    "gpus": [
        "NVIDIA A100-SXM4-40GB"
    ],
    "config": {
        "seed": 6,
        "batch_size": 512,
        "patience": 16,
        "n_epochs": -1,
        "gradient_clipping_norm": 1.0,
        "amp": true,
        "data": {
            "cache": true,
            "path": "data/classif-cat-large-0-road-safety",
            "num_policy": "noisy-quantile",
            "cat_policy": "ordinal"
        },
        "optimizer": {
            "type": "AdamW",
            "lr": 0.0014163501429175726,
            "weight_decay": 0.0
        },
        "model": {
            "arch_type": "tabm-mini",
            "k": 32,
            "backbone": {
                "type": "MLP",
                "n_blocks": 3,
                "d_block": 992,
                "dropout": 0.2766285061331004
            },
            "num_embeddings": {
                "type": "PiecewiseLinearEmbeddings",
                "d_embedding": 32
            }
        },
        "bins": {
            "n_bins": 41
        }
    },
    "n_parameters": 3030976,
    "prediction_type": "probs",
    "epoch_size": 98,
    "best_step": 4998,
    "metrics": {
        "train": {
            "0": {
                "precision": 0.958922558922559,
                "recall": 0.906717605858007,
                "f1-score": 0.9320896743577156,
                "support": 25128.0
            },
            "1": {
                "precision": 0.910670731707317,
                "recall": 0.9607590865229978,
                "f1-score": 0.9350446079198622,
                "support": 24872.0
            },
            "accuracy": 0.9336,
            "macro avg": {
                "precision": 0.934796645314938,
                "recall": 0.9337383461905024,
                "f1-score": 0.9335671411387889,
                "support": 50000.0
            },
            "weighted avg": {
                "precision": 0.934920169992609,
                "recall": 0.9336,
                "f1-score": 0.9335595765088699,
                "support": 50000.0
            },
            "cross-entropy": 0.21805644910708913,
            "roc-auc": 0.9877143147381324,
            "score": 0.9336
        },
        "val": {
            "0": {
                "precision": 0.8279495990836196,
                "recall": 0.7737101263112823,
                "f1-score": 0.7999114652501107,
                "support": 9342.0
            },
            "1": {
                "precision": 0.7842416819759135,
                "recall": 0.8364903113433486,
                "f1-score": 0.8095238095238095,
                "support": 9186.0
            },
            "accuracy": 0.8048359240069085,
            "macro avg": {
                "precision": 0.8060956405297666,
                "recall": 0.8051002188273155,
                "f1-score": 0.8047176373869601,
                "support": 18528.0
            },
            "weighted avg": {
                "precision": 0.8062796440668132,
                "recall": 0.8048359240069085,
                "f1-score": 0.8046771709117148,
                "support": 18528.0
            },
            "cross-entropy": 0.38299061631221215,
            "roc-auc": 0.9014390178794041,
            "score": 0.8048359240069085
        },
        "test": {
            "0": {
                "precision": 0.8179859719438878,
                "recall": 0.7625519592732708,
                "f1-score": 0.7892968504507989,
                "support": 21411.0
            },
            "1": {
                "precision": 0.7815588210019765,
                "recall": 0.8335242633918343,
                "f1-score": 0.8067055458234472,
                "support": 21823.0
            },
            "accuracy": 0.7983762779294075,
            "macro avg": {
                "precision": 0.7997723964729322,
                "recall": 0.7980381113325525,
                "f1-score": 0.7980011981371231,
                "support": 43234.0
            },
            "weighted avg": {
                "precision": 0.799598829532699,
                "recall": 0.7983762779294075,
                "f1-score": 0.7980841465399258,
                "support": 43234.0
            },
            "cross-entropy": 0.3897584392075521,
            "roc-auc": 0.8968803944964605,
            "score": 0.7983762779294075
        }
    },
    "time": "0:00:57.389402",
    "chunk_size": null,
    "eval_batch_size": 32768
}