{
    "function": "_bin.model.main",
    "gpus": [
        "NVIDIA A100-SXM4-40GB"
    ],
    "config": {
        "seed": 8,
        "batch_size": 512,
        "patience": 16,
        "n_epochs": -1,
        "gradient_clipping_norm": 1.0,
        "amp": true,
        "data": {
            "cache": true,
            "path": "data/classif-num-large-0-MiniBooNE",
            "num_policy": "noisy-quantile"
        },
        "optimizer": {
            "type": "AdamW",
            "lr": 0.0036908332048455257,
            "weight_decay": 0.005798060111967995
        },
        "model": {
            "arch_type": "tabm-mini",
            "k": 32,
            "backbone": {
                "type": "MLP",
                "n_blocks": 3,
                "d_block": 480,
                "dropout": 0.10621825071291778
            },
            "num_embeddings": {
                "type": "PiecewiseLinearEmbeddings",
                "d_embedding": 24
            }
        },
        "bins": {
            "n_bins": 2
        }
    },
    "n_parameters": 1112224,
    "prediction_type": "probs",
    "epoch_size": 98,
    "best_step": 3136,
    "metrics": {
        "train": {
            "0": {
                "precision": 0.9900052817616707,
                "recall": 0.9700625024881564,
                "f1-score": 0.9799324378669669,
                "support": 25119.0
            },
            "1": {
                "precision": 0.970378540197739,
                "recall": 0.9901129375828945,
                "f1-score": 0.9801464152144506,
                "support": 24881.0
            },
            "accuracy": 0.98004,
            "macro avg": {
                "precision": 0.9801919109797048,
                "recall": 0.9800877200355255,
                "f1-score": 0.9800394265407087,
                "support": 50000.0
            },
            "weighted avg": {
                "precision": 0.980238622624627,
                "recall": 0.98004,
                "f1-score": 0.9800389172746218,
                "support": 50000.0
            },
            "cross-entropy": 0.0688108738927864,
            "roc-auc": 0.9978819968111311,
            "score": 0.98004
        },
        "val": {
            "0": {
                "precision": 0.9672227099795142,
                "recall": 0.9394542353610006,
                "f1-score": 0.9531362653208363,
                "support": 3518.0
            },
            "1": {
                "precision": 0.9388282596209075,
                "recall": 0.9668737060041408,
                "f1-score": 0.9526446160571179,
                "support": 3381.0
            },
            "accuracy": 0.9528917234381794,
            "macro avg": {
                "precision": 0.9530254848002109,
                "recall": 0.9531639706825707,
                "f1-score": 0.9528904406889771,
                "support": 6899.0
            },
            "weighted avg": {
                "precision": 0.9533074125940311,
                "recall": 0.9528917234381794,
                "f1-score": 0.9528953222623305,
                "support": 6899.0
            },
            "cross-entropy": 0.12996674187270998,
            "roc-auc": 0.9880506791539315,
            "score": 0.9528917234381794
        },
        "test": {
            "0": {
                "precision": 0.9569099378881988,
                "recall": 0.9406003561434749,
                "f1-score": 0.9486850545221296,
                "support": 7862.0
            },
            "1": {
                "precision": 0.9442121610321348,
                "recall": 0.9595726599490105,
                "f1-score": 0.9518304431599229,
                "support": 8237.0
            },
            "accuracy": 0.9503074725138208,
            "macro avg": {
                "precision": 0.9505610494601668,
                "recall": 0.9500865080462427,
                "f1-score": 0.9502577488410262,
                "support": 16099.0
            },
            "weighted avg": {
                "precision": 0.9504131624385809,
                "recall": 0.9503074725138208,
                "f1-score": 0.9502943821952461,
                "support": 16099.0
            },
            "cross-entropy": 0.13739478493850243,
            "roc-auc": 0.9873635435247332,
            "score": 0.9503074725138208
        }
    },
    "time": "0:00:26.961396",
    "chunk_size": null,
    "eval_batch_size": 32768
}