{
    "function": "_bin.model.main",
    "gpus": [
        "Tesla V100-PCIE-16GB"
    ],
    "config": {
        "seed": 3,
        "batch_size": 512,
        "patience": 16,
        "n_epochs": -1,
        "gradient_clipping_norm": 1.0,
        "amp": true,
        "data": {
            "cache": true,
            "path": "data/classif-cat-large-0-road-safety",
            "num_policy": "noisy-quantile",
            "cat_policy": "ordinal"
        },
        "optimizer": {
            "type": "AdamW",
            "lr": 0.0005171502514831313,
            "weight_decay": 0.00010235561337628236
        },
        "model": {
            "arch_type": "plain",
            "backbone": {
                "type": "MLP",
                "n_blocks": 2,
                "d_block": 496,
                "dropout": 0.4582376177559271
            },
            "num_embeddings": {
                "type": "PiecewiseLinearEmbeddings",
                "d_embedding": 20
            }
        },
        "bins": {
            "n_bins": 22
        }
    },
    "n_parameters": 552578,
    "prediction_type": "probs",
    "epoch_size": 98,
    "best_step": 2548,
    "metrics": {
        "train": {
            "0": {
                "precision": 0.821890667960537,
                "recall": 0.8089382362304999,
                "f1-score": 0.8153630164460489,
                "support": 25128.0
            },
            "1": {
                "precision": 0.8099968339401614,
                "recall": 0.8228932132518495,
                "f1-score": 0.8163940965297168,
                "support": 24872.0
            },
            "accuracy": 0.81588,
            "macro avg": {
                "precision": 0.8159437509503492,
                "recall": 0.8159157247411747,
                "f1-score": 0.8158785564878829,
                "support": 50000.0
            },
            "weighted avg": {
                "precision": 0.8159741991654413,
                "recall": 0.81588,
                "f1-score": 0.8158759169228686,
                "support": 50000.0
            },
            "cross-entropy": 0.3622380367104534,
            "roc-auc": 0.9127009267071731,
            "score": 0.81588
        },
        "val": {
            "0": {
                "precision": 0.7976834812730028,
                "recall": 0.7888032541211732,
                "f1-score": 0.7932185145317546,
                "support": 9342.0
            },
            "1": {
                "precision": 0.7876210979547901,
                "recall": 0.7965382103200522,
                "f1-score": 0.792054557263477,
                "support": 9186.0
            },
            "accuracy": 0.7926381692573402,
            "macro avg": {
                "precision": 0.7926522896138964,
                "recall": 0.7926707322206128,
                "f1-score": 0.7926365358976157,
                "support": 18528.0
            },
            "weighted avg": {
                "precision": 0.7926946506835651,
                "recall": 0.7926381692573402,
                "f1-score": 0.7926414359767893,
                "support": 18528.0
            },
            "cross-entropy": 0.40233281674132176,
            "roc-auc": 0.8908224240130107,
            "score": 0.7926381692573402
        },
        "test": {
            "0": {
                "precision": 0.7895780232228831,
                "recall": 0.7812806501331091,
                "f1-score": 0.7854074230579619,
                "support": 21411.0
            },
            "1": {
                "precision": 0.7875997822931785,
                "recall": 0.7957201118086422,
                "f1-score": 0.7916391237947619,
                "support": 21823.0
            },
            "accuracy": 0.7885691816625804,
            "macro avg": {
                "precision": 0.7885889027580308,
                "recall": 0.7885003809708757,
                "f1-score": 0.7885232734263619,
                "support": 43234.0
            },
            "weighted avg": {
                "precision": 0.7885794768980243,
                "recall": 0.7885691816625804,
                "f1-score": 0.7885529660375424,
                "support": 43234.0
            },
            "cross-entropy": 0.4092529332954753,
            "roc-auc": 0.8867161545821374,
            "score": 0.7885691816625804
        }
    },
    "time": "0:00:35.849766",
    "chunk_size": null,
    "eval_batch_size": 32768
}