{
    "function": "_bin.model.main",
    "gpus": [
        "NVIDIA A100-SXM4-40GB"
    ],
    "config": {
        "seed": 6,
        "batch_size": 512,
        "patience": 16,
        "n_epochs": -1,
        "gradient_clipping_norm": 1.0,
        "amp": true,
        "data": {
            "cache": true,
            "path": "data/regression-num-large-0-year",
            "num_policy": "noisy-quantile"
        },
        "optimizer": {
            "type": "AdamW",
            "lr": 0.0029232454363218546,
            "weight_decay": 0.0
        },
        "model": {
            "arch_type": "tabm-mini",
            "k": 32,
            "backbone": {
                "type": "MLP",
                "n_blocks": 3,
                "d_block": 640,
                "dropout": 0.31823104942087554
            },
            "num_embeddings": {
                "type": "PiecewiseLinearEmbeddings",
                "d_embedding": 20
            }
        },
        "bins": {
            "n_bins": 2
        }
    },
    "n_parameters": 2058432,
    "prediction_type": "labels",
    "epoch_size": 98,
    "best_step": 3234,
    "metrics": {
        "train": {
            "rmse": 7.334772604529485,
            "mae": 5.310711860656738,
            "r2": 0.5546579360961914,
            "score": -7.334772604529485
        },
        "val": {
            "rmse": 8.78093765083388,
            "mae": 6.084052562713623,
            "r2": 0.33205288648605347,
            "score": -8.78093765083388
        },
        "test": {
            "rmse": 8.867699857857334,
            "mae": 6.0918779373168945,
            "r2": 0.3378557562828064,
            "score": -8.867699857857334
        }
    },
    "time": "0:00:28.666378",
    "chunk_size": null,
    "eval_batch_size": 32768
}