{
    "function": "_bin.model.main",
    "gpus": [
        "Tesla V100-PCIE-16GB"
    ],
    "config": {
        "seed": 11,
        "batch_size": 512,
        "patience": 16,
        "n_epochs": -1,
        "gradient_clipping_norm": 1.0,
        "amp": true,
        "data": {
            "cache": true,
            "path": "data/classif-num-large-0-MiniBooNE",
            "num_policy": "noisy-quantile"
        },
        "optimizer": {
            "type": "AdamW",
            "lr": 0.00026099266313791,
            "weight_decay": 0.019897366041434994
        },
        "model": {
            "arch_type": "plain",
            "backbone": {
                "type": "MLP",
                "n_blocks": 2,
                "d_block": 560,
                "dropout": 0.38594681331216396
            },
            "num_embeddings": {
                "type": "PiecewiseLinearEmbeddings",
                "d_embedding": 8
            }
        },
        "bins": {
            "n_bins": 13
        }
    },
    "n_parameters": 545842,
    "prediction_type": "probs",
    "epoch_size": 98,
    "best_step": 3626,
    "metrics": {
        "train": {
            "0": {
                "precision": 0.9811659925644483,
                "recall": 0.9560890162824953,
                "f1-score": 0.9684651988063554,
                "support": 25119.0
            },
            "1": {
                "precision": 0.9567840771069231,
                "recall": 0.981471805795587,
                "f1-score": 0.9689707166097928,
                "support": 24881.0
            },
            "accuracy": 0.96872,
            "macro avg": {
                "precision": 0.9689750348356857,
                "recall": 0.9687804110390412,
                "f1-score": 0.9687179577080741,
                "support": 50000.0
            },
            "weighted avg": {
                "precision": 0.9690330637944746,
                "recall": 0.96872,
                "f1-score": 0.9687167545757019,
                "support": 50000.0
            },
            "cross-entropy": 0.08634291356622355,
            "roc-auc": 0.9949091910544872,
            "score": 0.96872
        },
        "val": {
            "0": {
                "precision": 0.9667842445620224,
                "recall": 0.9349061967026719,
                "f1-score": 0.9505780346820809,
                "support": 3518.0
            },
            "1": {
                "precision": 0.9345152988275665,
                "recall": 0.9665779355220349,
                "f1-score": 0.9502762430939227,
                "support": 3381.0
            },
            "accuracy": 0.9504275982026381,
            "macro avg": {
                "precision": 0.9506497716947944,
                "recall": 0.9507420661123533,
                "f1-score": 0.9504271388880018,
                "support": 6899.0
            },
            "weighted avg": {
                "precision": 0.9509701692571672,
                "recall": 0.9504275982026381,
                "f1-score": 0.9504301353692003,
                "support": 6899.0
            },
            "cross-entropy": 0.13977438987812424,
            "roc-auc": 0.9868983260803147,
            "score": 0.9504275982026381
        },
        "test": {
            "0": {
                "precision": 0.9586422161529458,
                "recall": 0.9375476977868227,
                "f1-score": 0.9479776220178766,
                "support": 7862.0
            },
            "1": {
                "precision": 0.9416171224732461,
                "recall": 0.9613937113026587,
                "f1-score": 0.951402655133057,
                "support": 8237.0
            },
            "accuracy": 0.9497484315796012,
            "macro avg": {
                "precision": 0.950129669313096,
                "recall": 0.9494707045447407,
                "f1-score": 0.9496901385754668,
                "support": 16099.0
            },
            "weighted avg": {
                "precision": 0.949931383390682,
                "recall": 0.9497484315796012,
                "f1-score": 0.9497300288611427,
                "support": 16099.0
            },
            "cross-entropy": 0.1479046309780142,
            "roc-auc": 0.9863793604667771,
            "score": 0.9497484315796012
        }
    },
    "time": "0:00:46.375732",
    "chunk_size": null,
    "eval_batch_size": 32768
}