{
    "function": "_bin.model.main",
    "gpus": [
        "NVIDIA A100-SXM4-40GB"
    ],
    "config": {
        "seed": 4,
        "batch_size": 512,
        "patience": 16,
        "n_epochs": -1,
        "gradient_clipping_norm": 1.0,
        "amp": true,
        "data": {
            "cache": true,
            "path": "data/classif-num-large-0-jannis",
            "num_policy": "noisy-quantile"
        },
        "optimizer": {
            "type": "AdamW",
            "lr": 0.004157352859011471,
            "weight_decay": 0.0002876199545467971
        },
        "model": {
            "arch_type": "tabm-mini",
            "k": 32,
            "backbone": {
                "type": "MLP",
                "n_blocks": 3,
                "d_block": 528,
                "dropout": 0.0
            },
            "num_embeddings": {
                "type": "PiecewiseLinearEmbeddings",
                "d_embedding": 12
            }
        },
        "bins": {
            "n_bins": 9
        }
    },
    "n_parameters": 963016,
    "prediction_type": "probs",
    "epoch_size": 79,
    "best_step": 1106,
    "metrics": {
        "train": {
            "0": {
                "precision": 0.9198819203480242,
                "recall": 0.8803965303593556,
                "f1-score": 0.8997062101104245,
                "support": 20175.0
            },
            "1": {
                "precision": 0.8850788207839215,
                "recall": 0.923153345586409,
                "f1-score": 0.9037152304999028,
                "support": 20131.0
            },
            "accuracy": 0.9017516002580261,
            "macro avg": {
                "precision": 0.9024803705659729,
                "recall": 0.9017749379728823,
                "f1-score": 0.9017107203051636,
                "support": 40306.0
            },
            "weighted avg": {
                "precision": 0.9024993669484075,
                "recall": 0.9017516002580261,
                "f1-score": 0.9017085320838426,
                "support": 40306.0
            },
            "cross-entropy": 0.28482298650834287,
            "roc-auc": 0.9661442261982036,
            "score": 0.9017516002580261
        },
        "val": {
            "0": {
                "precision": 0.8325716659742418,
                "recall": 0.781591263650546,
                "f1-score": 0.8062764031382016,
                "support": 2564.0
            },
            "1": {
                "precision": 0.7981981981981981,
                "recall": 0.8460656990068754,
                "f1-score": 0.8214351937697014,
                "support": 2618.0
            },
            "accuracy": 0.8141644152836742,
            "macro avg": {
                "precision": 0.81538493208622,
                "recall": 0.8138284813287107,
                "f1-score": 0.8138557984539515,
                "support": 5182.0
            },
            "weighted avg": {
                "precision": 0.8152058345119334,
                "recall": 0.8141644152836742,
                "f1-score": 0.8139347809601365,
                "support": 5182.0
            },
            "cross-entropy": 0.4242915034740828,
            "roc-auc": 0.8855621528146076,
            "score": 0.8141644152836742
        },
        "test": {
            "0": {
                "precision": 0.8248072880168185,
                "recall": 0.7780532143447364,
                "f1-score": 0.8007483629560337,
                "support": 6051.0
            },
            "1": {
                "precision": 0.7896303258145363,
                "recall": 0.83446449263367,
                "f1-score": 0.8114285714285714,
                "support": 6041.0
            },
            "accuracy": 0.806235527621568,
            "macro avg": {
                "precision": 0.8072188069156774,
                "recall": 0.8062588534892032,
                "f1-score": 0.8060884671923025,
                "support": 12092.0
            },
            "weighted avg": {
                "precision": 0.8072333524673653,
                "recall": 0.806235527621568,
                "f1-score": 0.8060840509631956,
                "support": 12092.0
            },
            "cross-entropy": 0.4280065621410019,
            "roc-auc": 0.8833493630028989,
            "score": 0.806235527621568
        }
    },
    "time": "0:00:14.812048",
    "chunk_size": null,
    "eval_batch_size": 32768
}