{
    "function": "_bin.model.main",
    "gpus": [
        "Tesla V100-PCIE-16GB"
    ],
    "config": {
        "seed": 4,
        "batch_size": 512,
        "patience": 16,
        "n_epochs": -1,
        "gradient_clipping_norm": 1.0,
        "amp": true,
        "data": {
            "cache": true,
            "path": "data/classif-num-large-0-MiniBooNE",
            "num_policy": "noisy-quantile"
        },
        "optimizer": {
            "type": "AdamW",
            "lr": 0.00026099266313791,
            "weight_decay": 0.019897366041434994
        },
        "model": {
            "arch_type": "plain",
            "backbone": {
                "type": "MLP",
                "n_blocks": 2,
                "d_block": 560,
                "dropout": 0.38594681331216396
            },
            "num_embeddings": {
                "type": "PiecewiseLinearEmbeddings",
                "d_embedding": 8
            }
        },
        "bins": {
            "n_bins": 13
        }
    },
    "n_parameters": 545842,
    "prediction_type": "probs",
    "epoch_size": 98,
    "best_step": 4116,
    "metrics": {
        "train": {
            "0": {
                "precision": 0.9841961630890799,
                "recall": 0.9619411600780285,
                "f1-score": 0.9729414133279646,
                "support": 25119.0
            },
            "1": {
                "precision": 0.9624346732681048,
                "recall": 0.9844057714722078,
                "f1-score": 0.9732962447844228,
                "support": 24881.0
            },
            "accuracy": 0.97312,
            "macro avg": {
                "precision": 0.9733154181785924,
                "recall": 0.9731734657751181,
                "f1-score": 0.9731188290561936,
                "support": 50000.0
            },
            "weighted avg": {
                "precision": 0.9733672105243663,
                "recall": 0.97312,
                "f1-score": 0.9731179845573273,
                "support": 50000.0
            },
            "cross-entropy": 0.07573766819546009,
            "roc-auc": 0.9961531808403101,
            "score": 0.97312
        },
        "val": {
            "0": {
                "precision": 0.9668718850776898,
                "recall": 0.9374644684479818,
                "f1-score": 0.9519411170443065,
                "support": 3518.0
            },
            "1": {
                "precision": 0.9369266055045872,
                "recall": 0.9665779355220349,
                "f1-score": 0.9515213277041782,
                "support": 3381.0
            },
            "accuracy": 0.9517321350920424,
            "macro avg": {
                "precision": 0.9518992452911386,
                "recall": 0.9520212019850083,
                "f1-score": 0.9517312223742423,
                "support": 6899.0
            },
            "weighted avg": {
                "precision": 0.9521965712297901,
                "recall": 0.9517321350920424,
                "f1-score": 0.9517353904521956,
                "support": 6899.0
            },
            "cross-entropy": 0.14378098180306328,
            "roc-auc": 0.9865016253924759,
            "score": 0.9517321350920424
        },
        "test": {
            "0": {
                "precision": 0.9565104504738413,
                "recall": 0.9371661154922412,
                "f1-score": 0.9467394796016704,
                "support": 7862.0
            },
            "1": {
                "precision": 0.9411624583134827,
                "recall": 0.9593298531018575,
                "f1-score": 0.9501593218300968,
                "support": 8237.0
            },
            "accuracy": 0.9485061183924467,
            "macro avg": {
                "precision": 0.948836454393662,
                "recall": 0.9482479842970493,
                "f1-score": 0.9484494007158836,
                "support": 16099.0
            },
            "weighted avg": {
                "precision": 0.948657701146251,
                "recall": 0.9485061183924467,
                "f1-score": 0.9484892305449307,
                "support": 16099.0
            },
            "cross-entropy": 0.15508992793337714,
            "roc-auc": 0.9859401416575048,
            "score": 0.9485061183924467
        }
    },
    "time": "0:00:50.621138",
    "chunk_size": null,
    "eval_batch_size": 32768
}