{
    "function": "_bin.model.main",
    "gpus": [
        "NVIDIA A100-SXM4-40GB"
    ],
    "config": {
        "seed": 0,
        "batch_size": 512,
        "patience": 16,
        "n_epochs": -1,
        "gradient_clipping_norm": 1.0,
        "amp": true,
        "data": {
            "cache": true,
            "path": "data/classif-cat-large-0-road-safety",
            "num_policy": "noisy-quantile",
            "cat_policy": "ordinal"
        },
        "optimizer": {
            "type": "AdamW",
            "lr": 0.0014163501429175726,
            "weight_decay": 0.0
        },
        "model": {
            "arch_type": "tabm-mini",
            "k": 32,
            "backbone": {
                "type": "MLP",
                "n_blocks": 3,
                "d_block": 992,
                "dropout": 0.2766285061331004
            },
            "num_embeddings": {
                "type": "PiecewiseLinearEmbeddings",
                "d_embedding": 32
            }
        },
        "bins": {
            "n_bins": 41
        }
    },
    "n_parameters": 3030976,
    "prediction_type": "probs",
    "epoch_size": 98,
    "best_step": 5880,
    "metrics": {
        "train": {
            "0": {
                "precision": 0.9740400216333153,
                "recall": 0.9317494428525948,
                "f1-score": 0.9524255059493543,
                "support": 25128.0
            },
            "1": {
                "precision": 0.9339444594230251,
                "recall": 0.9749115471212608,
                "f1-score": 0.9539883938231534,
                "support": 24872.0
            },
            "accuracy": 0.95322,
            "macro avg": {
                "precision": 0.9539922405281702,
                "recall": 0.9533304949869278,
                "f1-score": 0.9532069498862539,
                "support": 50000.0
            },
            "weighted avg": {
                "precision": 0.9540948851674286,
                "recall": 0.95322,
                "f1-score": 0.9532029488932968,
                "support": 50000.0
            },
            "cross-entropy": 0.18616255786016903,
            "roc-auc": 0.9937280531846774,
            "score": 0.95322
        },
        "val": {
            "0": {
                "precision": 0.8273816314888762,
                "recall": 0.7762791693427532,
                "f1-score": 0.8010161815872314,
                "support": 9342.0
            },
            "1": {
                "precision": 0.7859264570316501,
                "recall": 0.8352928369257566,
                "f1-score": 0.8098580400021109,
                "support": 9186.0
            },
            "accuracy": 0.8055375647668394,
            "macro avg": {
                "precision": 0.8066540442602632,
                "recall": 0.805786003134255,
                "f1-score": 0.8054371107946712,
                "support": 18528.0
            },
            "weighted avg": {
                "precision": 0.8068285641009186,
                "recall": 0.8055375647668394,
                "f1-score": 0.8053998879451267,
                "support": 18528.0
            },
            "cross-entropy": 0.38482027767229043,
            "roc-auc": 0.9028587362402076,
            "score": 0.8055375647668394
        },
        "test": {
            "0": {
                "precision": 0.8198117436127297,
                "recall": 0.7688104245481294,
                "f1-score": 0.7934924078091107,
                "support": 21411.0
            },
            "1": {
                "precision": 0.7862232779097387,
                "recall": 0.8342116116024378,
                "f1-score": 0.8095068700253457,
                "support": 21823.0
            },
            "accuracy": 0.8018226395892122,
            "macro avg": {
                "precision": 0.8030175107612342,
                "recall": 0.8015110180752836,
                "f1-score": 0.8014996389172282,
                "support": 43234.0
            },
            "weighted avg": {
                "precision": 0.8028574694989217,
                "recall": 0.8018226395892122,
                "f1-score": 0.8015759441218483,
                "support": 43234.0
            },
            "cross-entropy": 0.3911491717237255,
            "roc-auc": 0.8993634076709309,
            "score": 0.8018226395892122
        }
    },
    "time": "0:01:04.374305",
    "chunk_size": null,
    "eval_batch_size": 32768
}