{
    "function": "_bin.model.main",
    "gpus": [
        "NVIDIA A100-SXM4-40GB"
    ],
    "config": {
        "seed": 13,
        "batch_size": 512,
        "patience": 16,
        "n_epochs": -1,
        "gradient_clipping_norm": 1.0,
        "amp": true,
        "data": {
            "cache": true,
            "path": "data/regression-cat-large-0-particulate-matter-ukair-2017",
            "num_policy": "noisy-quantile",
            "cat_policy": "ordinal"
        },
        "optimizer": {
            "type": "AdamW",
            "lr": 0.0006270838221461209,
            "weight_decay": 0.0
        },
        "model": {
            "arch_type": "tabm-mini",
            "k": 32,
            "backbone": {
                "type": "MLP",
                "n_blocks": 3,
                "d_block": 944,
                "dropout": 0.28165809461236535
            },
            "num_embeddings": {
                "type": "PiecewiseLinearEmbeddings",
                "d_embedding": 32
            }
        },
        "bins": {
            "n_bins": 74
        }
    },
    "n_parameters": 1938784,
    "prediction_type": "labels",
    "epoch_size": 98,
    "best_step": 6468,
    "metrics": {
        "train": {
            "rmse": 0.3231708413299229,
            "mae": 0.2249695062637329,
            "r2": 0.7755632400512695,
            "score": -0.3231708413299229
        },
        "val": {
            "rmse": 0.36430043643566107,
            "mae": 0.24962443113327026,
            "r2": 0.7117334604263306,
            "score": -0.36430043643566107
        },
        "test": {
            "rmse": 0.3603636370034144,
            "mae": 0.24672771990299225,
            "r2": 0.718820333480835,
            "score": -0.3603636370034144
        }
    },
    "time": "0:00:54.237440",
    "chunk_size": null,
    "eval_batch_size": 32768
}