{
    "function": "_bin.model.main",
    "gpus": [
        "NVIDIA A100-SXM4-40GB"
    ],
    "config": {
        "seed": 5,
        "batch_size": 512,
        "patience": 16,
        "n_epochs": -1,
        "gradient_clipping_norm": 1.0,
        "amp": true,
        "data": {
            "cache": true,
            "path": "data/regression-cat-large-0-particulate-matter-ukair-2017",
            "num_policy": "noisy-quantile",
            "cat_policy": "ordinal"
        },
        "optimizer": {
            "type": "AdamW",
            "lr": 0.0006270838221461209,
            "weight_decay": 0.0
        },
        "model": {
            "arch_type": "tabm-mini",
            "k": 32,
            "backbone": {
                "type": "MLP",
                "n_blocks": 3,
                "d_block": 944,
                "dropout": 0.28165809461236535
            },
            "num_embeddings": {
                "type": "PiecewiseLinearEmbeddings",
                "d_embedding": 32
            }
        },
        "bins": {
            "n_bins": 74
        }
    },
    "n_parameters": 1938784,
    "prediction_type": "labels",
    "epoch_size": 98,
    "best_step": 6370,
    "metrics": {
        "train": {
            "rmse": 0.3153104290927294,
            "mae": 0.22198790311813354,
            "r2": 0.7863483428955078,
            "score": -0.3153104290927294
        },
        "val": {
            "rmse": 0.3641007112743363,
            "mae": 0.2503880560398102,
            "r2": 0.7120494246482849,
            "score": -0.3641007112743363
        },
        "test": {
            "rmse": 0.3599349096847197,
            "mae": 0.24755601584911346,
            "r2": 0.7194889783859253,
            "score": -0.3599349096847197
        }
    },
    "time": "0:00:56.097242",
    "chunk_size": null,
    "eval_batch_size": 32768
}