{
    "function": "_bin.model.main",
    "gpus": [
        "Tesla V100-PCIE-16GB"
    ],
    "config": {
        "seed": 12,
        "batch_size": 512,
        "patience": 16,
        "n_epochs": -1,
        "gradient_clipping_norm": 1.0,
        "amp": true,
        "data": {
            "cache": true,
            "path": "data/classif-cat-large-0-road-safety",
            "num_policy": "noisy-quantile",
            "cat_policy": "ordinal"
        },
        "optimizer": {
            "type": "AdamW",
            "lr": 0.0005171502514831313,
            "weight_decay": 0.00010235561337628236
        },
        "model": {
            "arch_type": "plain",
            "backbone": {
                "type": "MLP",
                "n_blocks": 2,
                "d_block": 496,
                "dropout": 0.4582376177559271
            },
            "num_embeddings": {
                "type": "PiecewiseLinearEmbeddings",
                "d_embedding": 20
            }
        },
        "bins": {
            "n_bins": 22
        }
    },
    "n_parameters": 552578,
    "prediction_type": "probs",
    "epoch_size": 98,
    "best_step": 3038,
    "metrics": {
        "train": {
            "0": {
                "precision": 0.8414247580914248,
                "recall": 0.8028494110156001,
                "f1-score": 0.8216845878136201,
                "support": 25128.0
            },
            "1": {
                "precision": 0.80963725791577,
                "recall": 0.8471373431971695,
                "f1-score": 0.8279629047469349,
                "support": 24872.0
            },
            "accuracy": 0.82488,
            "macro avg": {
                "precision": 0.8255310080035974,
                "recall": 0.8249933771063849,
                "f1-score": 0.8248237462802774,
                "support": 50000.0
            },
            "weighted avg": {
                "precision": 0.8256123840040472,
                "recall": 0.82488,
                "f1-score": 0.824807673788928,
                "support": 50000.0
            },
            "cross-entropy": 0.3488246478955969,
            "roc-auc": 0.9198923432258422,
            "score": 0.82488
        },
        "val": {
            "0": {
                "precision": 0.8053283219102366,
                "recall": 0.7798116035110255,
                "f1-score": 0.7923645855993039,
                "support": 9342.0
            },
            "1": {
                "precision": 0.7830626450116009,
                "recall": 0.8082952318745917,
                "f1-score": 0.7954788943646882,
                "support": 9186.0
            },
            "accuracy": 0.793933506044905,
            "macro avg": {
                "precision": 0.7941954834609188,
                "recall": 0.7940534176928087,
                "f1-score": 0.793921739981996,
                "support": 18528.0
            },
            "weighted avg": {
                "precision": 0.794289218499676,
                "recall": 0.793933506044905,
                "f1-score": 0.7939086292261832,
                "support": 18528.0
            },
            "cross-entropy": 0.4033272583619143,
            "roc-auc": 0.8914326101875263,
            "score": 0.793933506044905
        },
        "test": {
            "0": {
                "precision": 0.8002816354277945,
                "recall": 0.7697445238428845,
                "f1-score": 0.7847161052255683,
                "support": 21411.0
            },
            "1": {
                "precision": 0.782243816254417,
                "recall": 0.8115291206525226,
                "f1-score": 0.7966174122303938,
                "support": 21823.0
            },
            "accuracy": 0.7908359161770828,
            "macro avg": {
                "precision": 0.7912627258411058,
                "recall": 0.7906368222477036,
                "f1-score": 0.7906667587279811,
                "support": 43234.0
            },
            "weighted avg": {
                "precision": 0.7911767798090542,
                "recall": 0.7908359161770828,
                "f1-score": 0.7907234657003407,
                "support": 43234.0
            },
            "cross-entropy": 0.4108240557694173,
            "roc-auc": 0.8868268977613684,
            "score": 0.7908359161770828
        }
    },
    "time": "0:00:43.484810",
    "chunk_size": null,
    "eval_batch_size": 32768
}