{
    "function": "_bin.model.main",
    "gpus": [
        "Tesla V100-PCIE-16GB"
    ],
    "config": {
        "seed": 12,
        "batch_size": 512,
        "patience": 16,
        "n_epochs": -1,
        "gradient_clipping_norm": 1.0,
        "amp": true,
        "data": {
            "cache": true,
            "path": "data/classif-num-large-0-MiniBooNE",
            "num_policy": "noisy-quantile"
        },
        "optimizer": {
            "type": "AdamW",
            "lr": 0.00026099266313791,
            "weight_decay": 0.019897366041434994
        },
        "model": {
            "arch_type": "plain",
            "backbone": {
                "type": "MLP",
                "n_blocks": 2,
                "d_block": 560,
                "dropout": 0.38594681331216396
            },
            "num_embeddings": {
                "type": "PiecewiseLinearEmbeddings",
                "d_embedding": 8
            }
        },
        "bins": {
            "n_bins": 13
        }
    },
    "n_parameters": 545842,
    "prediction_type": "probs",
    "epoch_size": 98,
    "best_step": 3528,
    "metrics": {
        "train": {
            "0": {
                "precision": 0.977396315234153,
                "recall": 0.958835940921215,
                "f1-score": 0.9680271698719881,
                "support": 25119.0
            },
            "1": {
                "precision": 0.9592239135578515,
                "recall": 0.9776134399742775,
                "f1-score": 0.9683313760226119,
                "support": 24881.0
            },
            "accuracy": 0.96818,
            "macro avg": {
                "precision": 0.9683101143960022,
                "recall": 0.9682246904477463,
                "f1-score": 0.9681792729473,
                "support": 50000.0
            },
            "weighted avg": {
                "precision": 0.9683533647119918,
                "recall": 0.96818,
                "f1-score": 0.9681785489366616,
                "support": 50000.0
            },
            "cross-entropy": 0.08730929478487703,
            "roc-auc": 0.9947012823437749,
            "score": 0.96818
        },
        "val": {
            "0": {
                "precision": 0.9638694638694638,
                "recall": 0.9403069926094372,
                "f1-score": 0.9519424460431655,
                "support": 3518.0
            },
            "1": {
                "precision": 0.9394289010672051,
                "recall": 0.9633244602188702,
                "f1-score": 0.9512266355140186,
                "support": 3381.0
            },
            "accuracy": 0.9515871865487752,
            "macro avg": {
                "precision": 0.9516491824683344,
                "recall": 0.9518157264141537,
                "f1-score": 0.9515845407785921,
                "support": 6899.0
            },
            "weighted avg": {
                "precision": 0.9518918522106093,
                "recall": 0.9515871865487752,
                "f1-score": 0.9515916480435939,
                "support": 6899.0
            },
            "cross-entropy": 0.14006843678057462,
            "roc-auc": 0.9872301220460995,
            "score": 0.9515871865487752
        },
        "test": {
            "0": {
                "precision": 0.9528714911151172,
                "recall": 0.9412363266344441,
                "f1-score": 0.9470181725108779,
                "support": 7862.0
            },
            "1": {
                "precision": 0.9445577823112925,
                "recall": 0.9555663469709846,
                "f1-score": 0.9500301750150875,
                "support": 8237.0
            },
            "accuracy": 0.9485682340518045,
            "macro avg": {
                "precision": 0.9487146367132049,
                "recall": 0.9484013368027144,
                "f1-score": 0.9485241737629827,
                "support": 16099.0
            },
            "weighted avg": {
                "precision": 0.948617809556194,
                "recall": 0.9485682340518045,
                "f1-score": 0.9485592536107708,
                "support": 16099.0
            },
            "cross-entropy": 0.14763760839449225,
            "roc-auc": 0.9867530828856781,
            "score": 0.9485682340518045
        }
    },
    "time": "0:00:46.538594",
    "chunk_size": null,
    "eval_batch_size": 32768
}