{
    "function": "_bin.model.main",
    "gpus": [
        "Tesla V100-PCIE-16GB"
    ],
    "config": {
        "seed": 11,
        "batch_size": 512,
        "patience": 16,
        "n_epochs": -1,
        "gradient_clipping_norm": 1.0,
        "amp": true,
        "data": {
            "cache": true,
            "path": "data/classif-cat-large-0-road-safety",
            "num_policy": "noisy-quantile",
            "cat_policy": "ordinal"
        },
        "optimizer": {
            "type": "AdamW",
            "lr": 0.0005171502514831313,
            "weight_decay": 0.00010235561337628236
        },
        "model": {
            "arch_type": "plain",
            "backbone": {
                "type": "MLP",
                "n_blocks": 2,
                "d_block": 496,
                "dropout": 0.4582376177559271
            },
            "num_embeddings": {
                "type": "PiecewiseLinearEmbeddings",
                "d_embedding": 20
            }
        },
        "bins": {
            "n_bins": 22
        }
    },
    "n_parameters": 552578,
    "prediction_type": "probs",
    "epoch_size": 98,
    "best_step": 4704,
    "metrics": {
        "train": {
            "0": {
                "precision": 0.8639839034205231,
                "recall": 0.8544253422476918,
                "f1-score": 0.8591780383368682,
                "support": 25128.0
            },
            "1": {
                "precision": 0.8545526838966203,
                "recall": 0.8641042135734963,
                "f1-score": 0.8593019071608492,
                "support": 24872.0
            },
            "accuracy": 0.85924,
            "macro avg": {
                "precision": 0.8592682936585717,
                "recall": 0.8592647779105941,
                "f1-score": 0.8592399727488587,
                "support": 50000.0
            },
            "weighted avg": {
                "precision": 0.859292437580553,
                "recall": 0.85924,
                "f1-score": 0.8592396556446693,
                "support": 50000.0
            },
            "cross-entropy": 0.2961506425453843,
            "roc-auc": 0.9454505972201357,
            "score": 0.85924
        },
        "val": {
            "0": {
                "precision": 0.796969045571797,
                "recall": 0.7937272532648255,
                "f1-score": 0.7953448460795881,
                "support": 9342.0
            },
            "1": {
                "precision": 0.7910884648742411,
                "recall": 0.7943609841062487,
                "f1-score": 0.7927213470939707,
                "support": 9186.0
            },
            "accuracy": 0.7940414507772021,
            "macro avg": {
                "precision": 0.7940287552230191,
                "recall": 0.7940441186855371,
                "f1-score": 0.7940330965867795,
                "support": 18528.0
            },
            "weighted avg": {
                "precision": 0.794053511553676,
                "recall": 0.7940414507772021,
                "f1-score": 0.7940441411097111,
                "support": 18528.0
            },
            "cross-entropy": 0.4198119647519574,
            "roc-auc": 0.8896821303331146,
            "score": 0.7940414507772021
        },
        "test": {
            "0": {
                "precision": 0.7875847776940467,
                "recall": 0.7810004203446826,
                "f1-score": 0.7842787796355791,
                "support": 21411.0
            },
            "1": {
                "precision": 0.7868830106353968,
                "recall": 0.7933373046785501,
                "f1-score": 0.7900969766115231,
                "support": 21823.0
            },
            "accuracy": 0.7872276449090994,
            "macro avg": {
                "precision": 0.7872338941647217,
                "recall": 0.7871688625116164,
                "f1-score": 0.7871878781235511,
                "support": 43234.0
            },
            "weighted avg": {
                "precision": 0.7872305504071679,
                "recall": 0.7872276449090994,
                "f1-score": 0.7872156004850501,
                "support": 43234.0
            },
            "cross-entropy": 0.4284076773130235,
            "roc-auc": 0.8856146178924897,
            "score": 0.7872276449090994
        }
    },
    "time": "0:00:57.769041",
    "chunk_size": null,
    "eval_batch_size": 32768
}