{
    "function": "_bin.model.main",
    "gpus": [
        "NVIDIA A100-SXM4-40GB"
    ],
    "config": {
        "seed": 7,
        "batch_size": 512,
        "patience": 16,
        "n_epochs": -1,
        "gradient_clipping_norm": 1.0,
        "amp": true,
        "data": {
            "cache": true,
            "path": "data/classif-num-large-0-jannis",
            "num_policy": "noisy-quantile"
        },
        "optimizer": {
            "type": "AdamW",
            "lr": 0.004157352859011471,
            "weight_decay": 0.0002876199545467971
        },
        "model": {
            "arch_type": "tabm-mini",
            "k": 32,
            "backbone": {
                "type": "MLP",
                "n_blocks": 3,
                "d_block": 528,
                "dropout": 0.0
            },
            "num_embeddings": {
                "type": "PiecewiseLinearEmbeddings",
                "d_embedding": 12
            }
        },
        "bins": {
            "n_bins": 9
        }
    },
    "n_parameters": 963016,
    "prediction_type": "probs",
    "epoch_size": 79,
    "best_step": 869,
    "metrics": {
        "train": {
            "0": {
                "precision": 0.9036983802310796,
                "recall": 0.8102602230483271,
                "f1-score": 0.8544323646247125,
                "support": 20175.0
            },
            "1": {
                "precision": 0.8276995093847054,
                "recall": 0.9134667925090656,
                "f1-score": 0.868470766033815,
                "support": 20131.0
            },
            "accuracy": 0.8618071751104054,
            "macro avg": {
                "precision": 0.8656989448078924,
                "recall": 0.8618635077786964,
                "f1-score": 0.8614515653292638,
                "support": 40306.0
            },
            "weighted avg": {
                "precision": 0.8657404268492417,
                "recall": 0.8618071751104054,
                "f1-score": 0.8614439028266339,
                "support": 40306.0
            },
            "cross-entropy": 0.3334618383254818,
            "roc-auc": 0.9383917373422175,
            "score": 0.8618071751104054
        },
        "val": {
            "0": {
                "precision": 0.847740236946029,
                "recall": 0.7535101404056163,
                "f1-score": 0.7978525707206278,
                "support": 2564.0
            },
            "1": {
                "precision": 0.7822941784361006,
                "recall": 0.8674560733384262,
                "f1-score": 0.82267705125883,
                "support": 2618.0
            },
            "accuracy": 0.8110768043226554,
            "macro avg": {
                "precision": 0.8150172076910648,
                "recall": 0.8104831068720213,
                "f1-score": 0.8102648109897288,
                "support": 5182.0
            },
            "weighted avg": {
                "precision": 0.8146762112457216,
                "recall": 0.8110768043226554,
                "f1-score": 0.8103941550604605,
                "support": 5182.0
            },
            "cross-entropy": 0.4261716562086749,
            "roc-auc": 0.8841750499660934,
            "score": 0.8110768043226554
        },
        "test": {
            "0": {
                "precision": 0.8456525786631912,
                "recall": 0.7506197322756569,
                "f1-score": 0.7953073016984766,
                "support": 6051.0
            },
            "1": {
                "precision": 0.7754798393096265,
                "recall": 0.8627710643933124,
                "f1-score": 0.8167998746278012,
                "support": 6041.0
            },
            "accuracy": 0.8066490241481972,
            "macro avg": {
                "precision": 0.8105662089864089,
                "recall": 0.8066953983344847,
                "f1-score": 0.806053588163139,
                "support": 12092.0
            },
            "weighted avg": {
                "precision": 0.8105952251703956,
                "recall": 0.8066490241481972,
                "f1-score": 0.8060447010588843,
                "support": 12092.0
            },
            "cross-entropy": 0.4297103942335144,
            "roc-auc": 0.8826880827100858,
            "score": 0.8066490241481972
        }
    },
    "time": "0:00:13.307986",
    "chunk_size": null,
    "eval_batch_size": 32768
}