{
    "function": "_bin.model.main",
    "gpus": [
        "NVIDIA A100-SXM4-40GB"
    ],
    "config": {
        "seed": 11,
        "batch_size": 512,
        "patience": 16,
        "n_epochs": -1,
        "gradient_clipping_norm": 1.0,
        "amp": true,
        "data": {
            "cache": true,
            "path": "data/classif-num-large-0-jannis",
            "num_policy": "noisy-quantile"
        },
        "optimizer": {
            "type": "AdamW",
            "lr": 0.004157352859011471,
            "weight_decay": 0.0002876199545467971
        },
        "model": {
            "arch_type": "tabm-mini",
            "k": 32,
            "backbone": {
                "type": "MLP",
                "n_blocks": 3,
                "d_block": 528,
                "dropout": 0.0
            },
            "num_embeddings": {
                "type": "PiecewiseLinearEmbeddings",
                "d_embedding": 12
            }
        },
        "bins": {
            "n_bins": 9
        }
    },
    "n_parameters": 963016,
    "prediction_type": "probs",
    "epoch_size": 79,
    "best_step": 869,
    "metrics": {
        "train": {
            "0": {
                "precision": 0.8808589717117489,
                "recall": 0.8457992565055762,
                "f1-score": 0.8629731711634258,
                "support": 20175.0
            },
            "1": {
                "precision": 0.851390083118372,
                "recall": 0.8853509512691868,
                "f1-score": 0.8680384755874833,
                "support": 20131.0
            },
            "accuracy": 0.865553515605617,
            "macro avg": {
                "precision": 0.8661245274150604,
                "recall": 0.8655751038873816,
                "f1-score": 0.8655058233754545,
                "support": 40306.0
            },
            "weighted avg": {
                "precision": 0.8661406122547631,
                "recall": 0.865553515605617,
                "f1-score": 0.8655030586084886,
                "support": 40306.0
            },
            "cross-entropy": 0.33692450946563746,
            "roc-auc": 0.9386346075091667,
            "score": 0.865553515605617
        },
        "val": {
            "0": {
                "precision": 0.8283367556468173,
                "recall": 0.7866614664586583,
                "f1-score": 0.8069613922784556,
                "support": 2564.0
            },
            "1": {
                "precision": 0.8008736803785949,
                "recall": 0.8403361344537815,
                "f1-score": 0.8201304753028891,
                "support": 2618.0
            },
            "accuracy": 0.8137784639135469,
            "macro avg": {
                "precision": 0.8146052180127061,
                "recall": 0.8134988004562199,
                "f1-score": 0.8135459337906723,
                "support": 5182.0
            },
            "weighted avg": {
                "precision": 0.8144621259570823,
                "recall": 0.8137784639135469,
                "f1-score": 0.8136145492367665,
                "support": 5182.0
            },
            "cross-entropy": 0.4280778933793339,
            "roc-auc": 0.8837168039815557,
            "score": 0.8137784639135469
        },
        "test": {
            "0": {
                "precision": 0.8181034482758621,
                "recall": 0.784167906131218,
                "f1-score": 0.8007763057969791,
                "support": 6051.0
            },
            "1": {
                "precision": 0.7924348378893833,
                "recall": 0.8253600397285218,
                "f1-score": 0.8085623935782048,
                "support": 6041.0
            },
            "accuracy": 0.8047469401257029,
            "macro avg": {
                "precision": 0.8052691430826227,
                "recall": 0.8047639729298699,
                "f1-score": 0.804669349687592,
                "support": 12092.0
            },
            "weighted avg": {
                "precision": 0.8052797569638608,
                "recall": 0.8047469401257029,
                "f1-score": 0.8046661301673382,
                "support": 12092.0
            },
            "cross-entropy": 0.4307517621299424,
            "roc-auc": 0.882034763222535,
            "score": 0.8047469401257029
        }
    },
    "time": "0:00:12.250659",
    "chunk_size": null,
    "eval_batch_size": 32768
}