{
    "function": "_bin.model.main",
    "gpus": [
        "Tesla V100-PCIE-16GB"
    ],
    "config": {
        "seed": 0,
        "batch_size": 512,
        "patience": 16,
        "n_epochs": -1,
        "gradient_clipping_norm": 1.0,
        "amp": true,
        "data": {
            "cache": true,
            "path": "data/classif-cat-large-0-road-safety",
            "num_policy": "noisy-quantile",
            "cat_policy": "ordinal"
        },
        "optimizer": {
            "type": "AdamW",
            "lr": 0.0005171502514831313,
            "weight_decay": 0.00010235561337628236
        },
        "model": {
            "arch_type": "plain",
            "backbone": {
                "type": "MLP",
                "n_blocks": 2,
                "d_block": 496,
                "dropout": 0.4582376177559271
            },
            "num_embeddings": {
                "type": "PiecewiseLinearEmbeddings",
                "d_embedding": 20
            }
        },
        "bins": {
            "n_bins": 22
        }
    },
    "n_parameters": 552578,
    "prediction_type": "probs",
    "epoch_size": 98,
    "best_step": 2254,
    "metrics": {
        "train": {
            "0": {
                "precision": 0.8371075990474128,
                "recall": 0.769380770455269,
                "f1-score": 0.8018165605623873,
                "support": 25128.0
            },
            "1": {
                "precision": 0.7846125255528712,
                "recall": 0.848745577356063,
                "f1-score": 0.815419974119783,
                "support": 24872.0
            },
            "accuracy": 0.80886,
            "macro avg": {
                "precision": 0.8108600623001421,
                "recall": 0.809063173905666,
                "f1-score": 0.8086182673410851,
                "support": 50000.0
            },
            "weighted avg": {
                "precision": 0.810994449688288,
                "recall": 0.80886,
                "f1-score": 0.8085834426023782,
                "support": 50000.0
            },
            "cross-entropy": 0.3755697260131708,
            "roc-auc": 0.9060229252473715,
            "score": 0.80886
        },
        "val": {
            "0": {
                "precision": 0.8178674351585015,
                "recall": 0.7594733461785484,
                "f1-score": 0.7875894988066826,
                "support": 9342.0
            },
            "1": {
                "precision": 0.771947630163402,
                "recall": 0.8279991291095145,
                "f1-score": 0.7989915436735122,
                "support": 9186.0
            },
            "accuracy": 0.7934477547495682,
            "macro avg": {
                "precision": 0.7949075326609517,
                "recall": 0.7937362376440315,
                "f1-score": 0.7932905212400974,
                "support": 18528.0
            },
            "weighted avg": {
                "precision": 0.7951008479021876,
                "recall": 0.7934477547495682,
                "f1-score": 0.7932425204035467,
                "support": 18528.0
            },
            "cross-entropy": 0.4032425580523725,
            "roc-auc": 0.8894402862267066,
            "score": 0.7934477547495682
        },
        "test": {
            "0": {
                "precision": 0.8106663978223612,
                "recall": 0.7511092429125216,
                "f1-score": 0.7797522364178525,
                "support": 21411.0
            },
            "1": {
                "precision": 0.7722260215421439,
                "recall": 0.8278880080648857,
                "f1-score": 0.7990888785687432,
                "support": 21823.0
            },
            "accuracy": 0.7898644585280103,
            "macro avg": {
                "precision": 0.7914462096822525,
                "recall": 0.7894986254887036,
                "f1-score": 0.7894205574932979,
                "support": 43234.0
            },
            "weighted avg": {
                "precision": 0.791263050189406,
                "recall": 0.7898644585280103,
                "f1-score": 0.7895126921161199,
                "support": 43234.0
            },
            "cross-entropy": 0.4098070386489284,
            "roc-auc": 0.8856072546321141,
            "score": 0.7898644585280103
        }
    },
    "time": "0:00:36.756540",
    "chunk_size": null,
    "eval_batch_size": 32768
}