{
    "function": "_bin.model.main",
    "gpus": [
        "Tesla V100-PCIE-16GB"
    ],
    "config": {
        "seed": 2,
        "batch_size": 512,
        "patience": 16,
        "n_epochs": -1,
        "gradient_clipping_norm": 1.0,
        "amp": true,
        "data": {
            "cache": true,
            "path": "data/classif-num-large-0-jannis",
            "num_policy": "noisy-quantile"
        },
        "optimizer": {
            "type": "AdamW",
            "lr": 3.442010718833056e-05,
            "weight_decay": 0.0
        },
        "model": {
            "arch_type": "plain",
            "backbone": {
                "type": "MLP",
                "n_blocks": 5,
                "d_block": 384,
                "dropout": 0.37805288910390616
            },
            "num_embeddings": {
                "type": "PiecewiseLinearEmbeddings",
                "d_embedding": 24
            }
        },
        "bins": {
            "n_bins": 45
        }
    },
    "n_parameters": 1151090,
    "prediction_type": "probs",
    "epoch_size": 79,
    "best_step": 3713,
    "metrics": {
        "train": {
            "0": {
                "precision": 0.8738172043010752,
                "recall": 0.8056009913258984,
                "f1-score": 0.8383236621534493,
                "support": 20175.0
            },
            "1": {
                "precision": 0.8193126324518566,
                "recall": 0.8834136406537182,
                "f1-score": 0.8501565599827904,
                "support": 20131.0
            },
            "accuracy": 0.8444648439438297,
            "macro avg": {
                "precision": 0.8465649183764659,
                "recall": 0.8445073159898082,
                "f1-score": 0.8442401110681199,
                "support": 40306.0
            },
            "weighted avg": {
                "precision": 0.8465946683040372,
                "recall": 0.8444648439438297,
                "f1-score": 0.8442336523832528,
                "support": 40306.0
            },
            "cross-entropy": 0.37154452482646755,
            "roc-auc": 0.9134834479758573,
            "score": 0.8444648439438297
        },
        "val": {
            "0": {
                "precision": 0.8246364414029085,
                "recall": 0.7519500780031201,
                "f1-score": 0.7866177070583436,
                "support": 2564.0
            },
            "1": {
                "precision": 0.7763713080168776,
                "recall": 0.8433919022154316,
                "f1-score": 0.8084950567557672,
                "support": 2618.0
            },
            "accuracy": 0.7981474334233887,
            "macro avg": {
                "precision": 0.800503874709893,
                "recall": 0.7976709901092758,
                "f1-score": 0.7975563819070554,
                "support": 5182.0
            },
            "weighted avg": {
                "precision": 0.8002523967860369,
                "recall": 0.7981474334233887,
                "f1-score": 0.7976703704137768,
                "support": 5182.0
            },
            "cross-entropy": 0.45690080313132997,
            "roc-auc": 0.8662388015765092,
            "score": 0.7981474334233887
        },
        "test": {
            "0": {
                "precision": 0.8164556962025317,
                "recall": 0.7461576598909271,
                "f1-score": 0.7797254123132717,
                "support": 6051.0
            },
            "1": {
                "precision": 0.7659250228588845,
                "recall": 0.831981460023175,
                "f1-score": 0.7975878759025629,
                "support": 6041.0
            },
            "accuracy": 0.7890340721137943,
            "macro avg": {
                "precision": 0.7911903595307082,
                "recall": 0.789069559957051,
                "f1-score": 0.7886566441079172,
                "support": 12092.0
            },
            "weighted avg": {
                "precision": 0.7912112537886239,
                "recall": 0.7890340721137943,
                "f1-score": 0.7886492580412661,
                "support": 12092.0
            },
            "cross-entropy": 0.4593475309307403,
            "roc-auc": 0.8657757622806158,
            "score": 0.7890340721137943
        }
    },
    "time": "0:01:02.719886",
    "chunk_size": null,
    "eval_batch_size": 32768
}