{
    "function": "_bin.model.main",
    "gpus": [
        "Tesla V100-PCIE-16GB"
    ],
    "config": {
        "seed": 9,
        "batch_size": 512,
        "patience": 16,
        "n_epochs": -1,
        "gradient_clipping_norm": 1.0,
        "amp": true,
        "data": {
            "cache": true,
            "path": "data/classif-num-large-0-MiniBooNE",
            "num_policy": "noisy-quantile"
        },
        "optimizer": {
            "type": "AdamW",
            "lr": 0.00026099266313791,
            "weight_decay": 0.019897366041434994
        },
        "model": {
            "arch_type": "plain",
            "backbone": {
                "type": "MLP",
                "n_blocks": 2,
                "d_block": 560,
                "dropout": 0.38594681331216396
            },
            "num_embeddings": {
                "type": "PiecewiseLinearEmbeddings",
                "d_embedding": 8
            }
        },
        "bins": {
            "n_bins": 13
        }
    },
    "n_parameters": 545842,
    "prediction_type": "probs",
    "epoch_size": 98,
    "best_step": 3724,
    "metrics": {
        "train": {
            "0": {
                "precision": 0.9695746041899888,
                "recall": 0.9654444842549464,
                "f1-score": 0.9675051365422592,
                "support": 25119.0
            },
            "1": {
                "precision": 0.9652633263966705,
                "recall": 0.969414412603995,
                "f1-score": 0.9673344161703663,
                "support": 24881.0
            },
            "accuracy": 0.96742,
            "macro avg": {
                "precision": 0.9674189652933296,
                "recall": 0.9674294484294708,
                "f1-score": 0.9674197763563128,
                "support": 50000.0
            },
            "weighted avg": {
                "precision": 0.9674292261344777,
                "recall": 0.96742,
                "f1-score": 0.9674201826707978,
                "support": 50000.0
            },
            "cross-entropy": 0.0876129590617037,
            "roc-auc": 0.9948289468363458,
            "score": 0.96742
        },
        "val": {
            "0": {
                "precision": 0.9556762939662568,
                "recall": 0.9499715747583855,
                "f1-score": 0.9528153955808981,
                "support": 3518.0
            },
            "1": {
                "precision": 0.9482657260435038,
                "recall": 0.9541555752735877,
                "f1-score": 0.9512015332448769,
                "support": 3381.0
            },
            "accuracy": 0.9520220321785766,
            "macro avg": {
                "precision": 0.9519710100048803,
                "recall": 0.9520635750159866,
                "f1-score": 0.9520084644128874,
                "support": 6899.0
            },
            "weighted avg": {
                "precision": 0.9520445893501055,
                "recall": 0.9520220321785766,
                "f1-score": 0.9520244884120204,
                "support": 6899.0
            },
            "cross-entropy": 0.13954402549975423,
            "roc-auc": 0.9877188411514098,
            "score": 0.9520220321785766
        },
        "test": {
            "0": {
                "precision": 0.9432148728974327,
                "recall": 0.9486135843296871,
                "f1-score": 0.9459065254613482,
                "support": 7862.0
            },
            "1": {
                "precision": 0.95068359375,
                "recall": 0.9454898628141314,
                "f1-score": 0.9480796153143831,
                "support": 8237.0
            },
            "accuracy": 0.9470153425678614,
            "macro avg": {
                "precision": 0.9469492333237164,
                "recall": 0.9470517235719093,
                "f1-score": 0.9469930703878657,
                "support": 16099.0
            },
            "weighted avg": {
                "precision": 0.9470362191712757,
                "recall": 0.9470153425678614,
                "f1-score": 0.9470183796833153,
                "support": 16099.0
            },
            "cross-entropy": 0.1517848861443638,
            "roc-auc": 0.9868265935697199,
            "score": 0.9470153425678614
        }
    },
    "time": "0:00:47.549090",
    "chunk_size": null,
    "eval_batch_size": 32768
}