{
    "function": "_bin.model.main",
    "gpus": [
        "NVIDIA A100-SXM4-40GB"
    ],
    "config": {
        "seed": 5,
        "batch_size": 512,
        "patience": 16,
        "n_epochs": -1,
        "gradient_clipping_norm": 1.0,
        "amp": true,
        "data": {
            "cache": true,
            "path": "data/regression-cat-large-0-nyc-taxi-green-dec-2016",
            "num_policy": "noisy-quantile",
            "cat_policy": "ordinal"
        },
        "optimizer": {
            "type": "AdamW",
            "lr": 0.00012045339381143615,
            "weight_decay": 0.00028593738845718775
        },
        "model": {
            "arch_type": "tabm-mini",
            "k": 32,
            "backbone": {
                "type": "MLP",
                "n_blocks": 4,
                "d_block": 928,
                "dropout": 0.23456710406401882
            },
            "num_embeddings": {
                "type": "PiecewiseLinearEmbeddings",
                "d_embedding": 32
            }
        },
        "bins": {
            "n_bins": 122
        }
    },
    "n_parameters": 2943104,
    "prediction_type": "labels",
    "epoch_size": 98,
    "best_step": 23226,
    "metrics": {
        "train": {
            "rmse": 0.3272966646913215,
            "mae": 0.19115625321865082,
            "r2": 0.6978110074996948,
            "score": -0.3272966646913215
        },
        "val": {
            "rmse": 0.3506108330943191,
            "mae": 0.2032046914100647,
            "r2": 0.6561453342437744,
            "score": -0.3506108330943191
        },
        "test": {
            "rmse": 0.35075519906824576,
            "mae": 0.20266635715961456,
            "r2": 0.6544890403747559,
            "score": -0.35075519906824576
        }
    },
    "time": "0:03:22.373935",
    "chunk_size": null,
    "eval_batch_size": 32768
}