{
    "function": "_bin.model.main",
    "gpus": [
        "Tesla V100-PCIE-16GB"
    ],
    "config": {
        "seed": 1,
        "batch_size": 512,
        "patience": 16,
        "n_epochs": -1,
        "gradient_clipping_norm": 1.0,
        "amp": true,
        "data": {
            "cache": true,
            "path": "data/classif-cat-large-0-road-safety",
            "num_policy": "noisy-quantile",
            "cat_policy": "ordinal"
        },
        "optimizer": {
            "type": "AdamW",
            "lr": 0.0005171502514831313,
            "weight_decay": 0.00010235561337628236
        },
        "model": {
            "arch_type": "plain",
            "backbone": {
                "type": "MLP",
                "n_blocks": 2,
                "d_block": 496,
                "dropout": 0.4582376177559271
            },
            "num_embeddings": {
                "type": "PiecewiseLinearEmbeddings",
                "d_embedding": 20
            }
        },
        "bins": {
            "n_bins": 22
        }
    },
    "n_parameters": 552578,
    "prediction_type": "probs",
    "epoch_size": 98,
    "best_step": 4018,
    "metrics": {
        "train": {
            "0": {
                "precision": 0.8483664343552351,
                "recall": 0.8380690862782554,
                "f1-score": 0.8431863225961442,
                "support": 25128.0
            },
            "1": {
                "precision": 0.8383842395837471,
                "recall": 0.8486651656481183,
                "f1-score": 0.8434933764910387,
                "support": 24872.0
            },
            "accuracy": 0.84334,
            "macro avg": {
                "precision": 0.8433753369694911,
                "recall": 0.8433671259631869,
                "f1-score": 0.8433398495435915,
                "support": 50000.0
            },
            "weighted avg": {
                "precision": 0.8434008913881061,
                "recall": 0.84334,
                "f1-score": 0.8433390634856206,
                "support": 50000.0
            },
            "cross-entropy": 0.3215118065858248,
            "roc-auc": 0.9348360709666986,
            "score": 0.84334
        },
        "val": {
            "0": {
                "precision": 0.7964123622217419,
                "recall": 0.7889102975808178,
                "f1-score": 0.7926435792643579,
                "support": 9342.0
            },
            "1": {
                "precision": 0.787362518869959,
                "recall": 0.7949052906596995,
                "f1-score": 0.791115926327194,
                "support": 9186.0
            },
            "accuracy": 0.7918825561312608,
            "macro avg": {
                "precision": 0.7918874405458505,
                "recall": 0.7919077941202586,
                "f1-score": 0.7918797527957759,
                "support": 18528.0
            },
            "weighted avg": {
                "precision": 0.79192553897965,
                "recall": 0.7918825561312608,
                "f1-score": 0.7918861839771825,
                "support": 18528.0
            },
            "cross-entropy": 0.40943015735016436,
            "roc-auc": 0.889124720103377,
            "score": 0.7918825561312608
        },
        "test": {
            "0": {
                "precision": 0.7897240275030611,
                "recall": 0.7831955536873569,
                "f1-score": 0.7864462422323837,
                "support": 21411.0
            },
            "1": {
                "precision": 0.789,
                "recall": 0.7953993493103606,
                "f1-score": 0.7921867512493439,
                "support": 21823.0
            },
            "accuracy": 0.7893555997594486,
            "macro avg": {
                "precision": 0.7893620137515306,
                "recall": 0.7892974514988588,
                "f1-score": 0.7893164967408638,
                "support": 43234.0
            },
            "weighted avg": {
                "precision": 0.7893585639281131,
                "recall": 0.7893555997594486,
                "f1-score": 0.7893438489372254,
                "support": 43234.0
            },
            "cross-entropy": 0.4138735500197142,
            "roc-auc": 0.8869271305578915,
            "score": 0.7893555997594486
        }
    },
    "time": "0:00:56.910777",
    "chunk_size": null,
    "eval_batch_size": 32768
}