{
    "function": "_bin.model.main",
    "gpus": [
        "Tesla V100-PCIE-16GB"
    ],
    "config": {
        "seed": 5,
        "batch_size": 512,
        "patience": 16,
        "n_epochs": -1,
        "gradient_clipping_norm": 1.0,
        "amp": true,
        "data": {
            "cache": true,
            "path": "data/classif-num-large-0-MiniBooNE",
            "num_policy": "noisy-quantile"
        },
        "optimizer": {
            "type": "AdamW",
            "lr": 0.00026099266313791,
            "weight_decay": 0.019897366041434994
        },
        "model": {
            "arch_type": "plain",
            "backbone": {
                "type": "MLP",
                "n_blocks": 2,
                "d_block": 560,
                "dropout": 0.38594681331216396
            },
            "num_embeddings": {
                "type": "PiecewiseLinearEmbeddings",
                "d_embedding": 8
            }
        },
        "bins": {
            "n_bins": 13
        }
    },
    "n_parameters": 545842,
    "prediction_type": "probs",
    "epoch_size": 98,
    "best_step": 3234,
    "metrics": {
        "train": {
            "0": {
                "precision": 0.9786478321221523,
                "recall": 0.9542975436920259,
                "f1-score": 0.9663193114707839,
                "support": 25119.0
            },
            "1": {
                "precision": 0.9549909825139183,
                "recall": 0.9789799445359914,
                "f1-score": 0.9668366840653343,
                "support": 24881.0
            },
            "accuracy": 0.96658,
            "macro avg": {
                "precision": 0.9668194073180354,
                "recall": 0.9666387441140086,
                "f1-score": 0.9665779977680591,
                "support": 50000.0
            },
            "weighted avg": {
                "precision": 0.966875710620103,
                "recall": 0.96658,
                "f1-score": 0.9665767664212841,
                "support": 50000.0
            },
            "cross-entropy": 0.09282669756885954,
            "roc-auc": 0.9939486300904811,
            "score": 0.96658
        },
        "val": {
            "0": {
                "precision": 0.9643587496348233,
                "recall": 0.9383172256964184,
                "f1-score": 0.9511597752485232,
                "support": 3518.0
            },
            "1": {
                "precision": 0.937571921749137,
                "recall": 0.963916001183082,
                "f1-score": 0.9505614700306256,
                "support": 3381.0
            },
            "accuracy": 0.9508624438324395,
            "macro avg": {
                "precision": 0.95096533569198,
                "recall": 0.9511166134397502,
                "f1-score": 0.9508606226395744,
                "support": 6899.0
            },
            "weighted avg": {
                "precision": 0.9512313014421134,
                "recall": 0.9508624438324395,
                "f1-score": 0.9508665631972533,
                "support": 6899.0
            },
            "cross-entropy": 0.13915244046085615,
            "roc-auc": 0.98729838970712,
            "score": 0.9508624438324395
        },
        "test": {
            "0": {
                "precision": 0.9563693026879626,
                "recall": 0.9367845331976596,
                "f1-score": 0.9464756152412774,
                "support": 7862.0
            },
            "1": {
                "precision": 0.9408192426768278,
                "recall": 0.9592084496782809,
                "f1-score": 0.9499248572287345,
                "support": 8237.0
            },
            "accuracy": 0.9482576557550159,
            "macro avg": {
                "precision": 0.9485942726823953,
                "recall": 0.9479964914379703,
                "f1-score": 0.9482002362350059,
                "support": 16099.0
            },
            "weighted avg": {
                "precision": 0.9484131660141495,
                "recall": 0.9482576557550159,
                "f1-score": 0.9482404084738189,
                "support": 16099.0
            },
            "cross-entropy": 0.1463850229728807,
            "roc-auc": 0.9867018933220613,
            "score": 0.9482576557550159
        }
    },
    "time": "0:00:41.844514",
    "chunk_size": null,
    "eval_batch_size": 32768
}