{
    "function": "_bin.model.main",
    "gpus": [
        "NVIDIA A100-SXM4-40GB"
    ],
    "config": {
        "seed": 3,
        "batch_size": 512,
        "patience": 16,
        "n_epochs": -1,
        "gradient_clipping_norm": 1.0,
        "amp": true,
        "data": {
            "cache": true,
            "path": "data/classif-num-large-0-MiniBooNE",
            "num_policy": "noisy-quantile"
        },
        "optimizer": {
            "type": "AdamW",
            "lr": 0.0036908332048455257,
            "weight_decay": 0.005798060111967995
        },
        "model": {
            "arch_type": "tabm-mini",
            "k": 32,
            "backbone": {
                "type": "MLP",
                "n_blocks": 3,
                "d_block": 480,
                "dropout": 0.10621825071291778
            },
            "num_embeddings": {
                "type": "PiecewiseLinearEmbeddings",
                "d_embedding": 24
            }
        },
        "bins": {
            "n_bins": 2
        }
    },
    "n_parameters": 1112224,
    "prediction_type": "probs",
    "epoch_size": 98,
    "best_step": 4606,
    "metrics": {
        "train": {
            "0": {
                "precision": 0.9948380852522483,
                "recall": 0.9820852740953063,
                "f1-score": 0.9884205465181505,
                "support": 25119.0
            },
            "1": {
                "precision": 0.9821449827401499,
                "recall": 0.9948555122382541,
                "f1-score": 0.9884593882277773,
                "support": 24881.0
            },
            "accuracy": 0.98844,
            "macro avg": {
                "precision": 0.988491533996199,
                "recall": 0.9884703931667802,
                "f1-score": 0.9884399673729639,
                "support": 50000.0
            },
            "weighted avg": {
                "precision": 0.9885217435801779,
                "recall": 0.98844,
                "f1-score": 0.9884398749296949,
                "support": 50000.0
            },
            "cross-entropy": 0.04759352836273134,
            "roc-auc": 0.9993121052139551,
            "score": 0.98844
        },
        "val": {
            "0": {
                "precision": 0.9640162507254788,
                "recall": 0.9442865264354747,
                "f1-score": 0.9540493968983343,
                "support": 3518.0
            },
            "1": {
                "precision": 0.9432377642629598,
                "recall": 0.9633244602188702,
                "f1-score": 0.9531752999707346,
                "support": 3381.0
            },
            "accuracy": 0.9536164661545151,
            "macro avg": {
                "precision": 0.9536270074942192,
                "recall": 0.9538054933271725,
                "f1-score": 0.9536123484345345,
                "support": 6899.0
            },
            "weighted avg": {
                "precision": 0.9538333165712859,
                "recall": 0.9536164661545151,
                "f1-score": 0.9536210273212631,
                "support": 6899.0
            },
            "cross-entropy": 0.1320428037263674,
            "roc-auc": 0.9878348205090179,
            "score": 0.9536164661545151
        },
        "test": {
            "0": {
                "precision": 0.9530709065264777,
                "recall": 0.945433731874841,
                "f1-score": 0.9492369580486559,
                "support": 7862.0
            },
            "1": {
                "precision": 0.9483132530120482,
                "recall": 0.9555663469709846,
                "f1-score": 0.9519259841567395,
                "support": 8237.0
            },
            "accuracy": 0.9506180508106093,
            "macro avg": {
                "precision": 0.950692079769263,
                "recall": 0.9505000394229128,
                "f1-score": 0.9505814711026976,
                "support": 16099.0
            },
            "weighted avg": {
                "precision": 0.9506366688720671,
                "recall": 0.9506180508106093,
                "f1-score": 0.9506127893457728,
                "support": 16099.0
            },
            "cross-entropy": 0.1418419623812261,
            "roc-auc": 0.9873068180761823,
            "score": 0.9506180508106093
        }
    },
    "time": "0:00:38.139681",
    "chunk_size": null,
    "eval_batch_size": 32768
}