{
    "function": "_bin.model.main",
    "gpus": [
        "NVIDIA A100-SXM4-40GB"
    ],
    "config": {
        "seed": 14,
        "batch_size": 512,
        "patience": 16,
        "n_epochs": -1,
        "gradient_clipping_norm": 1.0,
        "amp": true,
        "data": {
            "cache": true,
            "path": "data/regression-cat-large-0-particulate-matter-ukair-2017",
            "num_policy": "noisy-quantile",
            "cat_policy": "ordinal"
        },
        "optimizer": {
            "type": "AdamW",
            "lr": 0.0006270838221461209,
            "weight_decay": 0.0
        },
        "model": {
            "arch_type": "tabm-mini",
            "k": 32,
            "backbone": {
                "type": "MLP",
                "n_blocks": 3,
                "d_block": 944,
                "dropout": 0.28165809461236535
            },
            "num_embeddings": {
                "type": "PiecewiseLinearEmbeddings",
                "d_embedding": 32
            }
        },
        "bins": {
            "n_bins": 74
        }
    },
    "n_parameters": 1938784,
    "prediction_type": "labels",
    "epoch_size": 98,
    "best_step": 5292,
    "metrics": {
        "train": {
            "rmse": 0.34003473812642393,
            "mae": 0.23562836647033691,
            "r2": 0.7515287399291992,
            "score": -0.34003473812642393
        },
        "val": {
            "rmse": 0.36440615663101156,
            "mae": 0.2511032223701477,
            "r2": 0.7115660905838013,
            "score": -0.36440615663101156
        },
        "test": {
            "rmse": 0.3603850971941651,
            "mae": 0.24838542938232422,
            "r2": 0.7187868356704712,
            "score": -0.3603850971941651
        }
    },
    "time": "0:00:49.135111",
    "chunk_size": null,
    "eval_batch_size": 32768
}