{
    "function": "_bin.model.main",
    "gpus": [
        "Tesla V100-PCIE-16GB"
    ],
    "config": {
        "seed": 12,
        "batch_size": 512,
        "patience": 16,
        "n_epochs": -1,
        "gradient_clipping_norm": 1.0,
        "amp": true,
        "data": {
            "cache": true,
            "path": "data/regression-cat-large-0-nyc-taxi-green-dec-2016",
            "num_policy": "noisy-quantile",
            "cat_policy": "ordinal"
        },
        "optimizer": {
            "type": "AdamW",
            "lr": 0.0002726699238570058,
            "weight_decay": 0.002005501913039345
        },
        "model": {
            "arch_type": "plain",
            "backbone": {
                "type": "MLP",
                "n_blocks": 3,
                "d_block": 240,
                "dropout": 0.2588303575526417
            },
            "num_embeddings": {
                "type": "PiecewiseLinearEmbeddings",
                "d_embedding": 20
            }
        },
        "bins": {
            "n_bins": 122
        }
    },
    "n_parameters": 183541,
    "prediction_type": "labels",
    "epoch_size": 98,
    "best_step": 6762,
    "metrics": {
        "train": {
            "rmse": 0.3482559047357219,
            "mae": 0.216523677110672,
            "r2": 0.6578689813613892,
            "score": -0.3482559047357219
        },
        "val": {
            "rmse": 0.36727139346508675,
            "mae": 0.2264096885919571,
            "r2": 0.6226898431777954,
            "score": -0.36727139346508675
        },
        "test": {
            "rmse": 0.3685211352352249,
            "mae": 0.22621965408325195,
            "r2": 0.6186019778251648,
            "score": -0.3685211352352249
        }
    },
    "time": "0:01:31.226067",
    "chunk_size": null,
    "eval_batch_size": 32768
}