{
    "function": "_bin.model.main",
    "gpus": [
        "NVIDIA A100-SXM4-40GB"
    ],
    "config": {
        "seed": 11,
        "batch_size": 512,
        "patience": 16,
        "n_epochs": -1,
        "gradient_clipping_norm": 1.0,
        "amp": true,
        "data": {
            "cache": true,
            "path": "data/regression-cat-large-0-nyc-taxi-green-dec-2016",
            "num_policy": "noisy-quantile",
            "cat_policy": "ordinal"
        },
        "optimizer": {
            "type": "AdamW",
            "lr": 0.00012045339381143615,
            "weight_decay": 0.00028593738845718775
        },
        "model": {
            "arch_type": "tabm-mini",
            "k": 32,
            "backbone": {
                "type": "MLP",
                "n_blocks": 4,
                "d_block": 928,
                "dropout": 0.23456710406401882
            },
            "num_embeddings": {
                "type": "PiecewiseLinearEmbeddings",
                "d_embedding": 32
            }
        },
        "bins": {
            "n_bins": 122
        }
    },
    "n_parameters": 2943104,
    "prediction_type": "labels",
    "epoch_size": 98,
    "best_step": 23520,
    "metrics": {
        "train": {
            "rmse": 0.3230019682331172,
            "mae": 0.18445464968681335,
            "r2": 0.7056894302368164,
            "score": -0.3230019682331172
        },
        "val": {
            "rmse": 0.34853401173205695,
            "mae": 0.1981920748949051,
            "r2": 0.6602068543434143,
            "score": -0.34853401173205695
        },
        "test": {
            "rmse": 0.3486729980731017,
            "mae": 0.19762496650218964,
            "r2": 0.6585789918899536,
            "score": -0.3486729980731017
        }
    },
    "time": "0:03:32.781151",
    "chunk_size": null,
    "eval_batch_size": 32768
}