{
    "function": "_bin.model.main",
    "gpus": [
        "NVIDIA A100-SXM4-40GB"
    ],
    "config": {
        "seed": 5,
        "batch_size": 512,
        "patience": 16,
        "n_epochs": -1,
        "gradient_clipping_norm": 1.0,
        "amp": true,
        "data": {
            "cache": true,
            "path": "data/regression-num-large-0-year",
            "num_policy": "noisy-quantile"
        },
        "optimizer": {
            "type": "AdamW",
            "lr": 0.0029232454363218546,
            "weight_decay": 0.0
        },
        "model": {
            "arch_type": "tabm-mini",
            "k": 32,
            "backbone": {
                "type": "MLP",
                "n_blocks": 3,
                "d_block": 640,
                "dropout": 0.31823104942087554
            },
            "num_embeddings": {
                "type": "PiecewiseLinearEmbeddings",
                "d_embedding": 20
            }
        },
        "bins": {
            "n_bins": 2
        }
    },
    "n_parameters": 2058432,
    "prediction_type": "labels",
    "epoch_size": 98,
    "best_step": 3528,
    "metrics": {
        "train": {
            "rmse": 7.322047594863428,
            "mae": 5.317999839782715,
            "r2": 0.5562018156051636,
            "score": -7.322047594863428
        },
        "val": {
            "rmse": 8.789379768579156,
            "mae": 6.093428134918213,
            "r2": 0.3307679295539856,
            "score": -8.789379768579156
        },
        "test": {
            "rmse": 8.865970800336637,
            "mae": 6.0944952964782715,
            "r2": 0.3381139039993286,
            "score": -8.865970800336637
        }
    },
    "time": "0:00:31.627332",
    "chunk_size": null,
    "eval_batch_size": 32768
}