{
    "function": "_bin.model.main",
    "gpus": [
        "NVIDIA A100-SXM4-40GB"
    ],
    "config": {
        "seed": 11,
        "batch_size": 512,
        "patience": 16,
        "n_epochs": -1,
        "gradient_clipping_norm": 1.0,
        "amp": true,
        "data": {
            "cache": true,
            "path": "data/classif-num-large-0-MiniBooNE",
            "num_policy": "noisy-quantile"
        },
        "optimizer": {
            "type": "AdamW",
            "lr": 0.0036908332048455257,
            "weight_decay": 0.005798060111967995
        },
        "model": {
            "arch_type": "tabm-mini",
            "k": 32,
            "backbone": {
                "type": "MLP",
                "n_blocks": 3,
                "d_block": 480,
                "dropout": 0.10621825071291778
            },
            "num_embeddings": {
                "type": "PiecewiseLinearEmbeddings",
                "d_embedding": 24
            }
        },
        "bins": {
            "n_bins": 2
        }
    },
    "n_parameters": 1112224,
    "prediction_type": "probs",
    "epoch_size": 98,
    "best_step": 2156,
    "metrics": {
        "train": {
            "0": {
                "precision": 0.9867702041990222,
                "recall": 0.9561288267845057,
                "f1-score": 0.9712078935662583,
                "support": 25119.0
            },
            "1": {
                "precision": 0.9570554538014886,
                "recall": 0.9870583979743579,
                "f1-score": 0.9718254125281943,
                "support": 24881.0
            },
            "accuracy": 0.97152,
            "macro avg": {
                "precision": 0.9719128290002554,
                "recall": 0.9715936123794318,
                "f1-score": 0.9715166530472263,
                "support": 50000.0
            },
            "weighted avg": {
                "precision": 0.9719835501062014,
                "recall": 0.97152,
                "f1-score": 0.971515183352097,
                "support": 50000.0
            },
            "cross-entropy": 0.08941825011342686,
            "roc-auc": 0.9959965924923939,
            "score": 0.97152
        },
        "val": {
            "0": {
                "precision": 0.9730290456431535,
                "recall": 0.9332006822057988,
                "f1-score": 0.952698781195589,
                "support": 3518.0
            },
            "1": {
                "precision": 0.9333333333333333,
                "recall": 0.9730848861283644,
                "f1-score": 0.9527946713003186,
                "support": 3381.0
            },
            "accuracy": 0.9527467748949123,
            "macro avg": {
                "precision": 0.9531811894882434,
                "recall": 0.9531427841670816,
                "f1-score": 0.9527467262479539,
                "support": 6899.0
            },
            "weighted avg": {
                "precision": 0.9535753272318618,
                "recall": 0.9527467748949123,
                "f1-score": 0.9527457741574807,
                "support": 6899.0
            },
            "cross-entropy": 0.13161668860259257,
            "roc-auc": 0.9881536271230443,
            "score": 0.9527467748949123
        },
        "test": {
            "0": {
                "precision": 0.961292009938538,
                "recall": 0.9350038158229458,
                "f1-score": 0.9479656973370301,
                "support": 7862.0
            },
            "1": {
                "precision": 0.939540937056318,
                "recall": 0.9640645866213428,
                "f1-score": 0.9516447959733957,
                "support": 8237.0
            },
            "accuracy": 0.9498726628983166,
            "macro avg": {
                "precision": 0.9504164734974281,
                "recall": 0.9495342012221443,
                "f1-score": 0.9498052466552129,
                "support": 16099.0
            },
            "weighted avg": {
                "precision": 0.9501631455785873,
                "recall": 0.9498726628983166,
                "f1-score": 0.9498480959622704,
                "support": 16099.0
            },
            "cross-entropy": 0.13689536717090064,
            "roc-auc": 0.9874617147617452,
            "score": 0.9498726628983166
        }
    },
    "time": "0:00:20.584148",
    "chunk_size": null,
    "eval_batch_size": 32768
}