{
    "function": "_bin.model.main",
    "gpus": [
        "Tesla V100-PCIE-16GB"
    ],
    "config": {
        "seed": 1,
        "batch_size": 512,
        "patience": 16,
        "n_epochs": -1,
        "gradient_clipping_norm": 1.0,
        "amp": true,
        "data": {
            "cache": true,
            "path": "data/regression-cat-large-0-particulate-matter-ukair-2017",
            "num_policy": "noisy-quantile",
            "cat_policy": "ordinal"
        },
        "optimizer": {
            "type": "AdamW",
            "lr": 6.889031839851212e-05,
            "weight_decay": 0.0
        },
        "model": {
            "arch_type": "plain",
            "backbone": {
                "type": "MLP",
                "n_blocks": 1,
                "d_block": 272,
                "dropout": 0.30553863189595615
            },
            "num_embeddings": {
                "type": "PiecewiseLinearEmbeddings",
                "d_embedding": 32
            }
        },
        "bins": {
            "n_bins": 42
        }
    },
    "n_parameters": 37137,
    "prediction_type": "labels",
    "epoch_size": 98,
    "best_step": 45668,
    "metrics": {
        "train": {
            "rmse": 0.35643176745454247,
            "mae": 0.2456788420677185,
            "r2": 0.7269875407218933,
            "score": -0.35643176745454247
        },
        "val": {
            "rmse": 0.3706274214564148,
            "mae": 0.25578299164772034,
            "r2": 0.7016335725784302,
            "score": -0.3706274214564148
        },
        "test": {
            "rmse": 0.3658623625889718,
            "mae": 0.2527693510055542,
            "r2": 0.7101739048957825,
            "score": -0.3658623625889718
        }
    },
    "time": "0:06:26.716364",
    "chunk_size": null,
    "eval_batch_size": 32768
}