{
    "function": "_bin.model.main",
    "gpus": [
        "Tesla V100-PCIE-16GB"
    ],
    "config": {
        "seed": 12,
        "batch_size": 512,
        "patience": 16,
        "n_epochs": -1,
        "gradient_clipping_norm": 1.0,
        "amp": true,
        "data": {
            "cache": true,
            "path": "data/classif-num-large-0-jannis",
            "num_policy": "noisy-quantile"
        },
        "optimizer": {
            "type": "AdamW",
            "lr": 3.442010718833056e-05,
            "weight_decay": 0.0
        },
        "model": {
            "arch_type": "plain",
            "backbone": {
                "type": "MLP",
                "n_blocks": 5,
                "d_block": 384,
                "dropout": 0.37805288910390616
            },
            "num_embeddings": {
                "type": "PiecewiseLinearEmbeddings",
                "d_embedding": 24
            }
        },
        "bins": {
            "n_bins": 45
        }
    },
    "n_parameters": 1151090,
    "prediction_type": "probs",
    "epoch_size": 79,
    "best_step": 2212,
    "metrics": {
        "train": {
            "0": {
                "precision": 0.8447012860166042,
                "recall": 0.7715985130111525,
                "f1-score": 0.8064967360895244,
                "support": 20175.0
            },
            "1": {
                "precision": 0.7893678292270421,
                "recall": 0.8578312056032984,
                "f1-score": 0.8221767282422395,
                "support": 20131.0
            },
            "accuracy": 0.814667791395822,
            "macro avg": {
                "precision": 0.8170345576218232,
                "recall": 0.8147148593072254,
                "f1-score": 0.814336732165882,
                "support": 40306.0
            },
            "weighted avg": {
                "precision": 0.8170647599750552,
                "recall": 0.814667791395822,
                "f1-score": 0.8143281736428988,
                "support": 40306.0
            },
            "cross-entropy": 0.4164608054474436,
            "roc-auc": 0.8889015375560219,
            "score": 0.814667791395822
        },
        "val": {
            "0": {
                "precision": 0.8332607749238137,
                "recall": 0.7464898595943837,
                "f1-score": 0.7874922855379551,
                "support": 2564.0
            },
            "1": {
                "precision": 0.7746967071057193,
                "recall": 0.8537051184110007,
                "f1-score": 0.8122842086134836,
                "support": 2618.0
            },
            "accuracy": 0.8006561173292165,
            "macro avg": {
                "precision": 0.8039787410147665,
                "recall": 0.8000974890026922,
                "f1-score": 0.7998882470757194,
                "support": 5182.0
            },
            "weighted avg": {
                "precision": 0.803673602104869,
                "recall": 0.8006561173292165,
                "f1-score": 0.8000174215108873,
                "support": 5182.0
            },
            "cross-entropy": 0.45117698924951943,
            "roc-auc": 0.8675743592004947,
            "score": 0.8006561173292165
        },
        "test": {
            "0": {
                "precision": 0.8163560702008322,
                "recall": 0.7456618740704016,
                "f1-score": 0.7794092243910865,
                "support": 6051.0
            },
            "1": {
                "precision": 0.7655750190403656,
                "recall": 0.831981460023175,
                "f1-score": 0.7973980644137713,
                "support": 6041.0
            },
            "accuracy": 0.7887859741978167,
            "macro avg": {
                "precision": 0.790965544620599,
                "recall": 0.7888216670467882,
                "f1-score": 0.7884036444024289,
                "support": 12092.0
            },
            "weighted avg": {
                "precision": 0.7909865424088725,
                "recall": 0.7887859741978167,
                "f1-score": 0.7883962060795614,
                "support": 12092.0
            },
            "cross-entropy": 0.4552154707326479,
            "roc-auc": 0.8660022759148902,
            "score": 0.7887859741978167
        }
    },
    "time": "0:00:45.180075",
    "chunk_size": null,
    "eval_batch_size": 32768
}