{
    "function": "_bin.model.main",
    "gpus": [
        "Tesla V100-PCIE-16GB"
    ],
    "config": {
        "seed": 8,
        "batch_size": 512,
        "patience": 16,
        "n_epochs": -1,
        "gradient_clipping_norm": 1.0,
        "amp": true,
        "data": {
            "cache": true,
            "path": "data/classif-cat-large-0-road-safety",
            "num_policy": "noisy-quantile",
            "cat_policy": "ordinal"
        },
        "optimizer": {
            "type": "AdamW",
            "lr": 0.0005171502514831313,
            "weight_decay": 0.00010235561337628236
        },
        "model": {
            "arch_type": "plain",
            "backbone": {
                "type": "MLP",
                "n_blocks": 2,
                "d_block": 496,
                "dropout": 0.4582376177559271
            },
            "num_embeddings": {
                "type": "PiecewiseLinearEmbeddings",
                "d_embedding": 20
            }
        },
        "bins": {
            "n_bins": 22
        }
    },
    "n_parameters": 552578,
    "prediction_type": "probs",
    "epoch_size": 98,
    "best_step": 4410,
    "metrics": {
        "train": {
            "0": {
                "precision": 0.8656575212866604,
                "recall": 0.8375119388729704,
                "f1-score": 0.8513521713626894,
                "support": 25128.0
            },
            "1": {
                "precision": 0.8410603760364358,
                "recall": 0.8686876809263429,
                "f1-score": 0.8546508178240145,
                "support": 24872.0
            },
            "accuracy": 0.85302,
            "macro avg": {
                "precision": 0.853358948661548,
                "recall": 0.8530998098996566,
                "f1-score": 0.853001494593352,
                "support": 50000.0
            },
            "weighted avg": {
                "precision": 0.8534219173533886,
                "recall": 0.85302,
                "f1-score": 0.852993050058411,
                "support": 50000.0
            },
            "cross-entropy": 0.3060184417878596,
            "roc-auc": 0.9414960839549432,
            "score": 0.85302
        },
        "val": {
            "0": {
                "precision": 0.8041089870358163,
                "recall": 0.7834510811389425,
                "f1-score": 0.7936456300151811,
                "support": 9342.0
            },
            "1": {
                "precision": 0.7853808614470613,
                "recall": 0.8059002830394077,
                "f1-score": 0.7955082742316785,
                "support": 9186.0
            },
            "accuracy": 0.7945811744386874,
            "macro avg": {
                "precision": 0.7947449242414388,
                "recall": 0.7946756820891752,
                "f1-score": 0.7945769521234298,
                "support": 18528.0
            },
            "weighted avg": {
                "precision": 0.7948237667390599,
                "recall": 0.7945811744386874,
                "f1-score": 0.7945691106808085,
                "support": 18528.0
            },
            "cross-entropy": 0.41322189600942333,
            "roc-auc": 0.8909391801575685,
            "score": 0.7945811744386874
        },
        "test": {
            "0": {
                "precision": 0.7960969044414535,
                "recall": 0.7735276259866424,
                "f1-score": 0.7846500059220656,
                "support": 21411.0
            },
            "1": {
                "precision": 0.7838163174320107,
                "recall": 0.8056179260413325,
                "f1-score": 0.7945675999367274,
                "support": 21823.0
            },
            "accuracy": 0.7897256788638571,
            "macro avg": {
                "precision": 0.7899566109367322,
                "recall": 0.7895727760139875,
                "f1-score": 0.7896088029293965,
                "support": 43234.0
            },
            "weighted avg": {
                "precision": 0.7898980967829655,
                "recall": 0.7897256788638571,
                "f1-score": 0.7896560579686485,
                "support": 43234.0
            },
            "cross-entropy": 0.41988567581312314,
            "roc-auc": 0.887038617446752,
            "score": 0.7897256788638571
        }
    },
    "time": "0:00:55.269498",
    "chunk_size": null,
    "eval_batch_size": 32768
}