{
    "function": "_bin.model.main",
    "gpus": [
        "Tesla V100-PCIE-16GB"
    ],
    "config": {
        "seed": 3,
        "batch_size": 512,
        "patience": 16,
        "n_epochs": -1,
        "gradient_clipping_norm": 1.0,
        "amp": true,
        "data": {
            "cache": true,
            "path": "data/regression-cat-large-0-particulate-matter-ukair-2017",
            "num_policy": "noisy-quantile",
            "cat_policy": "ordinal"
        },
        "optimizer": {
            "type": "AdamW",
            "lr": 6.889031839851212e-05,
            "weight_decay": 0.0
        },
        "model": {
            "arch_type": "plain",
            "backbone": {
                "type": "MLP",
                "n_blocks": 1,
                "d_block": 272,
                "dropout": 0.30553863189595615
            },
            "num_embeddings": {
                "type": "PiecewiseLinearEmbeddings",
                "d_embedding": 32
            }
        },
        "bins": {
            "n_bins": 42
        }
    },
    "n_parameters": 37137,
    "prediction_type": "labels",
    "epoch_size": 98,
    "best_step": 61740,
    "metrics": {
        "train": {
            "rmse": 0.3509502589962725,
            "mae": 0.24199891090393066,
            "r2": 0.7353202104568481,
            "score": -0.3509502589962725
        },
        "val": {
            "rmse": 0.3691841180600316,
            "mae": 0.2549501955509186,
            "r2": 0.7039527893066406,
            "score": -0.3691841180600316
        },
        "test": {
            "rmse": 0.3643386791964938,
            "mae": 0.2517297565937042,
            "r2": 0.7125829458236694,
            "score": -0.3643386791964938
        }
    },
    "time": "0:08:06.586493",
    "chunk_size": null,
    "eval_batch_size": 32768
}