{
    "function": "_bin.model.main",
    "gpus": [
        "NVIDIA A100-SXM4-40GB"
    ],
    "config": {
        "seed": 0,
        "batch_size": 512,
        "patience": 16,
        "n_epochs": -1,
        "gradient_clipping_norm": 1.0,
        "amp": true,
        "data": {
            "cache": true,
            "path": "data/regression-cat-large-0-nyc-taxi-green-dec-2016",
            "num_policy": "noisy-quantile",
            "cat_policy": "ordinal"
        },
        "optimizer": {
            "type": "AdamW",
            "lr": 0.00012045339381143615,
            "weight_decay": 0.00028593738845718775
        },
        "model": {
            "arch_type": "tabm-mini",
            "k": 32,
            "backbone": {
                "type": "MLP",
                "n_blocks": 4,
                "d_block": 928,
                "dropout": 0.23456710406401882
            },
            "num_embeddings": {
                "type": "PiecewiseLinearEmbeddings",
                "d_embedding": 32
            }
        },
        "bins": {
            "n_bins": 122
        }
    },
    "n_parameters": 2943104,
    "prediction_type": "labels",
    "epoch_size": 98,
    "best_step": 21266,
    "metrics": {
        "train": {
            "rmse": 0.32582487276236205,
            "mae": 0.1856895089149475,
            "r2": 0.7005226612091064,
            "score": -0.32582487276236205
        },
        "val": {
            "rmse": 0.34797629080568,
            "mae": 0.1976252645254135,
            "r2": 0.6612934470176697,
            "score": -0.34797629080568
        },
        "test": {
            "rmse": 0.3479630691551073,
            "mae": 0.1969531923532486,
            "r2": 0.6599678993225098,
            "score": -0.3479630691551073
        }
    },
    "time": "0:03:15.269180",
    "chunk_size": null,
    "eval_batch_size": 32768
}