{
    "function": "_bin.model.main",
    "gpus": [
        "NVIDIA A100-SXM4-40GB"
    ],
    "config": {
        "seed": 12,
        "batch_size": 512,
        "patience": 16,
        "n_epochs": -1,
        "gradient_clipping_norm": 1.0,
        "amp": true,
        "data": {
            "cache": true,
            "path": "data/regression-cat-large-0-particulate-matter-ukair-2017",
            "num_policy": "noisy-quantile",
            "cat_policy": "ordinal"
        },
        "optimizer": {
            "type": "AdamW",
            "lr": 0.0006270838221461209,
            "weight_decay": 0.0
        },
        "model": {
            "arch_type": "tabm-mini",
            "k": 32,
            "backbone": {
                "type": "MLP",
                "n_blocks": 3,
                "d_block": 944,
                "dropout": 0.28165809461236535
            },
            "num_embeddings": {
                "type": "PiecewiseLinearEmbeddings",
                "d_embedding": 32
            }
        },
        "bins": {
            "n_bins": 74
        }
    },
    "n_parameters": 1938784,
    "prediction_type": "labels",
    "epoch_size": 98,
    "best_step": 5390,
    "metrics": {
        "train": {
            "rmse": 0.3310570955892207,
            "mae": 0.2304830104112625,
            "r2": 0.7644758224487305,
            "score": -0.3310570955892207
        },
        "val": {
            "rmse": 0.36397482180499,
            "mae": 0.2508154809474945,
            "r2": 0.7122485041618347,
            "score": -0.36397482180499
        },
        "test": {
            "rmse": 0.3597257602403924,
            "mae": 0.24782781302928925,
            "r2": 0.7198148965835571,
            "score": -0.3597257602403924
        }
    },
    "time": "0:00:49.130971",
    "chunk_size": null,
    "eval_batch_size": 32768
}