{
    "function": "_bin.model.main",
    "gpus": [
        "NVIDIA A100-SXM4-40GB"
    ],
    "config": {
        "seed": 14,
        "batch_size": 512,
        "patience": 16,
        "n_epochs": -1,
        "gradient_clipping_norm": 1.0,
        "amp": true,
        "data": {
            "cache": true,
            "path": "data/classif-num-large-0-MiniBooNE",
            "num_policy": "noisy-quantile"
        },
        "optimizer": {
            "type": "AdamW",
            "lr": 0.0036908332048455257,
            "weight_decay": 0.005798060111967995
        },
        "model": {
            "arch_type": "tabm-mini",
            "k": 32,
            "backbone": {
                "type": "MLP",
                "n_blocks": 3,
                "d_block": 480,
                "dropout": 0.10621825071291778
            },
            "num_embeddings": {
                "type": "PiecewiseLinearEmbeddings",
                "d_embedding": 24
            }
        },
        "bins": {
            "n_bins": 2
        }
    },
    "n_parameters": 1112224,
    "prediction_type": "probs",
    "epoch_size": 98,
    "best_step": 2940,
    "metrics": {
        "train": {
            "0": {
                "precision": 0.9867857431504081,
                "recall": 0.9721326485926988,
                "f1-score": 0.9794043918580166,
                "support": 25119.0
            },
            "1": {
                "precision": 0.9722816187534647,
                "recall": 0.9868574414211647,
                "f1-score": 0.9795153086666002,
                "support": 24881.0
            },
            "accuracy": 0.97946,
            "macro avg": {
                "precision": 0.9795336809519364,
                "recall": 0.9794950450069317,
                "f1-score": 0.9794598502623084,
                "support": 50000.0
            },
            "weighted avg": {
                "precision": 0.9795682007680012,
                "recall": 0.97946,
                "f1-score": 0.979459586280304,
                "support": 50000.0
            },
            "cross-entropy": 0.07369512256653481,
            "roc-auc": 0.9976261758148411,
            "score": 0.97946
        },
        "val": {
            "0": {
                "precision": 0.9645554909936084,
                "recall": 0.9437180216031836,
                "f1-score": 0.9540229885057471,
                "support": 3518.0
            },
            "1": {
                "precision": 0.9427249059878507,
                "recall": 0.963916001183082,
                "f1-score": 0.9532026908452764,
                "support": 3381.0
            },
            "accuracy": 0.9536164661545151,
            "macro avg": {
                "precision": 0.9536401984907296,
                "recall": 0.9538170113931328,
                "f1-score": 0.9536128396755117,
                "support": 6899.0
            },
            "weighted avg": {
                "precision": 0.9538569538281545,
                "recall": 0.9536164661545151,
                "f1-score": 0.9536209843906505,
                "support": 6899.0
            },
            "cross-entropy": 0.1311110621316798,
            "roc-auc": 0.9878916962142892,
            "score": 0.9536164661545151
        },
        "test": {
            "0": {
                "precision": 0.9515570934256056,
                "recall": 0.9444161790892902,
                "f1-score": 0.947973188637089,
                "support": 7862.0
            },
            "1": {
                "precision": 0.9473240115718419,
                "recall": 0.9541095058880661,
                "f1-score": 0.9507046513034537,
                "support": 8237.0
            },
            "accuracy": 0.9493757376234548,
            "macro avg": {
                "precision": 0.9494405524987237,
                "recall": 0.9492628424886782,
                "f1-score": 0.9493389199702713,
                "support": 16099.0
            },
            "weighted avg": {
                "precision": 0.949391251123012,
                "recall": 0.9493757376234548,
                "f1-score": 0.9493707324586211,
                "support": 16099.0
            },
            "cross-entropy": 0.139962256572526,
            "roc-auc": 0.9872674414887845,
            "score": 0.9493757376234548
        }
    },
    "time": "0:00:28.125224",
    "chunk_size": null,
    "eval_batch_size": 32768
}