{
    "function": "_bin.model.main",
    "gpus": [
        "Tesla V100-PCIE-16GB"
    ],
    "config": {
        "seed": 14,
        "batch_size": 512,
        "patience": 16,
        "n_epochs": -1,
        "gradient_clipping_norm": 1.0,
        "amp": true,
        "data": {
            "cache": true,
            "path": "data/classif-num-large-0-MiniBooNE",
            "num_policy": "noisy-quantile"
        },
        "optimizer": {
            "type": "AdamW",
            "lr": 0.00026099266313791,
            "weight_decay": 0.019897366041434994
        },
        "model": {
            "arch_type": "plain",
            "backbone": {
                "type": "MLP",
                "n_blocks": 2,
                "d_block": 560,
                "dropout": 0.38594681331216396
            },
            "num_embeddings": {
                "type": "PiecewiseLinearEmbeddings",
                "d_embedding": 8
            }
        },
        "bins": {
            "n_bins": 13
        }
    },
    "n_parameters": 545842,
    "prediction_type": "probs",
    "epoch_size": 98,
    "best_step": 5782,
    "metrics": {
        "train": {
            "0": {
                "precision": 0.9884826030927835,
                "recall": 0.9771885823480234,
                "f1-score": 0.9828031470841425,
                "support": 25119.0
            },
            "1": {
                "precision": 0.9772329942784488,
                "recall": 0.988505285157349,
                "f1-score": 0.9828368199164819,
                "support": 24881.0
            },
            "accuracy": 0.98282,
            "macro avg": {
                "precision": 0.9828577986856162,
                "recall": 0.9828469337526862,
                "f1-score": 0.9828199835003122,
                "support": 50000.0
            },
            "weighted avg": {
                "precision": 0.9828845727545943,
                "recall": 0.98282,
                "f1-score": 0.9828199033589712,
                "support": 50000.0
            },
            "cross-entropy": 0.04746242290200822,
            "roc-auc": 0.998645770116401,
            "score": 0.98282
        },
        "val": {
            "0": {
                "precision": 0.9608695652173913,
                "recall": 0.942296759522456,
                "f1-score": 0.9514925373134329,
                "support": 3518.0
            },
            "1": {
                "precision": 0.9411423601043781,
                "recall": 0.9600709849157054,
                "f1-score": 0.9505124450951684,
                "support": 3381.0
            },
            "accuracy": 0.9510073923757066,
            "macro avg": {
                "precision": 0.9510059626608847,
                "recall": 0.9511838722190806,
                "f1-score": 0.9510024912043007,
                "support": 6899.0
            },
            "weighted avg": {
                "precision": 0.9512018335914894,
                "recall": 0.9510073923757066,
                "f1-score": 0.9510122225156431,
                "support": 6899.0
            },
            "cross-entropy": 0.16241768075054067,
            "roc-auc": 0.9859324900091286,
            "score": 0.9510073923757066
        },
        "test": {
            "0": {
                "precision": 0.9457146506578107,
                "recall": 0.9417451030272196,
                "f1-score": 0.9437257026320821,
                "support": 7862.0
            },
            "1": {
                "precision": 0.9446191051995163,
                "recall": 0.9484035449799685,
                "f1-score": 0.946507542254801,
                "support": 8237.0
            },
            "accuracy": 0.9451518727871296,
            "macro avg": {
                "precision": 0.9451668779286635,
                "recall": 0.945074324003594,
                "f1-score": 0.9451166224434415,
                "support": 16099.0
            },
            "weighted avg": {
                "precision": 0.94515411845457,
                "recall": 0.9451518727871296,
                "f1-score": 0.9451490216563903,
                "support": 16099.0
            },
            "cross-entropy": 0.18066045118324453,
            "roc-auc": 0.9852719441320654,
            "score": 0.9451518727871296
        }
    },
    "time": "0:01:06.529168",
    "chunk_size": null,
    "eval_batch_size": 32768
}