{
    "function": "_bin.model.main",
    "gpus": [
        "NVIDIA A100-SXM4-40GB"
    ],
    "config": {
        "seed": 2,
        "batch_size": 512,
        "patience": 16,
        "n_epochs": -1,
        "gradient_clipping_norm": 1.0,
        "amp": true,
        "data": {
            "cache": true,
            "path": "data/regression-cat-large-0-nyc-taxi-green-dec-2016",
            "num_policy": "noisy-quantile",
            "cat_policy": "ordinal"
        },
        "optimizer": {
            "type": "AdamW",
            "lr": 0.00012045339381143615,
            "weight_decay": 0.00028593738845718775
        },
        "model": {
            "arch_type": "tabm-mini",
            "k": 32,
            "backbone": {
                "type": "MLP",
                "n_blocks": 4,
                "d_block": 928,
                "dropout": 0.23456710406401882
            },
            "num_embeddings": {
                "type": "PiecewiseLinearEmbeddings",
                "d_embedding": 32
            }
        },
        "bins": {
            "n_bins": 122
        }
    },
    "n_parameters": 2943104,
    "prediction_type": "labels",
    "epoch_size": 98,
    "best_step": 22442,
    "metrics": {
        "train": {
            "rmse": 0.3230643344944406,
            "mae": 0.18717992305755615,
            "r2": 0.7055758237838745,
            "score": -0.3230643344944406
        },
        "val": {
            "rmse": 0.34940454673710175,
            "mae": 0.20114292204380035,
            "r2": 0.6585073471069336,
            "score": -0.34940454673710175
        },
        "test": {
            "rmse": 0.34883753858895433,
            "mae": 0.20009762048721313,
            "r2": 0.6582566499710083,
            "score": -0.34883753858895433
        }
    },
    "time": "0:03:21.834951",
    "chunk_size": null,
    "eval_batch_size": 32768
}