{
    "function": "_bin.model.main",
    "gpus": [
        "NVIDIA A100-SXM4-40GB"
    ],
    "config": {
        "seed": 9,
        "batch_size": 512,
        "patience": 16,
        "n_epochs": -1,
        "gradient_clipping_norm": 1.0,
        "amp": true,
        "data": {
            "cache": true,
            "path": "data/regression-cat-large-0-particulate-matter-ukair-2017",
            "num_policy": "noisy-quantile",
            "cat_policy": "ordinal"
        },
        "optimizer": {
            "type": "AdamW",
            "lr": 0.0006270838221461209,
            "weight_decay": 0.0
        },
        "model": {
            "arch_type": "tabm-mini",
            "k": 32,
            "backbone": {
                "type": "MLP",
                "n_blocks": 3,
                "d_block": 944,
                "dropout": 0.28165809461236535
            },
            "num_embeddings": {
                "type": "PiecewiseLinearEmbeddings",
                "d_embedding": 32
            }
        },
        "bins": {
            "n_bins": 74
        }
    },
    "n_parameters": 1938784,
    "prediction_type": "labels",
    "epoch_size": 98,
    "best_step": 6762,
    "metrics": {
        "train": {
            "rmse": 0.31535259284932404,
            "mae": 0.22143635153770447,
            "r2": 0.7862911820411682,
            "score": -0.31535259284932404
        },
        "val": {
            "rmse": 0.3638381995603646,
            "mae": 0.24999360740184784,
            "r2": 0.712464451789856,
            "score": -0.3638381995603646
        },
        "test": {
            "rmse": 0.36059369891829407,
            "mae": 0.2474406212568283,
            "r2": 0.7184611558914185,
            "score": -0.36059369891829407
        }
    },
    "time": "0:00:56.622346",
    "chunk_size": null,
    "eval_batch_size": 32768
}