{
    "function": "_bin.model.main",
    "gpus": [
        "Tesla V100-PCIE-16GB"
    ],
    "config": {
        "seed": 13,
        "batch_size": 512,
        "patience": 16,
        "n_epochs": -1,
        "gradient_clipping_norm": 1.0,
        "amp": true,
        "data": {
            "cache": true,
            "path": "data/regression-cat-large-0-nyc-taxi-green-dec-2016",
            "num_policy": "noisy-quantile",
            "cat_policy": "ordinal"
        },
        "optimizer": {
            "type": "AdamW",
            "lr": 0.0002726699238570058,
            "weight_decay": 0.002005501913039345
        },
        "model": {
            "arch_type": "plain",
            "backbone": {
                "type": "MLP",
                "n_blocks": 3,
                "d_block": 240,
                "dropout": 0.2588303575526417
            },
            "num_embeddings": {
                "type": "PiecewiseLinearEmbeddings",
                "d_embedding": 20
            }
        },
        "bins": {
            "n_bins": 122
        }
    },
    "n_parameters": 183541,
    "prediction_type": "labels",
    "epoch_size": 98,
    "best_step": 4508,
    "metrics": {
        "train": {
            "rmse": 0.35649369838944756,
            "mae": 0.2204798460006714,
            "r2": 0.641491711139679,
            "score": -0.35649369838944756
        },
        "val": {
            "rmse": 0.3657653539202667,
            "mae": 0.22582584619522095,
            "r2": 0.6257779002189636,
            "score": -0.3657653539202667
        },
        "test": {
            "rmse": 0.36716944061670964,
            "mae": 0.225897878408432,
            "r2": 0.621394693851471,
            "score": -0.36716944061670964
        }
    },
    "time": "0:01:02.653446",
    "chunk_size": null,
    "eval_batch_size": 32768
}