{
    "function": "_bin.model.main",
    "gpus": [
        "NVIDIA A100-SXM4-40GB"
    ],
    "config": {
        "seed": 8,
        "batch_size": 512,
        "patience": 16,
        "n_epochs": -1,
        "gradient_clipping_norm": 1.0,
        "amp": true,
        "data": {
            "cache": true,
            "path": "data/classif-cat-large-0-road-safety",
            "num_policy": "noisy-quantile",
            "cat_policy": "ordinal"
        },
        "optimizer": {
            "type": "AdamW",
            "lr": 0.0014163501429175726,
            "weight_decay": 0.0
        },
        "model": {
            "arch_type": "tabm-mini",
            "k": 32,
            "backbone": {
                "type": "MLP",
                "n_blocks": 3,
                "d_block": 992,
                "dropout": 0.2766285061331004
            },
            "num_embeddings": {
                "type": "PiecewiseLinearEmbeddings",
                "d_embedding": 32
            }
        },
        "bins": {
            "n_bins": 41
        }
    },
    "n_parameters": 3030976,
    "prediction_type": "probs",
    "epoch_size": 98,
    "best_step": 8036,
    "metrics": {
        "train": {
            "0": {
                "precision": 0.9987636595676797,
                "recall": 0.9966173193250557,
                "f1-score": 0.9976893350862516,
                "support": 25128.0
            },
            "1": {
                "precision": 0.9965899061221215,
                "recall": 0.9987536185268575,
                "f1-score": 0.9976705891802884,
                "support": 24872.0
            },
            "accuracy": 0.99768,
            "macro avg": {
                "precision": 0.9976767828449006,
                "recall": 0.9976854689259567,
                "f1-score": 0.9976799621332699,
                "support": 50000.0
            },
            "weighted avg": {
                "precision": 0.9976823476537212,
                "recall": 0.99768,
                "f1-score": 0.9976800101227893,
                "support": 50000.0
            },
            "cross-entropy": 0.09857278322816768,
            "roc-auc": 0.9999797338687355,
            "score": 0.99768
        },
        "val": {
            "0": {
                "precision": 0.8181617077756885,
                "recall": 0.7918004709912224,
                "f1-score": 0.8047652722624163,
                "support": 9342.0
            },
            "1": {
                "precision": 0.794982607779066,
                "recall": 0.8210320052253429,
                "f1-score": 0.8077973544690195,
                "support": 9186.0
            },
            "accuracy": 0.8062931778929189,
            "macro avg": {
                "precision": 0.8065721577773772,
                "recall": 0.8064162381082827,
                "f1-score": 0.8062813133657178,
                "support": 18528.0
            },
            "weighted avg": {
                "precision": 0.8066697381853941,
                "recall": 0.8062931778929189,
                "f1-score": 0.8062685487709362,
                "support": 18528.0
            },
            "cross-entropy": 0.3926896855728246,
            "roc-auc": 0.9031111611719322,
            "score": 0.8062931778929189
        },
        "test": {
            "0": {
                "precision": 0.8120903131828113,
                "recall": 0.7811405352388959,
                "f1-score": 0.79631481216969,
                "support": 21411.0
            },
            "1": {
                "precision": 0.793012058836521,
                "recall": 0.8226641616642991,
                "f1-score": 0.8075660114254869,
                "support": 21823.0
            },
            "accuracy": 0.8021001989175186,
            "macro avg": {
                "precision": 0.8025511860096661,
                "recall": 0.8019023484515975,
                "f1-score": 0.8019404117975885,
                "support": 43234.0
            },
            "weighted avg": {
                "precision": 0.8024602825449084,
                "recall": 0.8021001989175186,
                "f1-score": 0.8019940211570439,
                "support": 43234.0
            },
            "cross-entropy": 0.4002227266246875,
            "roc-auc": 0.8992783914944548,
            "score": 0.8021001989175186
        }
    },
    "time": "0:01:21.111892",
    "chunk_size": null,
    "eval_batch_size": 32768
}