{
    "function": "_bin.model.main",
    "gpus": [
        "Tesla V100-PCIE-16GB"
    ],
    "config": {
        "seed": 1,
        "batch_size": 512,
        "patience": 16,
        "n_epochs": -1,
        "gradient_clipping_norm": 1.0,
        "amp": true,
        "data": {
            "cache": true,
            "path": "data/classif-num-large-0-jannis",
            "num_policy": "noisy-quantile"
        },
        "optimizer": {
            "type": "AdamW",
            "lr": 3.442010718833056e-05,
            "weight_decay": 0.0
        },
        "model": {
            "arch_type": "plain",
            "backbone": {
                "type": "MLP",
                "n_blocks": 5,
                "d_block": 384,
                "dropout": 0.37805288910390616
            },
            "num_embeddings": {
                "type": "PiecewiseLinearEmbeddings",
                "d_embedding": 24
            }
        },
        "bins": {
            "n_bins": 45
        }
    },
    "n_parameters": 1151090,
    "prediction_type": "probs",
    "epoch_size": 79,
    "best_step": 3002,
    "metrics": {
        "train": {
            "0": {
                "precision": 0.8542021276595745,
                "recall": 0.7959851301115242,
                "f1-score": 0.8240667094291212,
                "support": 20175.0
            },
            "1": {
                "precision": 0.8086115502650423,
                "recall": 0.8638418359743679,
                "f1-score": 0.8353147440977976,
                "support": 20131.0
            },
            "accuracy": 0.8298764451942638,
            "macro avg": {
                "precision": 0.8314068389623084,
                "recall": 0.829913483042946,
                "f1-score": 0.8296907267634595,
                "support": 40306.0
            },
            "weighted avg": {
                "precision": 0.8314317234138213,
                "recall": 0.8298764451942638,
                "f1-score": 0.8296845873112013,
                "support": 40306.0
            },
            "cross-entropy": 0.3944812737422231,
            "roc-auc": 0.9014650901526845,
            "score": 0.8298764451942638
        },
        "val": {
            "0": {
                "precision": 0.8235546038543897,
                "recall": 0.75,
                "f1-score": 0.7850581751377832,
                "support": 2564.0
            },
            "1": {
                "precision": 0.7748507200561995,
                "recall": 0.8426279602750191,
                "f1-score": 0.8073193046660567,
                "support": 2618.0
            },
            "accuracy": 0.7967966036279429,
            "macro avg": {
                "precision": 0.7992026619552945,
                "recall": 0.7963139801375095,
                "f1-score": 0.79618873990192,
                "support": 5182.0
            },
            "weighted avg": {
                "precision": 0.7989488979910817,
                "recall": 0.7967966036279429,
                "f1-score": 0.7963047280333873,
                "support": 5182.0
            },
            "cross-entropy": 0.45294413054979893,
            "roc-auc": 0.8671312341416498,
            "score": 0.7967966036279429
        },
        "test": {
            "0": {
                "precision": 0.8160427807486631,
                "recall": 0.7565691621219633,
                "f1-score": 0.7851813738101363,
                "support": 6051.0
            },
            "1": {
                "precision": 0.7727553224313484,
                "recall": 0.8291673563979474,
                "f1-score": 0.7999680587718597,
                "support": 6041.0
            },
            "accuracy": 0.7928382401587827,
            "macro avg": {
                "precision": 0.7943990515900057,
                "recall": 0.7928682592599554,
                "f1-score": 0.792574716290998,
                "support": 12092.0
            },
            "weighted avg": {
                "precision": 0.7944169508036666,
                "recall": 0.7928382401587827,
                "f1-score": 0.792568602048126,
                "support": 12092.0
            },
            "cross-entropy": 0.4536915271124317,
            "roc-auc": 0.8672037146266336,
            "score": 0.7928382401587827
        }
    },
    "time": "0:01:02.126184",
    "chunk_size": null,
    "eval_batch_size": 32768
}