{
    "function": "_bin.model.main",
    "gpus": [
        "Tesla V100-PCIE-16GB"
    ],
    "config": {
        "seed": 6,
        "batch_size": 512,
        "patience": 16,
        "n_epochs": -1,
        "gradient_clipping_norm": 1.0,
        "amp": true,
        "data": {
            "cache": true,
            "path": "data/regression-cat-large-0-nyc-taxi-green-dec-2016",
            "num_policy": "noisy-quantile",
            "cat_policy": "ordinal"
        },
        "optimizer": {
            "type": "AdamW",
            "lr": 0.0002726699238570058,
            "weight_decay": 0.002005501913039345
        },
        "model": {
            "arch_type": "plain",
            "backbone": {
                "type": "MLP",
                "n_blocks": 3,
                "d_block": 240,
                "dropout": 0.2588303575526417
            },
            "num_embeddings": {
                "type": "PiecewiseLinearEmbeddings",
                "d_embedding": 20
            }
        },
        "bins": {
            "n_bins": 122
        }
    },
    "n_parameters": 183541,
    "prediction_type": "labels",
    "epoch_size": 98,
    "best_step": 3234,
    "metrics": {
        "train": {
            "rmse": 0.36423541452716796,
            "mae": 0.22974316775798798,
            "r2": 0.6257517337799072,
            "score": -0.36423541452716796
        },
        "val": {
            "rmse": 0.36920916208675664,
            "mae": 0.23307472467422485,
            "r2": 0.6186978816986084,
            "score": -0.36920916208675664
        },
        "test": {
            "rmse": 0.37052464263447843,
            "mae": 0.23264481127262115,
            "r2": 0.6144436597824097,
            "score": -0.37052464263447843
        }
    },
    "time": "0:00:52.881459",
    "chunk_size": null,
    "eval_batch_size": 32768
}