{
    "function": "_bin.model.main",
    "gpus": [
        "Tesla V100-PCIE-16GB"
    ],
    "config": {
        "seed": 2,
        "batch_size": 512,
        "patience": 16,
        "n_epochs": -1,
        "gradient_clipping_norm": 1.0,
        "amp": true,
        "data": {
            "cache": true,
            "path": "data/classif-num-large-0-MiniBooNE",
            "num_policy": "noisy-quantile"
        },
        "optimizer": {
            "type": "AdamW",
            "lr": 0.00026099266313791,
            "weight_decay": 0.019897366041434994
        },
        "model": {
            "arch_type": "plain",
            "backbone": {
                "type": "MLP",
                "n_blocks": 2,
                "d_block": 560,
                "dropout": 0.38594681331216396
            },
            "num_embeddings": {
                "type": "PiecewiseLinearEmbeddings",
                "d_embedding": 8
            }
        },
        "bins": {
            "n_bins": 13
        }
    },
    "n_parameters": 545842,
    "prediction_type": "probs",
    "epoch_size": 98,
    "best_step": 2352,
    "metrics": {
        "train": {
            "0": {
                "precision": 0.9671435499515034,
                "recall": 0.9527051236116088,
                "f1-score": 0.9598700439203417,
                "support": 25119.0
            },
            "1": {
                "precision": 0.9529616724738676,
                "recall": 0.9673244644507858,
                "f1-score": 0.9600893551668429,
                "support": 24881.0
            },
            "accuracy": 0.95998,
            "macro avg": {
                "precision": 0.9600526112126855,
                "recall": 0.9600147940311973,
                "f1-score": 0.9599796995435923,
                "support": 50000.0
            },
            "weighted avg": {
                "precision": 0.9600863640810823,
                "recall": 0.95998,
                "f1-score": 0.9599791775828257,
                "support": 50000.0
            },
            "cross-entropy": 0.10833050187455717,
            "roc-auc": 0.9917798025500543,
            "score": 0.95998
        },
        "val": {
            "0": {
                "precision": 0.9602783415482748,
                "recall": 0.9414440022740194,
                "f1-score": 0.9507679058418258,
                "support": 3518.0
            },
            "1": {
                "precision": 0.9402898550724638,
                "recall": 0.9594794439514936,
                "f1-score": 0.949787732396428,
                "support": 3381.0
            },
            "accuracy": 0.9502826496593709,
            "macro avg": {
                "precision": 0.9502840983103693,
                "recall": 0.9504617231127566,
                "f1-score": 0.9502778191191269,
                "support": 6899.0
            },
            "weighted avg": {
                "precision": 0.950482563497149,
                "recall": 0.9502826496593709,
                "f1-score": 0.9502875512369715,
                "support": 6899.0
            },
            "cross-entropy": 0.1374050843776115,
            "roc-auc": 0.9871472676373116,
            "score": 0.9502826496593709
        },
        "test": {
            "0": {
                "precision": 0.9508997429305912,
                "recall": 0.9409819384380564,
                "f1-score": 0.9459148446490219,
                "support": 7862.0
            },
            "1": {
                "precision": 0.944224065392475,
                "recall": 0.9536238921937599,
                "f1-score": 0.9489007006523315,
                "support": 8237.0
            },
            "accuracy": 0.9474501521833655,
            "macro avg": {
                "precision": 0.9475619041615331,
                "recall": 0.9473029153159082,
                "f1-score": 0.9474077726506767,
                "support": 16099.0
            },
            "weighted avg": {
                "precision": 0.9474841546405445,
                "recall": 0.9474501521833655,
                "f1-score": 0.9474425479783752,
                "support": 16099.0
            },
            "cross-entropy": 0.146284911332712,
            "roc-auc": 0.986579895389224,
            "score": 0.9474501521833655
        }
    },
    "time": "0:00:33.384597",
    "chunk_size": null,
    "eval_batch_size": 32768
}