{
    "function": "_bin.model.main",
    "gpus": [
        "Tesla V100-PCIE-16GB"
    ],
    "config": {
        "seed": 8,
        "batch_size": 512,
        "patience": 16,
        "n_epochs": -1,
        "gradient_clipping_norm": 1.0,
        "amp": true,
        "data": {
            "cache": true,
            "path": "data/classif-num-large-0-jannis",
            "num_policy": "noisy-quantile"
        },
        "optimizer": {
            "type": "AdamW",
            "lr": 3.442010718833056e-05,
            "weight_decay": 0.0
        },
        "model": {
            "arch_type": "plain",
            "backbone": {
                "type": "MLP",
                "n_blocks": 5,
                "d_block": 384,
                "dropout": 0.37805288910390616
            },
            "num_embeddings": {
                "type": "PiecewiseLinearEmbeddings",
                "d_embedding": 24
            }
        },
        "bins": {
            "n_bins": 45
        }
    },
    "n_parameters": 1151090,
    "prediction_type": "probs",
    "epoch_size": 79,
    "best_step": 2765,
    "metrics": {
        "train": {
            "0": {
                "precision": 0.8508715986394558,
                "recall": 0.7935563816604709,
                "f1-score": 0.8212151522146136,
                "support": 20175.0
            },
            "1": {
                "precision": 0.8061889250814332,
                "recall": 0.8606129849485867,
                "f1-score": 0.8325124336272555,
                "support": 20131.0
            },
            "accuracy": 0.8270480821713889,
            "macro avg": {
                "precision": 0.8285302618604445,
                "recall": 0.8270846833045289,
                "f1-score": 0.8268637929209346,
                "support": 40306.0
            },
            "weighted avg": {
                "precision": 0.8285546507558516,
                "recall": 0.8270480821713889,
                "f1-score": 0.8268576265885998,
                "support": 40306.0
            },
            "cross-entropy": 0.39849368715164124,
            "roc-auc": 0.8992479716346161,
            "score": 0.8270480821713889
        },
        "val": {
            "0": {
                "precision": 0.8213682432432432,
                "recall": 0.7585803432137286,
                "f1-score": 0.7887266828872669,
                "support": 2564.0
            },
            "1": {
                "precision": 0.7800284292821607,
                "recall": 0.8384262796027502,
                "f1-score": 0.8081737849779087,
                "support": 2618.0
            },
            "accuracy": 0.7989193361636434,
            "macro avg": {
                "precision": 0.8006983362627019,
                "recall": 0.7985033114082394,
                "f1-score": 0.7984502339325878,
                "support": 5182.0
            },
            "weighted avg": {
                "precision": 0.8004829416318742,
                "recall": 0.7989193361636434,
                "f1-score": 0.7985515600144958,
                "support": 5182.0
            },
            "cross-entropy": 0.45370554345534814,
            "roc-auc": 0.8669544757344152,
            "score": 0.7989193361636434
        },
        "test": {
            "0": {
                "precision": 0.8097180351126086,
                "recall": 0.7545860188398612,
                "f1-score": 0.7811804961505561,
                "support": 6051.0
            },
            "1": {
                "precision": 0.7698744769874477,
                "recall": 0.8223804005959279,
                "f1-score": 0.7952617256283016,
                "support": 6041.0
            },
            "accuracy": 0.7884551769765133,
            "macro avg": {
                "precision": 0.7897962560500282,
                "recall": 0.7884832097178945,
                "f1-score": 0.7882211108894288,
                "support": 12092.0
            },
            "weighted avg": {
                "precision": 0.7898127312229214,
                "recall": 0.7884551769765133,
                "f1-score": 0.7882152883499493,
                "support": 12092.0
            },
            "cross-entropy": 0.45748403259832837,
            "roc-auc": 0.8659015484751076,
            "score": 0.7884551769765133
        }
    },
    "time": "0:00:50.215994",
    "chunk_size": null,
    "eval_batch_size": 32768
}