{
    "function": "_bin.model.main",
    "gpus": [
        "NVIDIA A100-SXM4-40GB"
    ],
    "config": {
        "seed": 7,
        "batch_size": 512,
        "patience": 16,
        "n_epochs": -1,
        "gradient_clipping_norm": 1.0,
        "amp": true,
        "data": {
            "cache": true,
            "path": "data/classif-num-large-0-MiniBooNE",
            "num_policy": "noisy-quantile"
        },
        "optimizer": {
            "type": "AdamW",
            "lr": 0.0036908332048455257,
            "weight_decay": 0.005798060111967995
        },
        "model": {
            "arch_type": "tabm-mini",
            "k": 32,
            "backbone": {
                "type": "MLP",
                "n_blocks": 3,
                "d_block": 480,
                "dropout": 0.10621825071291778
            },
            "num_embeddings": {
                "type": "PiecewiseLinearEmbeddings",
                "d_embedding": 24
            }
        },
        "bins": {
            "n_bins": 2
        }
    },
    "n_parameters": 1112224,
    "prediction_type": "probs",
    "epoch_size": 98,
    "best_step": 2156,
    "metrics": {
        "train": {
            "0": {
                "precision": 0.9849221591141257,
                "recall": 0.9595923404594132,
                "f1-score": 0.9720922729472495,
                "support": 25119.0
            },
            "1": {
                "precision": 0.9602381791828261,
                "recall": 0.9851694063743419,
                "f1-score": 0.9725440406284717,
                "support": 24881.0
            },
            "accuracy": 0.97232,
            "macro avg": {
                "precision": 0.9725801691484759,
                "recall": 0.9723808734168775,
                "f1-score": 0.9723181567878606,
                "support": 50000.0
            },
            "weighted avg": {
                "precision": 0.9726389170207124,
                "recall": 0.97232,
                "f1-score": 0.9723170815807793,
                "support": 50000.0
            },
            "cross-entropy": 0.0842322924812201,
            "roc-auc": 0.9961613602256354,
            "score": 0.97232
        },
        "val": {
            "0": {
                "precision": 0.9680070443205165,
                "recall": 0.9374644684479818,
                "f1-score": 0.9524909747292418,
                "support": 3518.0
            },
            "1": {
                "precision": 0.9369988545246277,
                "recall": 0.9677610174504584,
                "f1-score": 0.9521315291721228,
                "support": 3381.0
            },
            "accuracy": 0.9523119292651109,
            "macro avg": {
                "precision": 0.9525029494225721,
                "recall": 0.9526127429492202,
                "f1-score": 0.9523112519506823,
                "support": 6899.0
            },
            "weighted avg": {
                "precision": 0.9528108289704803,
                "recall": 0.9523119292651109,
                "f1-score": 0.9523148208767097,
                "support": 6899.0
            },
            "cross-entropy": 0.13049194428750896,
            "roc-auc": 0.9880006974735417,
            "score": 0.9523119292651109
        },
        "test": {
            "0": {
                "precision": 0.9569334544039434,
                "recall": 0.9383108623759857,
                "f1-score": 0.9475306659816325,
                "support": 7862.0
            },
            "1": {
                "precision": 0.9421930870083433,
                "recall": 0.9596940633725871,
                "f1-score": 0.9508630540686834,
                "support": 8237.0
            },
            "accuracy": 0.9492515063047394,
            "macro avg": {
                "precision": 0.9495632707061433,
                "recall": 0.9490024628742864,
                "f1-score": 0.9491968600251579,
                "support": 16099.0
            },
            "weighted avg": {
                "precision": 0.9493915942736522,
                "recall": 0.9492515063047394,
                "f1-score": 0.9492356713032698,
                "support": 16099.0
            },
            "cross-entropy": 0.13977568430939183,
            "roc-auc": 0.9870555800067864,
            "score": 0.9492515063047394
        }
    },
    "time": "0:00:21.381509",
    "chunk_size": null,
    "eval_batch_size": 32768
}