{
    "function": "_bin.model.main",
    "gpus": [
        "NVIDIA A100-SXM4-40GB"
    ],
    "config": {
        "seed": 7,
        "batch_size": 512,
        "patience": 16,
        "n_epochs": -1,
        "gradient_clipping_norm": 1.0,
        "amp": true,
        "data": {
            "cache": true,
            "path": "data/classif-cat-large-0-road-safety",
            "num_policy": "noisy-quantile",
            "cat_policy": "ordinal"
        },
        "optimizer": {
            "type": "AdamW",
            "lr": 0.0014163501429175726,
            "weight_decay": 0.0
        },
        "model": {
            "arch_type": "tabm-mini",
            "k": 32,
            "backbone": {
                "type": "MLP",
                "n_blocks": 3,
                "d_block": 992,
                "dropout": 0.2766285061331004
            },
            "num_embeddings": {
                "type": "PiecewiseLinearEmbeddings",
                "d_embedding": 32
            }
        },
        "bins": {
            "n_bins": 41
        }
    },
    "n_parameters": 3030976,
    "prediction_type": "probs",
    "epoch_size": 98,
    "best_step": 8134,
    "metrics": {
        "train": {
            "0": {
                "precision": 0.9997606701236538,
                "recall": 0.9974530404329831,
                "f1-score": 0.9986055221323559,
                "support": 25128.0
            },
            "1": {
                "precision": 0.9974328118732451,
                "recall": 0.999758764876166,
                "f1-score": 0.9985944339584756,
                "support": 24872.0
            },
            "accuracy": 0.9986,
            "macro avg": {
                "precision": 0.9985967409984494,
                "recall": 0.9986059026545746,
                "f1-score": 0.9985999780454158,
                "support": 50000.0
            },
            "weighted avg": {
                "precision": 0.9986027003155704,
                "recall": 0.9986,
                "f1-score": 0.9986000064311409,
                "support": 50000.0
            },
            "cross-entropy": 0.09786677535160761,
            "roc-auc": 0.9999960702969852,
            "score": 0.9986
        },
        "val": {
            "0": {
                "precision": 0.8405131826741996,
                "recall": 0.7643973453222008,
                "f1-score": 0.800650297118511,
                "support": 9342.0
            },
            "1": {
                "precision": 0.7806020733652312,
                "recall": 0.8524929240148051,
                "f1-score": 0.814965136850869,
                "support": 9186.0
            },
            "accuracy": 0.8080742659758203,
            "macro avg": {
                "precision": 0.8105576280197154,
                "recall": 0.808445134668503,
                "f1-score": 0.80780771698469,
                "support": 18528.0
            },
            "weighted avg": {
                "precision": 0.8108098444772985,
                "recall": 0.8080742659758203,
                "f1-score": 0.8077474537345214,
                "support": 18528.0
            },
            "cross-entropy": 0.3908775495138866,
            "roc-auc": 0.90430727220124,
            "score": 0.8080742659758203
        },
        "test": {
            "0": {
                "precision": 0.836007222078927,
                "recall": 0.7569006585400028,
                "f1-score": 0.7944896558486126,
                "support": 21411.0
            },
            "1": {
                "precision": 0.7817518554237075,
                "recall": 0.8543280025661,
                "f1-score": 0.8164301979330881,
                "support": 21823.0
            },
            "accuracy": 0.8060785492899107,
            "macro avg": {
                "precision": 0.8088795387513172,
                "recall": 0.8056143305530514,
                "f1-score": 0.8054599268908504,
                "support": 43234.0
            },
            "weighted avg": {
                "precision": 0.8086210244909902,
                "recall": 0.8060785492899107,
                "f1-score": 0.8055644684939729,
                "support": 43234.0
            },
            "cross-entropy": 0.40146310492093884,
            "roc-auc": 0.8998789921297609,
            "score": 0.8060785492899107
        }
    },
    "time": "0:01:21.868113",
    "chunk_size": null,
    "eval_batch_size": 32768
}