{
    "function": "_bin.model.main",
    "gpus": [
        "Tesla V100-PCIE-16GB"
    ],
    "config": {
        "seed": 7,
        "batch_size": 512,
        "patience": 16,
        "n_epochs": -1,
        "gradient_clipping_norm": 1.0,
        "amp": true,
        "data": {
            "cache": true,
            "path": "data/classif-num-large-0-jannis",
            "num_policy": "noisy-quantile"
        },
        "optimizer": {
            "type": "AdamW",
            "lr": 3.442010718833056e-05,
            "weight_decay": 0.0
        },
        "model": {
            "arch_type": "plain",
            "backbone": {
                "type": "MLP",
                "n_blocks": 5,
                "d_block": 384,
                "dropout": 0.37805288910390616
            },
            "num_embeddings": {
                "type": "PiecewiseLinearEmbeddings",
                "d_embedding": 24
            }
        },
        "bins": {
            "n_bins": 45
        }
    },
    "n_parameters": 1151090,
    "prediction_type": "probs",
    "epoch_size": 79,
    "best_step": 2054,
    "metrics": {
        "train": {
            "0": {
                "precision": 0.8411605206073752,
                "recall": 0.768822800495663,
                "f1-score": 0.8033665673960896,
                "support": 20175.0
            },
            "1": {
                "precision": 0.7867008140492088,
                "recall": 0.8545030053151855,
                "f1-score": 0.8192013715265376,
                "support": 20131.0
            },
            "accuracy": 0.8116161365553516,
            "macro avg": {
                "precision": 0.813930667328292,
                "recall": 0.8116629029054243,
                "f1-score": 0.8112839694613136,
                "support": 40306.0
            },
            "weighted avg": {
                "precision": 0.8139603927672906,
                "recall": 0.8116161365553516,
                "f1-score": 0.8112753264381688,
                "support": 40306.0
            },
            "cross-entropy": 0.4224288627794221,
            "roc-auc": 0.8855073014013478,
            "score": 0.8116161365553516
        },
        "val": {
            "0": {
                "precision": 0.8279569892473119,
                "recall": 0.750780031201248,
                "f1-score": 0.7874821026794846,
                "support": 2564.0
            },
            "1": {
                "precision": 0.776338816940847,
                "recall": 0.8472116119174943,
                "f1-score": 0.8102283105022831,
                "support": 2618.0
            },
            "accuracy": 0.7994982632188344,
            "macro avg": {
                "precision": 0.8021479030940795,
                "recall": 0.7989958215593711,
                "f1-score": 0.7988552065908838,
                "support": 5182.0
            },
            "weighted avg": {
                "precision": 0.80187895468569,
                "recall": 0.7994982632188344,
                "f1-score": 0.7989737221468883,
                "support": 5182.0
            },
            "cross-entropy": 0.45436328963950795,
            "roc-auc": 0.865939288068085,
            "score": 0.7994982632188344
        },
        "test": {
            "0": {
                "precision": 0.8120612061206121,
                "recall": 0.7454966121302264,
                "f1-score": 0.7773565397208341,
                "support": 6051.0
            },
            "1": {
                "precision": 0.7644179287134771,
                "recall": 0.8271809303095514,
                "f1-score": 0.7945619335347432,
                "support": 6041.0
            },
            "accuracy": 0.7863049950380416,
            "macro avg": {
                "precision": 0.7882395674170446,
                "recall": 0.7863387712198889,
                "f1-score": 0.7859592366277887,
                "support": 12092.0
            },
            "weighted avg": {
                "precision": 0.7882592677467696,
                "recall": 0.7863049950380416,
                "f1-score": 0.7859521222572073,
                "support": 12092.0
            },
            "cross-entropy": 0.4589076502143709,
            "roc-auc": 0.8643428994035167,
            "score": 0.7863049950380416
        }
    },
    "time": "0:00:42.475404",
    "chunk_size": null,
    "eval_batch_size": 32768
}