{
    "function": "_bin.model.main",
    "gpus": [
        "NVIDIA A100-SXM4-40GB"
    ],
    "config": {
        "seed": 2,
        "batch_size": 512,
        "patience": 16,
        "n_epochs": -1,
        "gradient_clipping_norm": 1.0,
        "amp": true,
        "data": {
            "cache": true,
            "path": "data/classif-num-large-0-jannis",
            "num_policy": "noisy-quantile"
        },
        "optimizer": {
            "type": "AdamW",
            "lr": 0.004157352859011471,
            "weight_decay": 0.0002876199545467971
        },
        "model": {
            "arch_type": "tabm-mini",
            "k": 32,
            "backbone": {
                "type": "MLP",
                "n_blocks": 3,
                "d_block": 528,
                "dropout": 0.0
            },
            "num_embeddings": {
                "type": "PiecewiseLinearEmbeddings",
                "d_embedding": 12
            }
        },
        "bins": {
            "n_bins": 9
        }
    },
    "n_parameters": 963016,
    "prediction_type": "probs",
    "epoch_size": 79,
    "best_step": 948,
    "metrics": {
        "train": {
            "0": {
                "precision": 0.889202172096909,
                "recall": 0.8441140024783147,
                "f1-score": 0.8660716556055637,
                "support": 20175.0
            },
            "1": {
                "precision": 0.8513283539756075,
                "recall": 0.8945904326660374,
                "f1-score": 0.8724233983286908,
                "support": 20131.0
            },
            "accuracy": 0.8693246663027837,
            "macro avg": {
                "precision": 0.8702652630362582,
                "recall": 0.8693522175721761,
                "f1-score": 0.8692475269671271,
                "support": 40306.0
            },
            "weighted avg": {
                "precision": 0.870285935491939,
                "recall": 0.8693246663027837,
                "f1-score": 0.8692440600306932,
                "support": 40306.0
            },
            "cross-entropy": 0.3272877767140411,
            "roc-auc": 0.9420117659319067,
            "score": 0.8693246663027837
        },
        "val": {
            "0": {
                "precision": 0.8334728033472804,
                "recall": 0.7769110764430577,
                "f1-score": 0.8041986273718208,
                "support": 2564.0
            },
            "1": {
                "precision": 0.7951289398280802,
                "recall": 0.8479755538579068,
                "f1-score": 0.8207024029574861,
                "support": 2618.0
            },
            "accuracy": 0.8128135854882285,
            "macro avg": {
                "precision": 0.8143008715876803,
                "recall": 0.8124433151504822,
                "f1-score": 0.8124505151646535,
                "support": 5182.0
            },
            "weighted avg": {
                "precision": 0.814101086887754,
                "recall": 0.8128135854882285,
                "f1-score": 0.8125365055044476,
                "support": 5182.0
            },
            "cross-entropy": 0.42235249950035797,
            "roc-auc": 0.8856017800681468,
            "score": 0.8128135854882285
        },
        "test": {
            "0": {
                "precision": 0.8203425375742748,
                "recall": 0.7757395471822839,
                "f1-score": 0.7974178204365922,
                "support": 6051.0
            },
            "1": {
                "precision": 0.7869701726844583,
                "recall": 0.8298294984274127,
                "f1-score": 0.807831762146483,
                "support": 6041.0
            },
            "accuracy": 0.8027621567978829,
            "macro avg": {
                "precision": 0.8036563551293665,
                "recall": 0.8027845228048482,
                "f1-score": 0.8026247912915376,
                "support": 12092.0
            },
            "weighted avg": {
                "precision": 0.8036701544863338,
                "recall": 0.8027621567978829,
                "f1-score": 0.802620485162812,
                "support": 12092.0
            },
            "cross-entropy": 0.42966789064806155,
            "roc-auc": 0.8818872147579869,
            "score": 0.8027621567978829
        }
    },
    "time": "0:00:13.694176",
    "chunk_size": null,
    "eval_batch_size": 32768
}