{
    "function": "_bin.model.main",
    "gpus": [
        "Tesla V100-PCIE-16GB"
    ],
    "config": {
        "seed": 6,
        "batch_size": 512,
        "patience": 16,
        "n_epochs": -1,
        "gradient_clipping_norm": 1.0,
        "amp": true,
        "data": {
            "cache": true,
            "path": "data/regression-num-large-0-year",
            "num_policy": "noisy-quantile"
        },
        "optimizer": {
            "type": "AdamW",
            "lr": 0.00028688680660058686,
            "weight_decay": 0.0002579640930923944
        },
        "model": {
            "arch_type": "plain",
            "backbone": {
                "type": "MLP",
                "n_blocks": 5,
                "d_block": 768,
                "dropout": 0.4767450471892426
            },
            "num_embeddings": {
                "type": "PiecewiseLinearEmbeddings",
                "d_embedding": 20
            }
        },
        "bins": {
            "n_bins": 17
        }
    },
    "n_parameters": 3780505,
    "prediction_type": "labels",
    "epoch_size": 98,
    "best_step": 980,
    "metrics": {
        "train": {
            "rmse": 8.017342842543458,
            "mae": 5.590094566345215,
            "r2": 0.4679145812988281,
            "score": -8.017342842543458
        },
        "val": {
            "rmse": 8.873162737591002,
            "mae": 6.1142354011535645,
            "r2": 0.31794846057891846,
            "score": -8.873162737591002
        },
        "test": {
            "rmse": 8.940130953587042,
            "mae": 6.110066890716553,
            "r2": 0.3269948363304138,
            "score": -8.940130953587042
        }
    },
    "time": "0:00:33.696266",
    "chunk_size": null,
    "eval_batch_size": 32768
}