{
    "function": "_bin.model.main",
    "gpus": [
        "NVIDIA A100-SXM4-40GB"
    ],
    "config": {
        "seed": 13,
        "batch_size": 512,
        "patience": 16,
        "n_epochs": -1,
        "gradient_clipping_norm": 1.0,
        "amp": true,
        "data": {
            "cache": true,
            "path": "data/regression-num-large-0-year",
            "num_policy": "noisy-quantile"
        },
        "optimizer": {
            "type": "AdamW",
            "lr": 0.0029232454363218546,
            "weight_decay": 0.0
        },
        "model": {
            "arch_type": "tabm-mini",
            "k": 32,
            "backbone": {
                "type": "MLP",
                "n_blocks": 3,
                "d_block": 640,
                "dropout": 0.31823104942087554
            },
            "num_embeddings": {
                "type": "PiecewiseLinearEmbeddings",
                "d_embedding": 20
            }
        },
        "bins": {
            "n_bins": 2
        }
    },
    "n_parameters": 2058432,
    "prediction_type": "labels",
    "epoch_size": 98,
    "best_step": 2646,
    "metrics": {
        "train": {
            "rmse": 7.688016052292848,
            "mae": 5.502560615539551,
            "r2": 0.5107295513153076,
            "score": -7.688016052292848
        },
        "val": {
            "rmse": 8.777452401141055,
            "mae": 6.105556964874268,
            "r2": 0.3325830101966858,
            "score": -8.777452401141055
        },
        "test": {
            "rmse": 8.87345679392382,
            "mae": 6.116829872131348,
            "r2": 0.33699578046798706,
            "score": -8.87345679392382
        }
    },
    "time": "0:00:25.403930",
    "chunk_size": null,
    "eval_batch_size": 32768
}