{
    "function": "_bin.model.main",
    "gpus": [
        "NVIDIA A100-SXM4-40GB"
    ],
    "config": {
        "seed": 1,
        "batch_size": 512,
        "patience": 16,
        "n_epochs": -1,
        "gradient_clipping_norm": 1.0,
        "amp": true,
        "data": {
            "cache": true,
            "path": "data/classif-num-large-0-MiniBooNE",
            "num_policy": "noisy-quantile"
        },
        "optimizer": {
            "type": "AdamW",
            "lr": 0.0036908332048455257,
            "weight_decay": 0.005798060111967995
        },
        "model": {
            "arch_type": "tabm-mini",
            "k": 32,
            "backbone": {
                "type": "MLP",
                "n_blocks": 3,
                "d_block": 480,
                "dropout": 0.10621825071291778
            },
            "num_embeddings": {
                "type": "PiecewiseLinearEmbeddings",
                "d_embedding": 24
            }
        },
        "bins": {
            "n_bins": 2
        }
    },
    "n_parameters": 1112224,
    "prediction_type": "probs",
    "epoch_size": 98,
    "best_step": 3234,
    "metrics": {
        "train": {
            "0": {
                "precision": 0.9900271617951109,
                "recall": 0.9722122695967196,
                "f1-score": 0.9810388462620013,
                "support": 25119.0
            },
            "1": {
                "precision": 0.9724470058816563,
                "recall": 0.9901129375828945,
                "f1-score": 0.9812004620225435,
                "support": 24881.0
            },
            "accuracy": 0.98112,
            "macro avg": {
                "precision": 0.9812370838383836,
                "recall": 0.9811626035898071,
                "f1-score": 0.9811196541422724,
                "support": 50000.0
            },
            "weighted avg": {
                "precision": 0.9812789246094576,
                "recall": 0.98112,
                "f1-score": 0.9811192694967623,
                "support": 50000.0
            },
            "cross-entropy": 0.06849532269704851,
            "roc-auc": 0.9981096011680993,
            "score": 0.98112
        },
        "val": {
            "0": {
                "precision": 0.9664331582019848,
                "recall": 0.9411597498578738,
                "f1-score": 0.9536290322580645,
                "support": 3518.0
            },
            "1": {
                "precision": 0.9403973509933775,
                "recall": 0.9659863945578231,
                "f1-score": 0.9530201342281879,
                "support": 3381.0
            },
            "accuracy": 0.9533265690679809,
            "macro avg": {
                "precision": 0.9534152545976812,
                "recall": 0.9535730722078484,
                "f1-score": 0.9533245832431262,
                "support": 6899.0
            },
            "weighted avg": {
                "precision": 0.9536737634821266,
                "recall": 0.9533265690679809,
                "f1-score": 0.9533306289765725,
                "support": 6899.0
            },
            "cross-entropy": 0.1315424093745004,
            "roc-auc": 0.9877374634259368,
            "score": 0.9533265690679809
        },
        "test": {
            "0": {
                "precision": 0.9528762198253724,
                "recall": 0.9439074026965149,
                "f1-score": 0.948370607028754,
                "support": 7862.0
            },
            "1": {
                "precision": 0.9469377932860065,
                "recall": 0.955444943547408,
                "f1-score": 0.9511723471114334,
                "support": 8237.0
            },
            "accuracy": 0.949810547238959,
            "macro avg": {
                "precision": 0.9499070065556894,
                "recall": 0.9496761731219614,
                "f1-score": 0.9497714770700937,
                "support": 16099.0
            },
            "weighted avg": {
                "precision": 0.9498378435656819,
                "recall": 0.949810547238959,
                "f1-score": 0.9498041080574533,
                "support": 16099.0
            },
            "cross-entropy": 0.1401458126788608,
            "roc-auc": 0.987216506714851,
            "score": 0.949810547238959
        }
    },
    "time": "0:00:34.850165",
    "chunk_size": null,
    "eval_batch_size": 32768
}