{
    "function": "_bin.model.main",
    "gpus": [
        "NVIDIA A100-SXM4-40GB"
    ],
    "config": {
        "seed": 3,
        "batch_size": 512,
        "patience": 16,
        "n_epochs": -1,
        "gradient_clipping_norm": 1.0,
        "amp": true,
        "data": {
            "cache": true,
            "path": "data/classif-num-large-0-jannis",
            "num_policy": "noisy-quantile"
        },
        "optimizer": {
            "type": "AdamW",
            "lr": 0.004157352859011471,
            "weight_decay": 0.0002876199545467971
        },
        "model": {
            "arch_type": "tabm-mini",
            "k": 32,
            "backbone": {
                "type": "MLP",
                "n_blocks": 3,
                "d_block": 528,
                "dropout": 0.0
            },
            "num_embeddings": {
                "type": "PiecewiseLinearEmbeddings",
                "d_embedding": 12
            }
        },
        "bins": {
            "n_bins": 9
        }
    },
    "n_parameters": 963016,
    "prediction_type": "probs",
    "epoch_size": 79,
    "best_step": 711,
    "metrics": {
        "train": {
            "0": {
                "precision": 0.8551841887417219,
                "recall": 0.8192812887236679,
                "f1-score": 0.8368478343416955,
                "support": 20175.0
            },
            "1": {
                "precision": 0.8261988750119172,
                "recall": 0.8609607073667478,
                "f1-score": 0.8432216789510812,
                "support": 20131.0
            },
            "accuracy": 0.840098248399742,
            "macro avg": {
                "precision": 0.8406915318768196,
                "recall": 0.8401209980452078,
                "f1-score": 0.8400347566463884,
                "support": 40306.0
            },
            "weighted avg": {
                "precision": 0.8407073527695416,
                "recall": 0.840098248399742,
                "f1-score": 0.8400312776462046,
                "support": 40306.0
            },
            "cross-entropy": 0.37124013229398933,
            "roc-auc": 0.9185283001051908,
            "score": 0.840098248399742
        },
        "val": {
            "0": {
                "precision": 0.8267651888341544,
                "recall": 0.7854914196567863,
                "f1-score": 0.8056,
                "support": 2564.0
            },
            "1": {
                "precision": 0.7997086671522214,
                "recall": 0.8388082505729565,
                "f1-score": 0.8187919463087249,
                "support": 2618.0
            },
            "accuracy": 0.8124276341181011,
            "macro avg": {
                "precision": 0.8132369279931879,
                "recall": 0.8121498351148714,
                "f1-score": 0.8121959731543624,
                "support": 5182.0
            },
            "weighted avg": {
                "precision": 0.8130959542213986,
                "recall": 0.8124276341181011,
                "f1-score": 0.8122647077260212,
                "support": 5182.0
            },
            "cross-entropy": 0.4293171080401276,
            "roc-auc": 0.8826249688643008,
            "score": 0.8124276341181011
        },
        "test": {
            "0": {
                "precision": 0.8097854077253219,
                "recall": 0.779540571806313,
                "f1-score": 0.7943752105085887,
                "support": 6051.0
            },
            "1": {
                "precision": 0.7871389819690442,
                "recall": 0.8165866578381062,
                "f1-score": 0.8015924601884953,
                "support": 6041.0
            },
            "accuracy": 0.7980482963943103,
            "macro avg": {
                "precision": 0.7984621948471831,
                "recall": 0.7980636148222096,
                "f1-score": 0.797983835348542,
                "support": 12092.0
            },
            "weighted avg": {
                "precision": 0.798471559065574,
                "recall": 0.7980482963943103,
                "f1-score": 0.7979808510408677,
                "support": 12092.0
            },
            "cross-entropy": 0.4336052124242866,
            "roc-auc": 0.8799451339112768,
            "score": 0.7980482963943103
        }
    },
    "time": "0:00:12.121938",
    "chunk_size": null,
    "eval_batch_size": 32768
}