{
    "function": "_bin.model.main",
    "gpus": [
        "Tesla V100-PCIE-16GB"
    ],
    "config": {
        "seed": 10,
        "batch_size": 512,
        "patience": 16,
        "n_epochs": -1,
        "gradient_clipping_norm": 1.0,
        "amp": true,
        "data": {
            "cache": true,
            "path": "data/regression-num-large-0-year",
            "num_policy": "noisy-quantile"
        },
        "optimizer": {
            "type": "AdamW",
            "lr": 0.00028688680660058686,
            "weight_decay": 0.0002579640930923944
        },
        "model": {
            "arch_type": "plain",
            "backbone": {
                "type": "MLP",
                "n_blocks": 5,
                "d_block": 768,
                "dropout": 0.4767450471892426
            },
            "num_embeddings": {
                "type": "PiecewiseLinearEmbeddings",
                "d_embedding": 20
            }
        },
        "bins": {
            "n_bins": 17
        }
    },
    "n_parameters": 3780505,
    "prediction_type": "labels",
    "epoch_size": 98,
    "best_step": 588,
    "metrics": {
        "train": {
            "rmse": 8.534520231594515,
            "mae": 5.924654483795166,
            "r2": 0.39705371856689453,
            "score": -8.534520231594515
        },
        "val": {
            "rmse": 8.858537045633843,
            "mae": 6.15065860748291,
            "r2": 0.3201950788497925,
            "score": -8.858537045633843
        },
        "test": {
            "rmse": 8.933558735447342,
            "mae": 6.152824401855469,
            "r2": 0.3279839754104614,
            "score": -8.933558735447342
        }
    },
    "time": "0:00:28.261391",
    "chunk_size": null,
    "eval_batch_size": 32768
}