{
    "function": "_bin.model.main",
    "gpus": [
        "Tesla V100-PCIE-16GB"
    ],
    "config": {
        "seed": 4,
        "batch_size": 512,
        "patience": 16,
        "n_epochs": -1,
        "gradient_clipping_norm": 1.0,
        "amp": true,
        "data": {
            "cache": true,
            "path": "data/regression-cat-large-0-nyc-taxi-green-dec-2016",
            "num_policy": "noisy-quantile",
            "cat_policy": "ordinal"
        },
        "optimizer": {
            "type": "AdamW",
            "lr": 0.0002726699238570058,
            "weight_decay": 0.002005501913039345
        },
        "model": {
            "arch_type": "plain",
            "backbone": {
                "type": "MLP",
                "n_blocks": 3,
                "d_block": 240,
                "dropout": 0.2588303575526417
            },
            "num_embeddings": {
                "type": "PiecewiseLinearEmbeddings",
                "d_embedding": 20
            }
        },
        "bins": {
            "n_bins": 122
        }
    },
    "n_parameters": 183541,
    "prediction_type": "labels",
    "epoch_size": 98,
    "best_step": 4900,
    "metrics": {
        "train": {
            "rmse": 0.3559272031492005,
            "mae": 0.21922993659973145,
            "r2": 0.6426302194595337,
            "score": -0.3559272031492005
        },
        "val": {
            "rmse": 0.3662513608874663,
            "mae": 0.22528284788131714,
            "r2": 0.6247827410697937,
            "score": -0.3662513608874663
        },
        "test": {
            "rmse": 0.3671807024712084,
            "mae": 0.22503478825092316,
            "r2": 0.6213715076446533,
            "score": -0.3671807024712084
        }
    },
    "time": "0:01:10.100860",
    "chunk_size": null,
    "eval_batch_size": 32768
}