{
    "function": "_bin.model.main",
    "gpus": [
        "Tesla V100-PCIE-16GB"
    ],
    "config": {
        "seed": 3,
        "batch_size": 512,
        "patience": 16,
        "n_epochs": -1,
        "gradient_clipping_norm": 1.0,
        "amp": true,
        "data": {
            "cache": true,
            "path": "data/classif-num-large-0-jannis",
            "num_policy": "noisy-quantile"
        },
        "optimizer": {
            "type": "AdamW",
            "lr": 3.442010718833056e-05,
            "weight_decay": 0.0
        },
        "model": {
            "arch_type": "plain",
            "backbone": {
                "type": "MLP",
                "n_blocks": 5,
                "d_block": 384,
                "dropout": 0.37805288910390616
            },
            "num_embeddings": {
                "type": "PiecewiseLinearEmbeddings",
                "d_embedding": 24
            }
        },
        "bins": {
            "n_bins": 45
        }
    },
    "n_parameters": 1151090,
    "prediction_type": "probs",
    "epoch_size": 79,
    "best_step": 2844,
    "metrics": {
        "train": {
            "0": {
                "precision": 0.858259229318243,
                "recall": 0.7893432465923172,
                "f1-score": 0.8223599277046217,
                "support": 20175.0
            },
            "1": {
                "precision": 0.8046066847501264,
                "recall": 0.8693557200337787,
                "f1-score": 0.8357289527720739,
                "support": 20131.0
            },
            "accuracy": 0.8293058105492979,
            "macro avg": {
                "precision": 0.8314329570341847,
                "recall": 0.8293494833130479,
                "f1-score": 0.8290444402383479,
                "support": 40306.0
            },
            "weighted avg": {
                "precision": 0.8314622419044397,
                "recall": 0.8293058105492979,
                "f1-score": 0.8290371430976867,
                "support": 40306.0
            },
            "cross-entropy": 0.39593674874516693,
            "roc-auc": 0.9005042596765658,
            "score": 0.8293058105492979
        },
        "val": {
            "0": {
                "precision": 0.8267987936234382,
                "recall": 0.7484399375975039,
                "f1-score": 0.7856704196519959,
                "support": 2564.0
            },
            "1": {
                "precision": 0.7745543516253058,
                "recall": 0.8464476699770818,
                "f1-score": 0.8089067348056215,
                "support": 2618.0
            },
            "accuracy": 0.797954457738325,
            "macro avg": {
                "precision": 0.8006765726243721,
                "recall": 0.7974438037872928,
                "f1-score": 0.7972885772288087,
                "support": 5182.0
            },
            "weighted avg": {
                "precision": 0.8004043611357672,
                "recall": 0.797954457738325,
                "f1-score": 0.797409646412357,
                "support": 5182.0
            },
            "cross-entropy": 0.45674059949565116,
            "roc-auc": 0.8661116517235175,
            "score": 0.797954457738325
        },
        "test": {
            "0": {
                "precision": 0.814941494149415,
                "recall": 0.7481408031730292,
                "f1-score": 0.7801137342753748,
                "support": 6051.0
            },
            "1": {
                "precision": 0.7668655346489215,
                "recall": 0.8298294984274127,
                "f1-score": 0.7971060581968517,
                "support": 6041.0
            },
            "accuracy": 0.7889513728084684,
            "macro avg": {
                "precision": 0.7909035143991683,
                "recall": 0.788985150800221,
                "f1-score": 0.7886098962361132,
                "support": 12092.0
            },
            "weighted avg": {
                "precision": 0.7909233936414362,
                "recall": 0.7889513728084684,
                "f1-score": 0.7886028699691924,
                "support": 12092.0
            },
            "cross-entropy": 0.45863039133426187,
            "roc-auc": 0.8660462518408678,
            "score": 0.7889513728084684
        }
    },
    "time": "0:00:52.687136",
    "chunk_size": null,
    "eval_batch_size": 32768
}