{
    "function": "_bin.model.main",
    "gpus": [
        "Tesla V100-PCIE-16GB"
    ],
    "config": {
        "seed": 5,
        "batch_size": 512,
        "patience": 16,
        "n_epochs": -1,
        "gradient_clipping_norm": 1.0,
        "amp": true,
        "data": {
            "cache": true,
            "path": "data/regression-num-large-0-year",
            "num_policy": "noisy-quantile"
        },
        "optimizer": {
            "type": "AdamW",
            "lr": 0.00028688680660058686,
            "weight_decay": 0.0002579640930923944
        },
        "model": {
            "arch_type": "plain",
            "backbone": {
                "type": "MLP",
                "n_blocks": 5,
                "d_block": 768,
                "dropout": 0.4767450471892426
            },
            "num_embeddings": {
                "type": "PiecewiseLinearEmbeddings",
                "d_embedding": 20
            }
        },
        "bins": {
            "n_bins": 17
        }
    },
    "n_parameters": 3780505,
    "prediction_type": "labels",
    "epoch_size": 98,
    "best_step": 588,
    "metrics": {
        "train": {
            "rmse": 8.438684903056068,
            "mae": 5.914681434631348,
            "r2": 0.4105187654495239,
            "score": -8.438684903056068
        },
        "val": {
            "rmse": 8.884949600686449,
            "mae": 6.199899196624756,
            "r2": 0.3161352276802063,
            "score": -8.884949600686449
        },
        "test": {
            "rmse": 8.942007355422696,
            "mae": 6.201786518096924,
            "r2": 0.3267122507095337,
            "score": -8.942007355422696
        }
    },
    "time": "0:00:28.108455",
    "chunk_size": null,
    "eval_batch_size": 32768
}