{
    "function": "_bin.model.main",
    "gpus": [
        "Tesla V100-PCIE-16GB"
    ],
    "config": {
        "seed": 2,
        "batch_size": 512,
        "patience": 16,
        "n_epochs": -1,
        "gradient_clipping_norm": 1.0,
        "amp": true,
        "data": {
            "cache": true,
            "path": "data/regression-cat-large-0-nyc-taxi-green-dec-2016",
            "num_policy": "noisy-quantile",
            "cat_policy": "ordinal"
        },
        "optimizer": {
            "type": "AdamW",
            "lr": 0.0002726699238570058,
            "weight_decay": 0.002005501913039345
        },
        "model": {
            "arch_type": "plain",
            "backbone": {
                "type": "MLP",
                "n_blocks": 3,
                "d_block": 240,
                "dropout": 0.2588303575526417
            },
            "num_embeddings": {
                "type": "PiecewiseLinearEmbeddings",
                "d_embedding": 20
            }
        },
        "bins": {
            "n_bins": 122
        }
    },
    "n_parameters": 183541,
    "prediction_type": "labels",
    "epoch_size": 98,
    "best_step": 4214,
    "metrics": {
        "train": {
            "rmse": 0.35888464271827264,
            "mae": 0.22128039598464966,
            "r2": 0.6366666555404663,
            "score": -0.35888464271827264
        },
        "val": {
            "rmse": 0.3667616708454828,
            "mae": 0.22621454298496246,
            "r2": 0.6237364411354065,
            "score": -0.3667616708454828
        },
        "test": {
            "rmse": 0.36855420960120916,
            "mae": 0.22611470520496368,
            "r2": 0.6185334920883179,
            "score": -0.36855420960120916
        }
    },
    "time": "0:01:00.484511",
    "chunk_size": null,
    "eval_batch_size": 32768
}