{
    "function": "_bin.model.main",
    "gpus": [
        "NVIDIA A100-SXM4-40GB"
    ],
    "config": {
        "seed": 13,
        "batch_size": 512,
        "patience": 16,
        "n_epochs": -1,
        "gradient_clipping_norm": 1.0,
        "amp": true,
        "data": {
            "cache": true,
            "path": "data/classif-cat-large-0-road-safety",
            "num_policy": "noisy-quantile",
            "cat_policy": "ordinal"
        },
        "optimizer": {
            "type": "AdamW",
            "lr": 0.0014163501429175726,
            "weight_decay": 0.0
        },
        "model": {
            "arch_type": "tabm-mini",
            "k": 32,
            "backbone": {
                "type": "MLP",
                "n_blocks": 3,
                "d_block": 992,
                "dropout": 0.2766285061331004
            },
            "num_embeddings": {
                "type": "PiecewiseLinearEmbeddings",
                "d_embedding": 32
            }
        },
        "bins": {
            "n_bins": 41
        }
    },
    "n_parameters": 3030976,
    "prediction_type": "probs",
    "epoch_size": 98,
    "best_step": 9898,
    "metrics": {
        "train": {
            "0": {
                "precision": 1.0,
                "recall": 0.9990050939191341,
                "f1-score": 0.9995022993768788,
                "support": 25128.0
            },
            "1": {
                "precision": 0.9989958629553761,
                "recall": 1.0,
                "f1-score": 0.9994976792782656,
                "support": 24872.0
            },
            "accuracy": 0.9995,
            "macro avg": {
                "precision": 0.9994979314776881,
                "recall": 0.9995025469595671,
                "f1-score": 0.9994999893275722,
                "support": 50000.0
            },
            "weighted avg": {
                "precision": 0.9995005020685224,
                "recall": 0.9995,
                "f1-score": 0.9995000011550248,
                "support": 50000.0
            },
            "cross-entropy": 0.06100095827739308,
            "roc-auc": 0.9999999471986158,
            "score": 0.9995
        },
        "val": {
            "0": {
                "precision": 0.843452380952381,
                "recall": 0.7584029115821024,
                "f1-score": 0.7986698230188254,
                "support": 9342.0
            },
            "1": {
                "precision": 0.777152448657188,
                "recall": 0.8568473764424124,
                "f1-score": 0.8150564357460909,
                "support": 9186.0
            },
            "accuracy": 0.8072107081174439,
            "macro avg": {
                "precision": 0.8103024148047845,
                "recall": 0.8076251440122574,
                "f1-score": 0.8068631293824582,
                "support": 18528.0
            },
            "weighted avg": {
                "precision": 0.8105815272140583,
                "recall": 0.8072107081174439,
                "f1-score": 0.8067941442900182,
                "support": 18528.0
            },
            "cross-entropy": 0.404420235717308,
            "roc-auc": 0.9039443312482582,
            "score": 0.8072107081174439
        },
        "test": {
            "0": {
                "precision": 0.839291313891502,
                "recall": 0.7500350287235533,
                "f1-score": 0.792156862745098,
                "support": 21411.0
            },
            "1": {
                "precision": 0.7779253112033195,
                "recall": 0.8590936168262842,
                "f1-score": 0.8164971800622781,
                "support": 21823.0
            },
            "accuracy": 0.8050839616968127,
            "macro avg": {
                "precision": 0.8086083125474108,
                "recall": 0.8045643227749187,
                "f1-score": 0.8043270214036881,
                "support": 43234.0
            },
            "weighted avg": {
                "precision": 0.8083159177527177,
                "recall": 0.8050839616968127,
                "f1-score": 0.8044429973801728,
                "support": 43234.0
            },
            "cross-entropy": 0.41169139417259104,
            "roc-auc": 0.9005653034272263,
            "score": 0.8050839616968127
        }
    },
    "time": "0:01:38.391082",
    "chunk_size": null,
    "eval_batch_size": 32768
}