{
    "function": "_bin.model.main",
    "gpus": [
        "Tesla V100-PCIE-16GB"
    ],
    "config": {
        "seed": 4,
        "batch_size": 512,
        "patience": 16,
        "n_epochs": -1,
        "gradient_clipping_norm": 1.0,
        "amp": true,
        "data": {
            "cache": true,
            "path": "data/classif-cat-large-0-road-safety",
            "num_policy": "noisy-quantile",
            "cat_policy": "ordinal"
        },
        "optimizer": {
            "type": "AdamW",
            "lr": 0.0005171502514831313,
            "weight_decay": 0.00010235561337628236
        },
        "model": {
            "arch_type": "plain",
            "backbone": {
                "type": "MLP",
                "n_blocks": 2,
                "d_block": 496,
                "dropout": 0.4582376177559271
            },
            "num_embeddings": {
                "type": "PiecewiseLinearEmbeddings",
                "d_embedding": 20
            }
        },
        "bins": {
            "n_bins": 22
        }
    },
    "n_parameters": 552578,
    "prediction_type": "probs",
    "epoch_size": 98,
    "best_step": 3822,
    "metrics": {
        "train": {
            "0": {
                "precision": 0.8680117514905383,
                "recall": 0.7995463228271251,
                "f1-score": 0.8323735344077557,
                "support": 25128.0
            },
            "1": {
                "precision": 0.8124301779995532,
                "recall": 0.8771711161145063,
                "f1-score": 0.8435602984959208,
                "support": 24872.0
            },
            "accuracy": 0.83816,
            "macro avg": {
                "precision": 0.8402209647450458,
                "recall": 0.8383587194708157,
                "f1-score": 0.8379669164518383,
                "support": 50000.0
            },
            "weighted avg": {
                "precision": 0.8403632535731828,
                "recall": 0.83816,
                "f1-score": 0.8379382783357726,
                "support": 50000.0
            },
            "cross-entropy": 0.3309116653358877,
            "roc-auc": 0.9313485851443504,
            "score": 0.83816
        },
        "val": {
            "0": {
                "precision": 0.8197667705807643,
                "recall": 0.7600085634767716,
                "f1-score": 0.788757429317336,
                "support": 9342.0
            },
            "1": {
                "precision": 0.7727779466909902,
                "recall": 0.8300674940126279,
                "f1-score": 0.8003988873143337,
                "support": 9186.0
            },
            "accuracy": 0.794743091537133,
            "macro avg": {
                "precision": 0.7962723586358773,
                "recall": 0.7950380287446998,
                "f1-score": 0.7945781583158349,
                "support": 18528.0
            },
            "weighted avg": {
                "precision": 0.7964701742804909,
                "recall": 0.794743091537133,
                "f1-score": 0.7945291495872205,
                "support": 18528.0
            },
            "cross-entropy": 0.40291968897915015,
            "roc-auc": 0.8910249104789931,
            "score": 0.794743091537133
        },
        "test": {
            "0": {
                "precision": 0.8139865104721334,
                "recall": 0.7496613890056513,
                "f1-score": 0.7805008509603696,
                "support": 21411.0
            },
            "1": {
                "precision": 0.7720603869870295,
                "recall": 0.8319204509004261,
                "f1-score": 0.8008734394988751,
                "support": 21823.0
            },
            "accuracy": 0.7911828653374658,
            "macro avg": {
                "precision": 0.7930234487295815,
                "recall": 0.7907909199530387,
                "f1-score": 0.7906871452296224,
                "support": 43234.0
            },
            "weighted avg": {
                "precision": 0.7928236804583613,
                "recall": 0.7911828653374658,
                "f1-score": 0.7907842158971278,
                "support": 43234.0
            },
            "cross-entropy": 0.4080371173738753,
            "roc-auc": 0.8881210787869652,
            "score": 0.7911828653374658
        }
    },
    "time": "0:00:50.313169",
    "chunk_size": null,
    "eval_batch_size": 32768
}