{
    "function": "_bin.model.main",
    "gpus": [
        "Tesla V100-PCIE-16GB"
    ],
    "config": {
        "seed": 11,
        "batch_size": 512,
        "patience": 16,
        "n_epochs": -1,
        "gradient_clipping_norm": 1.0,
        "amp": true,
        "data": {
            "cache": true,
            "path": "data/classif-num-large-0-jannis",
            "num_policy": "noisy-quantile"
        },
        "optimizer": {
            "type": "AdamW",
            "lr": 3.442010718833056e-05,
            "weight_decay": 0.0
        },
        "model": {
            "arch_type": "plain",
            "backbone": {
                "type": "MLP",
                "n_blocks": 5,
                "d_block": 384,
                "dropout": 0.37805288910390616
            },
            "num_embeddings": {
                "type": "PiecewiseLinearEmbeddings",
                "d_embedding": 24
            }
        },
        "bins": {
            "n_bins": 45
        }
    },
    "n_parameters": 1151090,
    "prediction_type": "probs",
    "epoch_size": 79,
    "best_step": 2528,
    "metrics": {
        "train": {
            "0": {
                "precision": 0.8486486486486486,
                "recall": 0.7859727385377943,
                "f1-score": 0.8161091096242923,
                "support": 20175.0
            },
            "1": {
                "precision": 0.8002867582442995,
                "recall": 0.8595201430629378,
                "f1-score": 0.828846522322284,
                "support": 20131.0
            },
            "accuracy": 0.8227062968292562,
            "macro avg": {
                "precision": 0.824467703446474,
                "recall": 0.822746440800366,
                "f1-score": 0.8224778159732882,
                "support": 40306.0
            },
            "weighted avg": {
                "precision": 0.824494100548367,
                "recall": 0.8227062968292562,
                "f1-score": 0.8224708635820969,
                "support": 40306.0
            },
            "cross-entropy": 0.4062090004350222,
            "roc-auc": 0.8947054648311306,
            "score": 0.8227062968292562
        },
        "val": {
            "0": {
                "precision": 0.8241805023414219,
                "recall": 0.7550702028081123,
                "f1-score": 0.7881131691430897,
                "support": 2564.0
            },
            "1": {
                "precision": 0.7783268619837628,
                "recall": 0.8422459893048129,
                "f1-score": 0.8090258668134287,
                "support": 2618.0
            },
            "accuracy": 0.799112311848707,
            "macro avg": {
                "precision": 0.8012536821625924,
                "recall": 0.7986580960564627,
                "f1-score": 0.7985695179782593,
                "support": 5182.0
            },
            "weighted avg": {
                "precision": 0.801014768945754,
                "recall": 0.799112311848707,
                "f1-score": 0.7986784803165646,
                "support": 5182.0
            },
            "cross-entropy": 0.4512744883096436,
            "roc-auc": 0.8674753655539651,
            "score": 0.799112311848707
        },
        "test": {
            "0": {
                "precision": 0.8148807404770381,
                "recall": 0.7565691621219633,
                "f1-score": 0.7846430713857229,
                "support": 6051.0
            },
            "1": {
                "precision": 0.7724745134383688,
                "recall": 0.8278430723390168,
                "f1-score": 0.7992009588493807,
                "support": 6041.0
            },
            "accuracy": 0.792176645716176,
            "macro avg": {
                "precision": 0.7936776269577035,
                "recall": 0.7922061172304901,
                "f1-score": 0.7919220151175518,
                "support": 12092.0
            },
            "weighted avg": {
                "precision": 0.7936951617852913,
                "recall": 0.792176645716176,
                "f1-score": 0.7919159954816504,
                "support": 12092.0
            },
            "cross-entropy": 0.45473045334894446,
            "roc-auc": 0.8666671946513457,
            "score": 0.792176645716176
        }
    },
    "time": "0:00:47.568603",
    "chunk_size": null,
    "eval_batch_size": 32768
}