{
    "function": "_bin.model.main",
    "gpus": [
        "NVIDIA A100-SXM4-40GB"
    ],
    "config": {
        "seed": 3,
        "batch_size": 512,
        "patience": 16,
        "n_epochs": -1,
        "gradient_clipping_norm": 1.0,
        "amp": true,
        "data": {
            "cache": true,
            "path": "data/classif-cat-large-0-road-safety",
            "num_policy": "noisy-quantile",
            "cat_policy": "ordinal"
        },
        "optimizer": {
            "type": "AdamW",
            "lr": 0.0014163501429175726,
            "weight_decay": 0.0
        },
        "model": {
            "arch_type": "tabm-mini",
            "k": 32,
            "backbone": {
                "type": "MLP",
                "n_blocks": 3,
                "d_block": 992,
                "dropout": 0.2766285061331004
            },
            "num_embeddings": {
                "type": "PiecewiseLinearEmbeddings",
                "d_embedding": 32
            }
        },
        "bins": {
            "n_bins": 41
        }
    },
    "n_parameters": 3030976,
    "prediction_type": "probs",
    "epoch_size": 98,
    "best_step": 5782,
    "metrics": {
        "train": {
            "0": {
                "precision": 0.9903261357606433,
                "recall": 0.9655364533588029,
                "f1-score": 0.9777741954984182,
                "support": 25128.0
            },
            "1": {
                "precision": 0.9660405474295126,
                "recall": 0.9904712126085558,
                "f1-score": 0.9781033490163381,
                "support": 24872.0
            },
            "accuracy": 0.97794,
            "macro avg": {
                "precision": 0.978183341595078,
                "recall": 0.9780038329836793,
                "f1-score": 0.9779387722573781,
                "support": 50000.0
            },
            "weighted avg": {
                "precision": 0.9782455127012057,
                "recall": 0.97794,
                "f1-score": 0.9779379296243723,
                "support": 50000.0
            },
            "cross-entropy": 0.16010350740288554,
            "roc-auc": 0.9983592841896195,
            "score": 0.97794
        },
        "val": {
            "0": {
                "precision": 0.8200832115146744,
                "recall": 0.7806679511881824,
                "f1-score": 0.799890320811626,
                "support": 9342.0
            },
            "1": {
                "precision": 0.7873378308251168,
                "recall": 0.8258219028957109,
                "f1-score": 0.8061208224855215,
                "support": 9186.0
            },
            "accuracy": 0.803054835924007,
            "macro avg": {
                "precision": 0.8037105211698956,
                "recall": 0.8032449270419466,
                "f1-score": 0.8030055716485738,
                "support": 18528.0
            },
            "weighted avg": {
                "precision": 0.8038483741326431,
                "recall": 0.803054835924007,
                "f1-score": 0.8029793422049983,
                "support": 18528.0
            },
            "cross-entropy": 0.38824934220120666,
            "roc-auc": 0.9009255565292711,
            "score": 0.803054835924007
        },
        "test": {
            "0": {
                "precision": 0.8117485400206115,
                "recall": 0.7725468217271496,
                "f1-score": 0.7916626782808461,
                "support": 21411.0
            },
            "1": {
                "precision": 0.7869361683510522,
                "recall": 0.8242221509416671,
                "f1-score": 0.8051477170993733,
                "support": 21823.0
            },
            "accuracy": 0.7986307073136883,
            "macro avg": {
                "precision": 0.7993423541858318,
                "recall": 0.7983844863344083,
                "f1-score": 0.7984051976901096,
                "support": 43234.0
            },
            "weighted avg": {
                "precision": 0.7992241289796531,
                "recall": 0.7986307073136883,
                "f1-score": 0.7984694507778791,
                "support": 43234.0
            },
            "cross-entropy": 0.3981810110087404,
            "roc-auc": 0.8964936387369329,
            "score": 0.7986307073136883
        }
    },
    "time": "0:01:02.545230",
    "chunk_size": null,
    "eval_batch_size": 32768
}