{
    "function": "_bin.model.main",
    "gpus": [
        "Tesla V100-PCIE-16GB"
    ],
    "config": {
        "seed": 13,
        "batch_size": 512,
        "patience": 16,
        "n_epochs": -1,
        "gradient_clipping_norm": 1.0,
        "amp": true,
        "data": {
            "cache": true,
            "path": "data/classif-cat-large-0-road-safety",
            "num_policy": "noisy-quantile",
            "cat_policy": "ordinal"
        },
        "optimizer": {
            "type": "AdamW",
            "lr": 0.0005171502514831313,
            "weight_decay": 0.00010235561337628236
        },
        "model": {
            "arch_type": "plain",
            "backbone": {
                "type": "MLP",
                "n_blocks": 2,
                "d_block": 496,
                "dropout": 0.4582376177559271
            },
            "num_embeddings": {
                "type": "PiecewiseLinearEmbeddings",
                "d_embedding": 20
            }
        },
        "bins": {
            "n_bins": 22
        }
    },
    "n_parameters": 552578,
    "prediction_type": "probs",
    "epoch_size": 98,
    "best_step": 1666,
    "metrics": {
        "train": {
            "0": {
                "precision": 0.8269817400644468,
                "recall": 0.7659980897803247,
                "f1-score": 0.7953226039708282,
                "support": 25128.0
            },
            "1": {
                "precision": 0.7799812909260991,
                "recall": 0.8380910260533934,
                "f1-score": 0.8079927127546175,
                "support": 24872.0
            },
            "accuracy": 0.80186,
            "macro avg": {
                "precision": 0.803481515495273,
                "recall": 0.802044557916859,
                "f1-score": 0.8016576583627228,
                "support": 50000.0
            },
            "weighted avg": {
                "precision": 0.8036018366450671,
                "recall": 0.80186,
                "f1-score": 0.8016252228842363,
                "support": 50000.0
            },
            "cross-entropy": 0.38753304695549423,
            "roc-auc": 0.8993183966921783,
            "score": 0.80186
        },
        "val": {
            "0": {
                "precision": 0.8139826642335767,
                "recall": 0.7639691714836223,
                "f1-score": 0.7881833241303148,
                "support": 9342.0
            },
            "1": {
                "precision": 0.774077868852459,
                "recall": 0.8224472022643152,
                "f1-score": 0.7975298215982265,
                "support": 9186.0
            },
            "accuracy": 0.7929620034542314,
            "macro avg": {
                "precision": 0.7940302665430179,
                "recall": 0.7932081868739688,
                "f1-score": 0.7928565728642707,
                "support": 18528.0
            },
            "weighted avg": {
                "precision": 0.7941982595287544,
                "recall": 0.7929620034542314,
                "f1-score": 0.7928172255627541,
                "support": 18528.0
            },
            "cross-entropy": 0.40470912756942323,
            "roc-auc": 0.8890857003967996,
            "score": 0.7929620034542314
        },
        "test": {
            "0": {
                "precision": 0.8052550231839258,
                "recall": 0.7543318854794264,
                "f1-score": 0.7789620912510852,
                "support": 21411.0
            },
            "1": {
                "precision": 0.7730508693963843,
                "recall": 0.8210145259588507,
                "f1-score": 0.7963111111111111,
                "support": 21823.0
            },
            "accuracy": 0.787990933061942,
            "macro avg": {
                "precision": 0.7891529462901551,
                "recall": 0.7876732057191386,
                "f1-score": 0.7876366011810981,
                "support": 43234.0
            },
            "weighted avg": {
                "precision": 0.7889995009536092,
                "recall": 0.787990933061942,
                "f1-score": 0.7877192652438998,
                "support": 43234.0
            },
            "cross-entropy": 0.4114267305822955,
            "roc-auc": 0.8844005488401572,
            "score": 0.787990933061942
        }
    },
    "time": "0:00:26.645564",
    "chunk_size": null,
    "eval_batch_size": 32768
}