{
    "function": "_bin.model.main",
    "gpus": [
        "Tesla V100-PCIE-16GB"
    ],
    "config": {
        "seed": 1,
        "batch_size": 512,
        "patience": 16,
        "n_epochs": -1,
        "gradient_clipping_norm": 1.0,
        "amp": true,
        "data": {
            "cache": true,
            "path": "data/regression-num-large-0-year",
            "num_policy": "noisy-quantile"
        },
        "optimizer": {
            "type": "AdamW",
            "lr": 0.00028688680660058686,
            "weight_decay": 0.0002579640930923944
        },
        "model": {
            "arch_type": "plain",
            "backbone": {
                "type": "MLP",
                "n_blocks": 5,
                "d_block": 768,
                "dropout": 0.4767450471892426
            },
            "num_embeddings": {
                "type": "PiecewiseLinearEmbeddings",
                "d_embedding": 20
            }
        },
        "bins": {
            "n_bins": 17
        }
    },
    "n_parameters": 3780505,
    "prediction_type": "labels",
    "epoch_size": 98,
    "best_step": 980,
    "metrics": {
        "train": {
            "rmse": 8.015178110258072,
            "mae": 5.584012985229492,
            "r2": 0.4682019352912903,
            "score": -8.015178110258072
        },
        "val": {
            "rmse": 8.86682138905539,
            "mae": 6.094485759735107,
            "r2": 0.3189229965209961,
            "score": -8.86682138905539
        },
        "test": {
            "rmse": 8.93578060657423,
            "mae": 6.102089881896973,
            "r2": 0.32764965295791626,
            "score": -8.93578060657423
        }
    },
    "time": "0:00:38.188967",
    "chunk_size": null,
    "eval_batch_size": 32768
}