{
    "function": "_bin.model.main",
    "gpus": [
        "Tesla V100-PCIE-16GB"
    ],
    "config": {
        "seed": 9,
        "batch_size": 512,
        "patience": 16,
        "n_epochs": -1,
        "gradient_clipping_norm": 1.0,
        "amp": true,
        "data": {
            "cache": true,
            "path": "data/classif-cat-large-0-road-safety",
            "num_policy": "noisy-quantile",
            "cat_policy": "ordinal"
        },
        "optimizer": {
            "type": "AdamW",
            "lr": 0.0005171502514831313,
            "weight_decay": 0.00010235561337628236
        },
        "model": {
            "arch_type": "plain",
            "backbone": {
                "type": "MLP",
                "n_blocks": 2,
                "d_block": 496,
                "dropout": 0.4582376177559271
            },
            "num_embeddings": {
                "type": "PiecewiseLinearEmbeddings",
                "d_embedding": 20
            }
        },
        "bins": {
            "n_bins": 22
        }
    },
    "n_parameters": 552578,
    "prediction_type": "probs",
    "epoch_size": 98,
    "best_step": 3234,
    "metrics": {
        "train": {
            "0": {
                "precision": 0.8485946652058489,
                "recall": 0.8014167462591532,
                "f1-score": 0.8243312388710371,
                "support": 25128.0
            },
            "1": {
                "precision": 0.8100422551296205,
                "recall": 0.8555403666773882,
                "f1-score": 0.8321698832639174,
                "support": 24872.0
            },
            "accuracy": 0.82834,
            "macro avg": {
                "precision": 0.8293184601677347,
                "recall": 0.8284785564682706,
                "f1-score": 0.8282505610674773,
                "support": 50000.0
            },
            "weighted avg": {
                "precision": 0.8294171543375298,
                "recall": 0.82834,
                "f1-score": 0.8282304941378316,
                "support": 50000.0
            },
            "cross-entropy": 0.3447506337196073,
            "roc-auc": 0.9233503786761666,
            "score": 0.82834
        },
        "val": {
            "0": {
                "precision": 0.8098378982671883,
                "recall": 0.7754228216655963,
                "f1-score": 0.7922567944441407,
                "support": 9342.0
            },
            "1": {
                "precision": 0.7810706459355108,
                "recall": 0.8148269105160026,
                "f1-score": 0.7975917736693484,
                "support": 9186.0
            },
            "accuracy": 0.7949589810017271,
            "macro avg": {
                "precision": 0.7954542721013496,
                "recall": 0.7951248660907995,
                "f1-score": 0.7949242840567445,
                "support": 18528.0
            },
            "weighted avg": {
                "precision": 0.7955753777620723,
                "recall": 0.7949589810017271,
                "f1-score": 0.7949018246234779,
                "support": 18528.0
            },
            "cross-entropy": 0.4020361683457124,
            "roc-auc": 0.8910803024978717,
            "score": 0.7949589810017271
        },
        "test": {
            "0": {
                "precision": 0.8049823113207547,
                "recall": 0.7651674372985848,
                "f1-score": 0.7845700739889375,
                "support": 21411.0
            },
            "1": {
                "precision": 0.7802639629403024,
                "recall": 0.8181276634743161,
                "f1-score": 0.7987473436975729,
                "support": 21823.0
            },
            "accuracy": 0.7918998936022574,
            "macro avg": {
                "precision": 0.7926231371305286,
                "recall": 0.7916475503864504,
                "f1-score": 0.7916587088432552,
                "support": 43234.0
            },
            "weighted avg": {
                "precision": 0.7925053599235531,
                "recall": 0.7918998936022574,
                "f1-score": 0.7917262602509432,
                "support": 43234.0
            },
            "cross-entropy": 0.408176861389863,
            "roc-auc": 0.8878545974608709,
            "score": 0.7918998936022574
        }
    },
    "time": "0:00:44.948684",
    "chunk_size": null,
    "eval_batch_size": 32768
}