{
    "function": "_bin.model.main",
    "gpus": [
        "NVIDIA A100-SXM4-40GB"
    ],
    "config": {
        "seed": 12,
        "batch_size": 512,
        "patience": 16,
        "n_epochs": -1,
        "gradient_clipping_norm": 1.0,
        "amp": true,
        "data": {
            "cache": true,
            "path": "data/regression-cat-large-0-nyc-taxi-green-dec-2016",
            "num_policy": "noisy-quantile",
            "cat_policy": "ordinal"
        },
        "optimizer": {
            "type": "AdamW",
            "lr": 0.00012045339381143615,
            "weight_decay": 0.00028593738845718775
        },
        "model": {
            "arch_type": "tabm-mini",
            "k": 32,
            "backbone": {
                "type": "MLP",
                "n_blocks": 4,
                "d_block": 928,
                "dropout": 0.23456710406401882
            },
            "num_embeddings": {
                "type": "PiecewiseLinearEmbeddings",
                "d_embedding": 32
            }
        },
        "bins": {
            "n_bins": 122
        }
    },
    "n_parameters": 2943104,
    "prediction_type": "labels",
    "epoch_size": 98,
    "best_step": 21854,
    "metrics": {
        "train": {
            "rmse": 0.3265102025186154,
            "mae": 0.18503710627555847,
            "r2": 0.6992615461349487,
            "score": -0.3265102025186154
        },
        "val": {
            "rmse": 0.34858903155858845,
            "mae": 0.19708660244941711,
            "r2": 0.6600995659828186,
            "score": -0.34858903155858845
        },
        "test": {
            "rmse": 0.348661127730411,
            "mae": 0.19662626087665558,
            "r2": 0.658602237701416,
            "score": -0.348661127730411
        }
    },
    "time": "0:03:18.669963",
    "chunk_size": null,
    "eval_batch_size": 32768
}