{
    "function": "_bin.model.main",
    "gpus": [
        "Tesla V100-PCIE-16GB"
    ],
    "config": {
        "seed": 6,
        "batch_size": 512,
        "patience": 16,
        "n_epochs": -1,
        "gradient_clipping_norm": 1.0,
        "amp": true,
        "data": {
            "cache": true,
            "path": "data/regression-cat-large-0-particulate-matter-ukair-2017",
            "num_policy": "noisy-quantile",
            "cat_policy": "ordinal"
        },
        "optimizer": {
            "type": "AdamW",
            "lr": 6.889031839851212e-05,
            "weight_decay": 0.0
        },
        "model": {
            "arch_type": "plain",
            "backbone": {
                "type": "MLP",
                "n_blocks": 1,
                "d_block": 272,
                "dropout": 0.30553863189595615
            },
            "num_embeddings": {
                "type": "PiecewiseLinearEmbeddings",
                "d_embedding": 32
            }
        },
        "bins": {
            "n_bins": 42
        }
    },
    "n_parameters": 37137,
    "prediction_type": "labels",
    "epoch_size": 98,
    "best_step": 59584,
    "metrics": {
        "train": {
            "rmse": 0.3519229312862754,
            "mae": 0.24212877452373505,
            "r2": 0.7338510751724243,
            "score": -0.3519229312862754
        },
        "val": {
            "rmse": 0.36903751285474007,
            "mae": 0.25437769293785095,
            "r2": 0.7041879296302795,
            "score": -0.36903751285474007
        },
        "test": {
            "rmse": 0.3646649700681202,
            "mae": 0.251371294260025,
            "r2": 0.7120678424835205,
            "score": -0.3646649700681202
        }
    },
    "time": "0:07:58.926656",
    "chunk_size": null,
    "eval_batch_size": 32768
}