{
    "function": "_bin.model.main",
    "gpus": [
        "NVIDIA A100-SXM4-40GB"
    ],
    "config": {
        "seed": 9,
        "batch_size": 512,
        "patience": 16,
        "n_epochs": -1,
        "gradient_clipping_norm": 1.0,
        "amp": true,
        "data": {
            "cache": true,
            "path": "data/regression-cat-large-0-nyc-taxi-green-dec-2016",
            "num_policy": "noisy-quantile",
            "cat_policy": "ordinal"
        },
        "optimizer": {
            "type": "AdamW",
            "lr": 0.00012045339381143615,
            "weight_decay": 0.00028593738845718775
        },
        "model": {
            "arch_type": "tabm-mini",
            "k": 32,
            "backbone": {
                "type": "MLP",
                "n_blocks": 4,
                "d_block": 928,
                "dropout": 0.23456710406401882
            },
            "num_embeddings": {
                "type": "PiecewiseLinearEmbeddings",
                "d_embedding": 32
            }
        },
        "bins": {
            "n_bins": 122
        }
    },
    "n_parameters": 2943104,
    "prediction_type": "labels",
    "epoch_size": 98,
    "best_step": 20678,
    "metrics": {
        "train": {
            "rmse": 0.3292742765552931,
            "mae": 0.18833963572978973,
            "r2": 0.6941481828689575,
            "score": -0.3292742765552931
        },
        "val": {
            "rmse": 0.3476308320429685,
            "mae": 0.19818215072155,
            "r2": 0.6619656085968018,
            "score": -0.3476308320429685
        },
        "test": {
            "rmse": 0.34772020458933006,
            "mae": 0.1977597177028656,
            "r2": 0.6604423522949219,
            "score": -0.34772020458933006
        }
    },
    "time": "0:03:08.894056",
    "chunk_size": null,
    "eval_batch_size": 32768
}