{
    "function": "_bin.model.main",
    "gpus": [
        "Tesla V100-PCIE-16GB"
    ],
    "config": {
        "seed": 8,
        "batch_size": 512,
        "patience": 16,
        "n_epochs": -1,
        "gradient_clipping_norm": 1.0,
        "amp": true,
        "data": {
            "cache": true,
            "path": "data/classif-num-large-0-MiniBooNE",
            "num_policy": "noisy-quantile"
        },
        "optimizer": {
            "type": "AdamW",
            "lr": 0.00026099266313791,
            "weight_decay": 0.019897366041434994
        },
        "model": {
            "arch_type": "plain",
            "backbone": {
                "type": "MLP",
                "n_blocks": 2,
                "d_block": 560,
                "dropout": 0.38594681331216396
            },
            "num_embeddings": {
                "type": "PiecewiseLinearEmbeddings",
                "d_embedding": 8
            }
        },
        "bins": {
            "n_bins": 13
        }
    },
    "n_parameters": 545842,
    "prediction_type": "probs",
    "epoch_size": 98,
    "best_step": 3234,
    "metrics": {
        "train": {
            "0": {
                "precision": 0.9793021638646868,
                "recall": 0.953103228631713,
                "f1-score": 0.9660250978493322,
                "support": 25119.0
            },
            "1": {
                "precision": 0.9538997377998669,
                "recall": 0.9796631968168482,
                "f1-score": 0.9666098267042075,
                "support": 24881.0
            },
            "accuracy": 0.96632,
            "macro avg": {
                "precision": 0.9666009508322768,
                "recall": 0.9663832127242806,
                "f1-score": 0.9663174622767698,
                "support": 50000.0
            },
            "weighted avg": {
                "precision": 0.966661408606311,
                "recall": 0.96632,
                "f1-score": 0.9663160706220951,
                "support": 50000.0
            },
            "cross-entropy": 0.09241130132208342,
            "roc-auc": 0.9941809689547223,
            "score": 0.96632
        },
        "val": {
            "0": {
                "precision": 0.9674391317101789,
                "recall": 0.9374644684479818,
                "f1-score": 0.9522159665078678,
                "support": 3518.0
            },
            "1": {
                "precision": 0.9369627507163324,
                "recall": 0.9671694764862466,
                "f1-score": 0.9518265172463979,
                "support": 3381.0
            },
            "accuracy": 0.9520220321785766,
            "macro avg": {
                "precision": 0.9522009412132557,
                "recall": 0.9523169724671142,
                "f1-score": 0.9520212418771328,
                "support": 6899.0
            },
            "weighted avg": {
                "precision": 0.9525035404447498,
                "recall": 0.9520220321785766,
                "f1-score": 0.952025108709197,
                "support": 6899.0
            },
            "cross-entropy": 0.13787973449165286,
            "roc-auc": 0.9866572453931519,
            "score": 0.9520220321785766
        },
        "test": {
            "0": {
                "precision": 0.9565217391304348,
                "recall": 0.9374205036886288,
                "f1-score": 0.946874799254834,
                "support": 7862.0
            },
            "1": {
                "precision": 0.9413867047891351,
                "recall": 0.9593298531018575,
                "f1-score": 0.9502735854729121,
                "support": 8237.0
            },
            "accuracy": 0.9486303497111622,
            "macro avg": {
                "precision": 0.948954221959785,
                "recall": 0.9483751783952432,
                "f1-score": 0.9485741923638731,
                "support": 16099.0
            },
            "weighted avg": {
                "precision": 0.9487779489652515,
                "recall": 0.9486303497111622,
                "f1-score": 0.9486137769601766,
                "support": 16099.0
            },
            "cross-entropy": 0.14455125386909085,
            "roc-auc": 0.9868489764573406,
            "score": 0.9486303497111622
        }
    },
    "time": "0:00:42.823561",
    "chunk_size": null,
    "eval_batch_size": 32768
}