{
    "function": "_bin.model.main",
    "gpus": [
        "NVIDIA A100-SXM4-40GB"
    ],
    "config": {
        "seed": 3,
        "batch_size": 512,
        "patience": 16,
        "n_epochs": -1,
        "gradient_clipping_norm": 1.0,
        "amp": true,
        "data": {
            "cache": true,
            "path": "data/regression-cat-large-0-particulate-matter-ukair-2017",
            "num_policy": "noisy-quantile",
            "cat_policy": "ordinal"
        },
        "optimizer": {
            "type": "AdamW",
            "lr": 0.0006270838221461209,
            "weight_decay": 0.0
        },
        "model": {
            "arch_type": "tabm-mini",
            "k": 32,
            "backbone": {
                "type": "MLP",
                "n_blocks": 3,
                "d_block": 944,
                "dropout": 0.28165809461236535
            },
            "num_embeddings": {
                "type": "PiecewiseLinearEmbeddings",
                "d_embedding": 32
            }
        },
        "bins": {
            "n_bins": 74
        }
    },
    "n_parameters": 1938784,
    "prediction_type": "labels",
    "epoch_size": 98,
    "best_step": 5782,
    "metrics": {
        "train": {
            "rmse": 0.32688629123595103,
            "mae": 0.22710780799388885,
            "r2": 0.7703729271888733,
            "score": -0.32688629123595103
        },
        "val": {
            "rmse": 0.36406721185737567,
            "mae": 0.24921733140945435,
            "r2": 0.7121024131774902,
            "score": -0.36406721185737567
        },
        "test": {
            "rmse": 0.36067371389786795,
            "mae": 0.24662567675113678,
            "r2": 0.7183362245559692,
            "score": -0.36067371389786795
        }
    },
    "time": "0:00:47.531493",
    "chunk_size": null,
    "eval_batch_size": 32768
}