{
    "function": "_bin.model.main",
    "gpus": [
        "NVIDIA A100-SXM4-40GB"
    ],
    "config": {
        "seed": 14,
        "batch_size": 512,
        "patience": 16,
        "n_epochs": -1,
        "gradient_clipping_norm": 1.0,
        "amp": true,
        "data": {
            "cache": true,
            "path": "data/classif-num-large-0-jannis",
            "num_policy": "noisy-quantile"
        },
        "optimizer": {
            "type": "AdamW",
            "lr": 0.004157352859011471,
            "weight_decay": 0.0002876199545467971
        },
        "model": {
            "arch_type": "tabm-mini",
            "k": 32,
            "backbone": {
                "type": "MLP",
                "n_blocks": 3,
                "d_block": 528,
                "dropout": 0.0
            },
            "num_embeddings": {
                "type": "PiecewiseLinearEmbeddings",
                "d_embedding": 12
            }
        },
        "bins": {
            "n_bins": 9
        }
    },
    "n_parameters": 963016,
    "prediction_type": "probs",
    "epoch_size": 79,
    "best_step": 1106,
    "metrics": {
        "train": {
            "0": {
                "precision": 0.9204356846473029,
                "recall": 0.8796034696406444,
                "f1-score": 0.8995564567228488,
                "support": 20175.0
            },
            "1": {
                "precision": 0.8844763625986873,
                "recall": 0.9237991157915653,
                "f1-score": 0.9037101829579416,
                "support": 20131.0
            },
            "accuracy": 0.9016771696521609,
            "macro avg": {
                "precision": 0.902456023622995,
                "recall": 0.9017012927161048,
                "f1-score": 0.9016333198403952,
                "support": 40306.0
            },
            "weighted avg": {
                "precision": 0.9024756510999233,
                "recall": 0.9016771696521609,
                "f1-score": 0.9016310526350866,
                "support": 40306.0
            },
            "cross-entropy": 0.2927362010838972,
            "roc-auc": 0.964073597982779,
            "score": 0.9016771696521609
        },
        "val": {
            "0": {
                "precision": 0.8302354399008675,
                "recall": 0.7839313572542902,
                "f1-score": 0.8064192577733199,
                "support": 2564.0
            },
            "1": {
                "precision": 0.7993480622962694,
                "recall": 0.8430099312452254,
                "f1-score": 0.8205986242796058,
                "support": 2618.0
            },
            "accuracy": 0.8137784639135469,
            "macro avg": {
                "precision": 0.8147917510985685,
                "recall": 0.8134706442497578,
                "f1-score": 0.8135089410264629,
                "support": 5182.0
            },
            "weighted avg": {
                "precision": 0.8146308172515355,
                "recall": 0.8137784639135469,
                "f1-score": 0.8135828203965264,
                "support": 5182.0
            },
            "cross-entropy": 0.423699350993455,
            "roc-auc": 0.8857829332271838,
            "score": 0.8137784639135469
        },
        "test": {
            "0": {
                "precision": 0.8207841776544067,
                "recall": 0.7818542389687655,
                "f1-score": 0.8008463817181549,
                "support": 6051.0
            },
            "1": {
                "precision": 0.7914032869785083,
                "recall": 0.829001820890581,
                "f1-score": 0.8097663513622767,
                "support": 6041.0
            },
            "accuracy": 0.8054085345683096,
            "macro avg": {
                "precision": 0.8060937323164574,
                "recall": 0.8054280299296732,
                "f1-score": 0.8053063665402158,
                "support": 12092.0
            },
            "weighted avg": {
                "precision": 0.8061058812127013,
                "recall": 0.8054085345683096,
                "f1-score": 0.8053026781637505,
                "support": 12092.0
            },
            "cross-entropy": 0.4270559074710594,
            "roc-auc": 0.8836393852605992,
            "score": 0.8054085345683096
        }
    },
    "time": "0:00:15.007431",
    "chunk_size": null,
    "eval_batch_size": 32768
}