{
    "function": "_bin.model.main",
    "gpus": [
        "Tesla V100-PCIE-16GB"
    ],
    "config": {
        "seed": 6,
        "batch_size": 512,
        "patience": 16,
        "n_epochs": -1,
        "gradient_clipping_norm": 1.0,
        "amp": true,
        "data": {
            "cache": true,
            "path": "data/classif-num-large-0-MiniBooNE",
            "num_policy": "noisy-quantile"
        },
        "optimizer": {
            "type": "AdamW",
            "lr": 0.00026099266313791,
            "weight_decay": 0.019897366041434994
        },
        "model": {
            "arch_type": "plain",
            "backbone": {
                "type": "MLP",
                "n_blocks": 2,
                "d_block": 560,
                "dropout": 0.38594681331216396
            },
            "num_embeddings": {
                "type": "PiecewiseLinearEmbeddings",
                "d_embedding": 8
            }
        },
        "bins": {
            "n_bins": 13
        }
    },
    "n_parameters": 545842,
    "prediction_type": "probs",
    "epoch_size": 98,
    "best_step": 3038,
    "metrics": {
        "train": {
            "0": {
                "precision": 0.9752465203100272,
                "recall": 0.9567657948166727,
                "f1-score": 0.9659177685784334,
                "support": 25119.0
            },
            "1": {
                "precision": 0.9571715896990969,
                "recall": 0.9754833005104296,
                "f1-score": 0.966240694295155,
                "support": 24881.0
            },
            "accuracy": 0.96608,
            "macro avg": {
                "precision": 0.9662090550045621,
                "recall": 0.9661245476635512,
                "f1-score": 0.9660792314367942,
                "support": 50000.0
            },
            "weighted avg": {
                "precision": 0.966252073339416,
                "recall": 0.96608,
                "f1-score": 0.9660784628735885,
                "support": 50000.0
            },
            "cross-entropy": 0.09406452678970725,
            "roc-auc": 0.9938413532598456,
            "score": 0.96608
        },
        "val": {
            "0": {
                "precision": 0.9639115250291036,
                "recall": 0.9414440022740194,
                "f1-score": 0.9525452976704055,
                "support": 3518.0
            },
            "1": {
                "precision": 0.9405140051978054,
                "recall": 0.9633244602188702,
                "f1-score": 0.9517825832846288,
                "support": 3381.0
            },
            "accuracy": 0.9521669807218437,
            "macro avg": {
                "precision": 0.9522127651134544,
                "recall": 0.9523842312464448,
                "f1-score": 0.9521639404775172,
                "support": 6899.0
            },
            "weighted avg": {
                "precision": 0.9524450785079238,
                "recall": 0.9521669807218437,
                "f1-score": 0.9521715134497487,
                "support": 6899.0
            },
            "cross-entropy": 0.13616319876272145,
            "roc-auc": 0.9874352192863205,
            "score": 0.9521669807218437
        },
        "test": {
            "0": {
                "precision": 0.9513951395139514,
                "recall": 0.9411091325362503,
                "f1-score": 0.9462241831319138,
                "support": 7862.0
            },
            "1": {
                "precision": 0.944364335496275,
                "recall": 0.9541095058880661,
                "f1-score": 0.9492119089316988,
                "support": 8237.0
            },
            "accuracy": 0.9477607304801541,
            "macro avg": {
                "precision": 0.9478797375051131,
                "recall": 0.9476093192121582,
                "f1-score": 0.9477180460318063,
                "support": 16099.0
            },
            "weighted avg": {
                "precision": 0.9477978519374808,
                "recall": 0.9477607304801541,
                "f1-score": 0.9477528431364376,
                "support": 16099.0
            },
            "cross-entropy": 0.1465132898778218,
            "roc-auc": 0.9867239287692049,
            "score": 0.9477607304801541
        }
    },
    "time": "0:00:41.002987",
    "chunk_size": null,
    "eval_batch_size": 32768
}