{
    "function": "_bin.model.main",
    "gpus": [
        "Tesla V100-PCIE-16GB"
    ],
    "config": {
        "seed": 2,
        "batch_size": 512,
        "patience": 16,
        "n_epochs": -1,
        "gradient_clipping_norm": 1.0,
        "amp": true,
        "data": {
            "cache": true,
            "path": "data/regression-cat-large-0-particulate-matter-ukair-2017",
            "num_policy": "noisy-quantile",
            "cat_policy": "ordinal"
        },
        "optimizer": {
            "type": "AdamW",
            "lr": 6.889031839851212e-05,
            "weight_decay": 0.0
        },
        "model": {
            "arch_type": "plain",
            "backbone": {
                "type": "MLP",
                "n_blocks": 1,
                "d_block": 272,
                "dropout": 0.30553863189595615
            },
            "num_embeddings": {
                "type": "PiecewiseLinearEmbeddings",
                "d_embedding": 32
            }
        },
        "bins": {
            "n_bins": 42
        }
    },
    "n_parameters": 37137,
    "prediction_type": "labels",
    "epoch_size": 98,
    "best_step": 41846,
    "metrics": {
        "train": {
            "rmse": 0.3583399545627073,
            "mae": 0.24639515578746796,
            "r2": 0.7240564823150635,
            "score": -0.3583399545627073
        },
        "val": {
            "rmse": 0.3707995402908356,
            "mae": 0.2556490898132324,
            "r2": 0.7013564109802246,
            "score": -0.3707995402908356
        },
        "test": {
            "rmse": 0.36591058239533236,
            "mae": 0.2526572644710541,
            "r2": 0.7100975513458252,
            "score": -0.36591058239533236
        }
    },
    "time": "0:05:34.448022",
    "chunk_size": null,
    "eval_batch_size": 32768
}