{
    "function": "_bin.model.main",
    "gpus": [
        "NVIDIA A100-SXM4-40GB"
    ],
    "config": {
        "seed": 2,
        "batch_size": 512,
        "patience": 16,
        "n_epochs": -1,
        "gradient_clipping_norm": 1.0,
        "amp": true,
        "data": {
            "cache": true,
            "path": "data/regression-cat-large-0-particulate-matter-ukair-2017",
            "num_policy": "noisy-quantile",
            "cat_policy": "ordinal"
        },
        "optimizer": {
            "type": "AdamW",
            "lr": 0.0006270838221461209,
            "weight_decay": 0.0
        },
        "model": {
            "arch_type": "tabm-mini",
            "k": 32,
            "backbone": {
                "type": "MLP",
                "n_blocks": 3,
                "d_block": 944,
                "dropout": 0.28165809461236535
            },
            "num_embeddings": {
                "type": "PiecewiseLinearEmbeddings",
                "d_embedding": 32
            }
        },
        "bins": {
            "n_bins": 74
        }
    },
    "n_parameters": 1938784,
    "prediction_type": "labels",
    "epoch_size": 98,
    "best_step": 5782,
    "metrics": {
        "train": {
            "rmse": 0.31671325483104595,
            "mae": 0.22117416560649872,
            "r2": 0.7844430208206177,
            "score": -0.31671325483104595
        },
        "val": {
            "rmse": 0.36437092679006144,
            "mae": 0.24931497871875763,
            "r2": 0.711621880531311,
            "score": -0.36437092679006144
        },
        "test": {
            "rmse": 0.36047479026704204,
            "mae": 0.24651718139648438,
            "r2": 0.7186468243598938,
            "score": -0.36047479026704204
        }
    },
    "time": "0:00:51.302114",
    "chunk_size": null,
    "eval_batch_size": 32768
}