{
    "function": "_bin.model.main",
    "gpus": [
        "Tesla V100-PCIE-16GB"
    ],
    "config": {
        "seed": 4,
        "batch_size": 512,
        "patience": 16,
        "n_epochs": -1,
        "gradient_clipping_norm": 1.0,
        "amp": true,
        "data": {
            "cache": true,
            "path": "data/classif-num-large-0-jannis",
            "num_policy": "noisy-quantile"
        },
        "optimizer": {
            "type": "AdamW",
            "lr": 3.442010718833056e-05,
            "weight_decay": 0.0
        },
        "model": {
            "arch_type": "plain",
            "backbone": {
                "type": "MLP",
                "n_blocks": 5,
                "d_block": 384,
                "dropout": 0.37805288910390616
            },
            "num_embeddings": {
                "type": "PiecewiseLinearEmbeddings",
                "d_embedding": 24
            }
        },
        "bins": {
            "n_bins": 45
        }
    },
    "n_parameters": 1151090,
    "prediction_type": "probs",
    "epoch_size": 79,
    "best_step": 2291,
    "metrics": {
        "train": {
            "0": {
                "precision": 0.8357518073542415,
                "recall": 0.7964807930607187,
                "f1-score": 0.8156438759453835,
                "support": 20175.0
            },
            "1": {
                "precision": 0.8052089757578633,
                "recall": 0.8431275147782028,
                "f1-score": 0.8237321038582868,
                "support": 20131.0
            },
            "accuracy": 0.819778692998561,
            "macro avg": {
                "precision": 0.8204803915560523,
                "recall": 0.8198041539194607,
                "f1-score": 0.8196879899018351,
                "support": 40306.0
            },
            "weighted avg": {
                "precision": 0.8204970625800965,
                "recall": 0.819778692998561,
                "f1-score": 0.8196835751493395,
                "support": 40306.0
            },
            "cross-entropy": 0.4106945033766195,
            "roc-auc": 0.8921010947069925,
            "score": 0.819778692998561
        },
        "val": {
            "0": {
                "precision": 0.8146925299215848,
                "recall": 0.7698907956318253,
                "f1-score": 0.7916583116101865,
                "support": 2564.0
            },
            "1": {
                "precision": 0.7861544037694816,
                "recall": 0.8284950343773874,
                "f1-score": 0.8067695741119584,
                "support": 2618.0
            },
            "accuracy": 0.7994982632188344,
            "macro avg": {
                "precision": 0.8004234668455332,
                "recall": 0.7991929150046063,
                "f1-score": 0.7992139428610725,
                "support": 5182.0
            },
            "weighted avg": {
                "precision": 0.8002747734055281,
                "recall": 0.7994982632188344,
                "f1-score": 0.7992926777293758,
                "support": 5182.0
            },
            "cross-entropy": 0.4542363968062916,
            "roc-auc": 0.866788666963027,
            "score": 0.7994982632188344
        },
        "test": {
            "0": {
                "precision": 0.8031536995321434,
                "recall": 0.7659890927119485,
                "f1-score": 0.7841312806631704,
                "support": 6051.0
            },
            "1": {
                "precision": 0.775984812529663,
                "recall": 0.811951663631849,
                "f1-score": 0.7935609124737097,
                "support": 6041.0
            },
            "accuracy": 0.7889513728084684,
            "macro avg": {
                "precision": 0.7895692560309032,
                "recall": 0.7889703781718987,
                "f1-score": 0.7888460965684401,
                "support": 12092.0
            },
            "weighted avg": {
                "precision": 0.7895804902713112,
                "recall": 0.7889513728084684,
                "f1-score": 0.788842197448439,
                "support": 12092.0
            },
            "cross-entropy": 0.45627235716393294,
            "roc-auc": 0.8664003845698145,
            "score": 0.7889513728084684
        }
    },
    "time": "0:00:45.190243",
    "chunk_size": null,
    "eval_batch_size": 32768
}