{
    "function": "_bin.model.main",
    "gpus": [
        "NVIDIA A100-SXM4-40GB"
    ],
    "config": {
        "seed": 12,
        "batch_size": 512,
        "patience": 16,
        "n_epochs": -1,
        "gradient_clipping_norm": 1.0,
        "amp": true,
        "data": {
            "cache": true,
            "path": "data/classif-num-large-0-MiniBooNE",
            "num_policy": "noisy-quantile"
        },
        "optimizer": {
            "type": "AdamW",
            "lr": 0.0036908332048455257,
            "weight_decay": 0.005798060111967995
        },
        "model": {
            "arch_type": "tabm-mini",
            "k": 32,
            "backbone": {
                "type": "MLP",
                "n_blocks": 3,
                "d_block": 480,
                "dropout": 0.10621825071291778
            },
            "num_embeddings": {
                "type": "PiecewiseLinearEmbeddings",
                "d_embedding": 24
            }
        },
        "bins": {
            "n_bins": 2
        }
    },
    "n_parameters": 1112224,
    "prediction_type": "probs",
    "epoch_size": 98,
    "best_step": 3038,
    "metrics": {
        "train": {
            "0": {
                "precision": 0.9871385237613751,
                "recall": 0.9716549225685736,
                "f1-score": 0.9793355268437525,
                "support": 25119.0
            },
            "1": {
                "precision": 0.9718298714144411,
                "recall": 0.9872191632169125,
                "f1-score": 0.9794640720950634,
                "support": 24881.0
            },
            "accuracy": 0.9794,
            "macro avg": {
                "precision": 0.9794841975879081,
                "recall": 0.979437042892743,
                "f1-score": 0.9793997994694079,
                "support": 50000.0
            },
            "weighted avg": {
                "precision": 0.9795206321804939,
                "recall": 0.9794,
                "f1-score": 0.9793994935317099,
                "support": 50000.0
            },
            "cross-entropy": 0.07302271491296979,
            "roc-auc": 0.9977775472445545,
            "score": 0.9794
        },
        "val": {
            "0": {
                "precision": 0.9631884057971014,
                "recall": 0.9445707788516202,
                "f1-score": 0.953788748564868,
                "support": 3518.0
            },
            "1": {
                "precision": 0.9434618730066686,
                "recall": 0.9624371487725525,
                "f1-score": 0.9528550512445095,
                "support": 3381.0
            },
            "accuracy": 0.9533265690679809,
            "macro avg": {
                "precision": 0.953325139401885,
                "recall": 0.9535039638120864,
                "f1-score": 0.9533218999046887,
                "support": 6899.0
            },
            "weighted avg": {
                "precision": 0.9535210036570155,
                "recall": 0.9533265690679809,
                "f1-score": 0.9533311705622398,
                "support": 6899.0
            },
            "cross-entropy": 0.1321884590375885,
            "roc-auc": 0.9877664267377859,
            "score": 0.9533265690679809
        },
        "test": {
            "0": {
                "precision": 0.9532554257095158,
                "recall": 0.9441617908929025,
                "f1-score": 0.9486868170490127,
                "support": 7862.0
            },
            "1": {
                "precision": 0.9471847930702598,
                "recall": 0.9558091538181377,
                "f1-score": 0.9514774306604629,
                "support": 8237.0
            },
            "accuracy": 0.9501211255357476,
            "macro avg": {
                "precision": 0.9502201093898879,
                "recall": 0.9499854723555201,
                "f1-score": 0.9500821238547378,
                "support": 16099.0
            },
            "weighted avg": {
                "precision": 0.9501494066369306,
                "recall": 0.9501211255357476,
                "f1-score": 0.9501146252555793,
                "support": 16099.0
            },
            "cross-entropy": 0.1394245359125361,
            "roc-auc": 0.9872043154145566,
            "score": 0.9501211255357476
        }
    },
    "time": "0:00:26.554936",
    "chunk_size": null,
    "eval_batch_size": 32768
}