{
    "function": "_bin.model.main",
    "gpus": [
        "NVIDIA A100-SXM4-40GB"
    ],
    "config": {
        "seed": 1,
        "batch_size": 512,
        "patience": 16,
        "n_epochs": -1,
        "gradient_clipping_norm": 1.0,
        "amp": true,
        "data": {
            "cache": true,
            "path": "data/classif-cat-large-0-road-safety",
            "num_policy": "noisy-quantile",
            "cat_policy": "ordinal"
        },
        "optimizer": {
            "type": "AdamW",
            "lr": 0.0014163501429175726,
            "weight_decay": 0.0
        },
        "model": {
            "arch_type": "tabm-mini",
            "k": 32,
            "backbone": {
                "type": "MLP",
                "n_blocks": 3,
                "d_block": 992,
                "dropout": 0.2766285061331004
            },
            "num_embeddings": {
                "type": "PiecewiseLinearEmbeddings",
                "d_embedding": 32
            }
        },
        "bins": {
            "n_bins": 41
        }
    },
    "n_parameters": 3030976,
    "prediction_type": "probs",
    "epoch_size": 98,
    "best_step": 5978,
    "metrics": {
        "train": {
            "0": {
                "precision": 0.99244126659857,
                "recall": 0.9666507481693728,
                "f1-score": 0.9793762474043909,
                "support": 25128.0
            },
            "1": {
                "precision": 0.9671694417238001,
                "recall": 0.9925619170151174,
                "f1-score": 0.9797011726888505,
                "support": 24872.0
            },
            "accuracy": 0.97954,
            "macro avg": {
                "precision": 0.9798053541611851,
                "recall": 0.979606332592245,
                "f1-score": 0.9795387100466206,
                "support": 50000.0
            },
            "weighted avg": {
                "precision": 0.9798700500328644,
                "recall": 0.97954,
                "f1-score": 0.9795378782378924,
                "support": 50000.0
            },
            "cross-entropy": 0.14761984377765847,
            "roc-auc": 0.998847388984994,
            "score": 0.97954
        },
        "val": {
            "0": {
                "precision": 0.8250057038558065,
                "recall": 0.7741383001498608,
                "f1-score": 0.7987629776894191,
                "support": 9342.0
            },
            "1": {
                "precision": 0.7838557672608072,
                "recall": 0.8330067494012627,
                "f1-score": 0.8076841883048342,
                "support": 9186.0
            },
            "accuracy": 0.8033246977547496,
            "macro avg": {
                "precision": 0.8044307355583069,
                "recall": 0.8035725247755618,
                "f1-score": 0.8032235829971266,
                "support": 18528.0
            },
            "weighted avg": {
                "precision": 0.8046039703950085,
                "recall": 0.8033246977547496,
                "f1-score": 0.8031860260871525,
                "support": 18528.0
            },
            "cross-entropy": 0.3887683506952036,
            "roc-auc": 0.9023913504223452,
            "score": 0.8033246977547496
        },
        "test": {
            "0": {
                "precision": 0.8173502361421825,
                "recall": 0.7678763252533745,
                "f1-score": 0.7918412560805279,
                "support": 21411.0
            },
            "1": {
                "precision": 0.7850253038626238,
                "recall": 0.8316455116161847,
                "f1-score": 0.8076632103600195,
                "support": 21823.0
            },
            "accuracy": 0.8000647638432715,
            "macro avg": {
                "precision": 0.8011877700024032,
                "recall": 0.7997609184347796,
                "f1-score": 0.7997522332202738,
                "support": 43234.0
            },
            "weighted avg": {
                "precision": 0.8010337491843065,
                "recall": 0.8000647638432715,
                "f1-score": 0.7998276211691466,
                "support": 43234.0
            },
            "cross-entropy": 0.3958880209005471,
            "roc-auc": 0.8982441150476379,
            "score": 0.8000647638432715
        }
    },
    "time": "0:01:10.337459",
    "chunk_size": null,
    "eval_batch_size": 32768
}