{
    "function": "_bin.model.main",
    "gpus": [
        "NVIDIA A100-SXM4-40GB"
    ],
    "config": {
        "seed": 11,
        "batch_size": 512,
        "patience": 16,
        "n_epochs": -1,
        "gradient_clipping_norm": 1.0,
        "amp": true,
        "data": {
            "cache": true,
            "path": "data/classif-cat-large-0-road-safety",
            "num_policy": "noisy-quantile",
            "cat_policy": "ordinal"
        },
        "optimizer": {
            "type": "AdamW",
            "lr": 0.0014163501429175726,
            "weight_decay": 0.0
        },
        "model": {
            "arch_type": "tabm-mini",
            "k": 32,
            "backbone": {
                "type": "MLP",
                "n_blocks": 3,
                "d_block": 992,
                "dropout": 0.2766285061331004
            },
            "num_embeddings": {
                "type": "PiecewiseLinearEmbeddings",
                "d_embedding": 32
            }
        },
        "bins": {
            "n_bins": 41
        }
    },
    "n_parameters": 3030976,
    "prediction_type": "probs",
    "epoch_size": 98,
    "best_step": 11760,
    "metrics": {
        "train": {
            "0": {
                "precision": 1.0,
                "recall": 0.9998010187838268,
                "f1-score": 0.9999004994925474,
                "support": 25128.0
            },
            "1": {
                "precision": 0.9997990111347831,
                "recall": 1.0,
                "f1-score": 0.9998994954672455,
                "support": 24872.0
            },
            "accuracy": 0.9999,
            "macro avg": {
                "precision": 0.9998995055673916,
                "recall": 0.9999005093919133,
                "f1-score": 0.9998999974798966,
                "support": 50000.0
            },
            "weighted avg": {
                "precision": 0.9999000200988865,
                "recall": 0.9999,
                "f1-score": 0.9999000000502012,
                "support": 50000.0
            },
            "cross-entropy": 0.06143373309446238,
            "roc-auc": 1.0,
            "score": 0.9999
        },
        "val": {
            "0": {
                "precision": 0.8398974597995805,
                "recall": 0.7715692571183901,
                "f1-score": 0.8042847578665476,
                "support": 9342.0
            },
            "1": {
                "precision": 0.785441383470742,
                "recall": 0.8504245591116917,
                "f1-score": 0.8166422747229772,
                "support": 9186.0
            },
            "accuracy": 0.8106649395509499,
            "macro avg": {
                "precision": 0.8126694216351613,
                "recall": 0.8109969081150409,
                "f1-score": 0.8104635162947624,
                "support": 18528.0
            },
            "weighted avg": {
                "precision": 0.8128986732518306,
                "recall": 0.8106649395509499,
                "f1-score": 0.8104114930696543,
                "support": 18528.0
            },
            "cross-entropy": 0.39684162088523117,
            "roc-auc": 0.9056727929645249,
            "score": 0.8106649395509499
        },
        "test": {
            "0": {
                "precision": 0.8313983094001426,
                "recall": 0.7625519592732708,
                "f1-score": 0.7954883188384614,
                "support": 21411.0
            },
            "1": {
                "precision": 0.7845397525004238,
                "recall": 0.8482793383127892,
                "f1-score": 0.8151654593892423,
                "support": 21823.0
            },
            "accuracy": 0.8058241199056299,
            "macro avg": {
                "precision": 0.8079690309502832,
                "recall": 0.80541564879303,
                "f1-score": 0.8053268891138519,
                "support": 43234.0
            },
            "weighted avg": {
                "precision": 0.8077457607758525,
                "recall": 0.8058241199056299,
                "f1-score": 0.8054206461327135,
                "support": 43234.0
            },
            "cross-entropy": 0.40842411130990863,
            "roc-auc": 0.900880942354707,
            "score": 0.8058241199056299
        }
    },
    "time": "0:01:51.983175",
    "chunk_size": null,
    "eval_batch_size": 32768
}