{
    "function": "_bin.model.main",
    "gpus": [
        "Tesla V100-PCIE-16GB"
    ],
    "config": {
        "seed": 5,
        "batch_size": 512,
        "patience": 16,
        "n_epochs": -1,
        "gradient_clipping_norm": 1.0,
        "amp": true,
        "data": {
            "cache": true,
            "path": "data/classif-num-large-0-jannis",
            "num_policy": "noisy-quantile"
        },
        "optimizer": {
            "type": "AdamW",
            "lr": 3.442010718833056e-05,
            "weight_decay": 0.0
        },
        "model": {
            "arch_type": "plain",
            "backbone": {
                "type": "MLP",
                "n_blocks": 5,
                "d_block": 384,
                "dropout": 0.37805288910390616
            },
            "num_embeddings": {
                "type": "PiecewiseLinearEmbeddings",
                "d_embedding": 24
            }
        },
        "bins": {
            "n_bins": 45
        }
    },
    "n_parameters": 1151090,
    "prediction_type": "probs",
    "epoch_size": 79,
    "best_step": 2923,
    "metrics": {
        "train": {
            "0": {
                "precision": 0.846074058707603,
                "recall": 0.8086245353159851,
                "f1-score": 0.8269255138505208,
                "support": 20175.0
            },
            "1": {
                "precision": 0.8163527397260274,
                "recall": 0.8525656946997169,
                "f1-score": 0.8340663345887499,
                "support": 20131.0
            },
            "accuracy": 0.8305711308490051,
            "macro avg": {
                "precision": 0.8312133992168151,
                "recall": 0.830595115007851,
                "f1-score": 0.8304959242196354,
                "support": 40306.0
            },
            "weighted avg": {
                "precision": 0.831229621839194,
                "recall": 0.8305711308490051,
                "f1-score": 0.8304920265851334,
                "support": 40306.0
            },
            "cross-entropy": 0.3942954521945448,
            "roc-auc": 0.9014506777386311,
            "score": 0.8305711308490051
        },
        "val": {
            "0": {
                "precision": 0.8126550868486352,
                "recall": 0.766380655226209,
                "f1-score": 0.7888398233641108,
                "support": 2564.0
            },
            "1": {
                "precision": 0.7832850940665702,
                "recall": 0.8269671504965622,
                "f1-score": 0.8045336306205871,
                "support": 2618.0
            },
            "accuracy": 0.7969895793130065,
            "macro avg": {
                "precision": 0.7979700904576027,
                "recall": 0.7966739028613856,
                "f1-score": 0.796686726992349,
                "support": 5182.0
            },
            "weighted avg": {
                "precision": 0.7978170627067119,
                "recall": 0.7969895793130065,
                "f1-score": 0.7967684971189265,
                "support": 5182.0
            },
            "cross-entropy": 0.45414474208739675,
            "roc-auc": 0.8669981997904821,
            "score": 0.7969895793130065
        },
        "test": {
            "0": {
                "precision": 0.8032786885245902,
                "recall": 0.769294331515452,
                "f1-score": 0.7859192976532162,
                "support": 6051.0
            },
            "1": {
                "precision": 0.7783071303795458,
                "recall": 0.8112895216023837,
                "f1-score": 0.7944561517263738,
                "support": 6041.0
            },
            "accuracy": 0.7902745616936818,
            "macro avg": {
                "precision": 0.790792909452068,
                "recall": 0.7902919265589179,
                "f1-score": 0.790187724689795,
                "support": 12092.0
            },
            "weighted avg": {
                "precision": 0.7908032351046254,
                "recall": 0.7902745616936818,
                "f1-score": 0.7901841947302874,
                "support": 12092.0
            },
            "cross-entropy": 0.45677048153304084,
            "roc-auc": 0.8665403552231677,
            "score": 0.7902745616936818
        }
    },
    "time": "0:00:54.479151",
    "chunk_size": null,
    "eval_batch_size": 32768
}