{
    "function": "_bin.model.main",
    "gpus": [
        "Tesla V100-PCIE-16GB"
    ],
    "config": {
        "seed": 0,
        "batch_size": 512,
        "patience": 16,
        "n_epochs": -1,
        "gradient_clipping_norm": 1.0,
        "amp": true,
        "data": {
            "cache": true,
            "path": "data/regression-cat-large-0-nyc-taxi-green-dec-2016",
            "num_policy": "noisy-quantile",
            "cat_policy": "ordinal"
        },
        "optimizer": {
            "type": "AdamW",
            "lr": 0.0002726699238570058,
            "weight_decay": 0.002005501913039345
        },
        "model": {
            "arch_type": "plain",
            "backbone": {
                "type": "MLP",
                "n_blocks": 3,
                "d_block": 240,
                "dropout": 0.2588303575526417
            },
            "num_embeddings": {
                "type": "PiecewiseLinearEmbeddings",
                "d_embedding": 20
            }
        },
        "bins": {
            "n_bins": 122
        }
    },
    "n_parameters": 183541,
    "prediction_type": "labels",
    "epoch_size": 98,
    "best_step": 4508,
    "metrics": {
        "train": {
            "rmse": 0.35770330137084244,
            "mae": 0.2210092544555664,
            "r2": 0.6390547156333923,
            "score": -0.35770330137084244
        },
        "val": {
            "rmse": 0.3661366705292866,
            "mae": 0.22611954808235168,
            "r2": 0.6250177621841431,
            "score": -0.3661366705292866
        },
        "test": {
            "rmse": 0.3675591029110895,
            "mae": 0.2260853797197342,
            "r2": 0.6205906867980957,
            "score": -0.3675591029110895
        }
    },
    "time": "0:01:04.360046",
    "chunk_size": null,
    "eval_batch_size": 32768
}