{
    "function": "_bin.model.main",
    "gpus": [
        "NVIDIA A100-SXM4-40GB"
    ],
    "config": {
        "seed": 4,
        "batch_size": 512,
        "patience": 16,
        "n_epochs": -1,
        "gradient_clipping_norm": 1.0,
        "amp": true,
        "data": {
            "cache": true,
            "path": "data/regression-cat-large-0-nyc-taxi-green-dec-2016",
            "num_policy": "noisy-quantile",
            "cat_policy": "ordinal"
        },
        "optimizer": {
            "type": "AdamW",
            "lr": 0.00012045339381143615,
            "weight_decay": 0.00028593738845718775
        },
        "model": {
            "arch_type": "tabm-mini",
            "k": 32,
            "backbone": {
                "type": "MLP",
                "n_blocks": 4,
                "d_block": 928,
                "dropout": 0.23456710406401882
            },
            "num_embeddings": {
                "type": "PiecewiseLinearEmbeddings",
                "d_embedding": 32
            }
        },
        "bins": {
            "n_bins": 122
        }
    },
    "n_parameters": 2943104,
    "prediction_type": "labels",
    "epoch_size": 98,
    "best_step": 22834,
    "metrics": {
        "train": {
            "rmse": 0.3236591381354078,
            "mae": 0.1845332831144333,
            "r2": 0.7044906616210938,
            "score": -0.3236591381354078
        },
        "val": {
            "rmse": 0.34690854752328476,
            "mae": 0.19681690633296967,
            "r2": 0.663368821144104,
            "score": -0.34690854752328476
        },
        "test": {
            "rmse": 0.34690770991638187,
            "mae": 0.19613395631313324,
            "r2": 0.6620273590087891,
            "score": -0.34690770991638187
        }
    },
    "time": "0:03:26.752422",
    "chunk_size": null,
    "eval_batch_size": 32768
}