{
    "function": "_bin.model.main",
    "gpus": [
        "NVIDIA A100-SXM4-40GB"
    ],
    "config": {
        "seed": 13,
        "batch_size": 512,
        "patience": 16,
        "n_epochs": -1,
        "gradient_clipping_norm": 1.0,
        "amp": true,
        "data": {
            "cache": true,
            "path": "data/regression-cat-large-0-nyc-taxi-green-dec-2016",
            "num_policy": "noisy-quantile",
            "cat_policy": "ordinal"
        },
        "optimizer": {
            "type": "AdamW",
            "lr": 0.00012045339381143615,
            "weight_decay": 0.00028593738845718775
        },
        "model": {
            "arch_type": "tabm-mini",
            "k": 32,
            "backbone": {
                "type": "MLP",
                "n_blocks": 4,
                "d_block": 928,
                "dropout": 0.23456710406401882
            },
            "num_embeddings": {
                "type": "PiecewiseLinearEmbeddings",
                "d_embedding": 32
            }
        },
        "bins": {
            "n_bins": 122
        }
    },
    "n_parameters": 2943104,
    "prediction_type": "labels",
    "epoch_size": 98,
    "best_step": 15778,
    "metrics": {
        "train": {
            "rmse": 0.3423382749167561,
            "mae": 0.19979773461818695,
            "r2": 0.6693972945213318,
            "score": -0.3423382749167561
        },
        "val": {
            "rmse": 0.3531006226522778,
            "mae": 0.20628082752227783,
            "r2": 0.6512443423271179,
            "score": -0.3531006226522778
        },
        "test": {
            "rmse": 0.3529116386860833,
            "mae": 0.20574842393398285,
            "r2": 0.6502275466918945,
            "score": -0.3529116386860833
        }
    },
    "time": "0:02:32.422962",
    "chunk_size": null,
    "eval_batch_size": 32768
}