{
    "function": "_bin.model.main",
    "gpus": [
        "NVIDIA A100-SXM4-40GB"
    ],
    "config": {
        "seed": 4,
        "batch_size": 512,
        "patience": 16,
        "n_epochs": -1,
        "gradient_clipping_norm": 1.0,
        "amp": true,
        "data": {
            "cache": true,
            "path": "data/classif-num-large-0-MiniBooNE",
            "num_policy": "noisy-quantile"
        },
        "optimizer": {
            "type": "AdamW",
            "lr": 0.0036908332048455257,
            "weight_decay": 0.005798060111967995
        },
        "model": {
            "arch_type": "tabm-mini",
            "k": 32,
            "backbone": {
                "type": "MLP",
                "n_blocks": 3,
                "d_block": 480,
                "dropout": 0.10621825071291778
            },
            "num_embeddings": {
                "type": "PiecewiseLinearEmbeddings",
                "d_embedding": 24
            }
        },
        "bins": {
            "n_bins": 2
        }
    },
    "n_parameters": 1112224,
    "prediction_type": "probs",
    "epoch_size": 98,
    "best_step": 4704,
    "metrics": {
        "train": {
            "0": {
                "precision": 0.9968866246158823,
                "recall": 0.9815279270671603,
                "f1-score": 0.9891476600268801,
                "support": 25119.0
            },
            "1": {
                "precision": 0.9816368529365205,
                "recall": 0.9969052690808248,
                "f1-score": 0.9892121477995574,
                "support": 24881.0
            },
            "accuracy": 0.98918,
            "macro avg": {
                "precision": 0.9892617387762014,
                "recall": 0.9892165980739925,
                "f1-score": 0.9891799039132187,
                "support": 50000.0
            },
            "weighted avg": {
                "precision": 0.9892980332327983,
                "recall": 0.98918,
                "f1-score": 0.9891797504323198,
                "support": 50000.0
            },
            "cross-entropy": 0.046824034450640865,
            "roc-auc": 0.9994268694142365,
            "score": 0.98918
        },
        "val": {
            "0": {
                "precision": 0.967270601987142,
                "recall": 0.9408754974417283,
                "f1-score": 0.9538904899135446,
                "support": 3518.0
            },
            "1": {
                "precision": 0.9401783146390567,
                "recall": 0.9668737060041408,
                "f1-score": 0.9533391659375912,
                "support": 3381.0
            },
            "accuracy": 0.9536164661545151,
            "macro avg": {
                "precision": 0.9537244583130993,
                "recall": 0.9538746017229345,
                "f1-score": 0.9536148279255678,
                "support": 6899.0
            },
            "weighted avg": {
                "precision": 0.9539934569626636,
                "recall": 0.9536164661545151,
                "f1-score": 0.9536203020076599,
                "support": 6899.0
            },
            "cross-entropy": 0.13262424906643552,
            "roc-auc": 0.987582936380425,
            "score": 0.9536164661545151
        },
        "test": {
            "0": {
                "precision": 0.9545044464492847,
                "recall": 0.9419994912236073,
                "f1-score": 0.9482107419499392,
                "support": 7862.0
            },
            "1": {
                "precision": 0.9453237410071943,
                "recall": 0.9571445914774797,
                "f1-score": 0.9511974422392472,
                "support": 8237.0
            },
            "accuracy": 0.9497484315796012,
            "macro avg": {
                "precision": 0.9499140937282395,
                "recall": 0.9495720413505435,
                "f1-score": 0.9497040920945932,
                "support": 16099.0
            },
            "weighted avg": {
                "precision": 0.9498071689335075,
                "recall": 0.9497484315796012,
                "f1-score": 0.9497388772554258,
                "support": 16099.0
            },
            "cross-entropy": 0.13912199728157526,
            "roc-auc": 0.9871778790547037,
            "score": 0.9497484315796012
        }
    },
    "time": "0:00:37.877745",
    "chunk_size": null,
    "eval_batch_size": 32768
}