{
    "function": "_bin.model.main",
    "gpus": [
        "Tesla V100-PCIE-16GB"
    ],
    "config": {
        "seed": 9,
        "batch_size": 512,
        "patience": 16,
        "n_epochs": -1,
        "gradient_clipping_norm": 1.0,
        "amp": true,
        "data": {
            "cache": true,
            "path": "data/regression-num-large-0-year",
            "num_policy": "noisy-quantile"
        },
        "optimizer": {
            "type": "AdamW",
            "lr": 0.00028688680660058686,
            "weight_decay": 0.0002579640930923944
        },
        "model": {
            "arch_type": "plain",
            "backbone": {
                "type": "MLP",
                "n_blocks": 5,
                "d_block": 768,
                "dropout": 0.4767450471892426
            },
            "num_embeddings": {
                "type": "PiecewiseLinearEmbeddings",
                "d_embedding": 20
            }
        },
        "bins": {
            "n_bins": 17
        }
    },
    "n_parameters": 3780505,
    "prediction_type": "labels",
    "epoch_size": 98,
    "best_step": 784,
    "metrics": {
        "train": {
            "rmse": 8.3055464263605,
            "mae": 5.734397888183594,
            "r2": 0.4289727210998535,
            "score": -8.3055464263605
        },
        "val": {
            "rmse": 8.852566156277485,
            "mae": 6.082178115844727,
            "r2": 0.32111114263534546,
            "score": -8.852566156277485
        },
        "test": {
            "rmse": 8.954234854993413,
            "mae": 6.1061201095581055,
            "r2": 0.32486969232559204,
            "score": -8.954234854993413
        }
    },
    "time": "0:00:31.966402",
    "chunk_size": null,
    "eval_batch_size": 32768
}