{
    "function": "_bin.model.main",
    "gpus": [
        "Tesla V100-PCIE-16GB"
    ],
    "config": {
        "seed": 9,
        "batch_size": 512,
        "patience": 16,
        "n_epochs": -1,
        "gradient_clipping_norm": 1.0,
        "amp": true,
        "data": {
            "cache": true,
            "path": "data/regression-cat-large-0-nyc-taxi-green-dec-2016",
            "num_policy": "noisy-quantile",
            "cat_policy": "ordinal"
        },
        "optimizer": {
            "type": "AdamW",
            "lr": 0.0002726699238570058,
            "weight_decay": 0.002005501913039345
        },
        "model": {
            "arch_type": "plain",
            "backbone": {
                "type": "MLP",
                "n_blocks": 3,
                "d_block": 240,
                "dropout": 0.2588303575526417
            },
            "num_embeddings": {
                "type": "PiecewiseLinearEmbeddings",
                "d_embedding": 20
            }
        },
        "bins": {
            "n_bins": 122
        }
    },
    "n_parameters": 183541,
    "prediction_type": "labels",
    "epoch_size": 98,
    "best_step": 6370,
    "metrics": {
        "train": {
            "rmse": 0.35050318386805795,
            "mae": 0.21849465370178223,
            "r2": 0.6534392237663269,
            "score": -0.35050318386805795
        },
        "val": {
            "rmse": 0.3672636643004201,
            "mae": 0.22715967893600464,
            "r2": 0.6227056980133057,
            "score": -0.3672636643004201
        },
        "test": {
            "rmse": 0.36802786172086277,
            "mae": 0.22699449956417084,
            "r2": 0.6196223497390747,
            "score": -0.36802786172086277
        }
    },
    "time": "0:01:22.778497",
    "chunk_size": null,
    "eval_batch_size": 32768
}