{
    "function": "_bin.model.main",
    "gpus": [
        "Tesla V100-PCIE-16GB"
    ],
    "config": {
        "seed": 14,
        "batch_size": 512,
        "patience": 16,
        "n_epochs": -1,
        "gradient_clipping_norm": 1.0,
        "amp": true,
        "data": {
            "cache": true,
            "path": "data/regression-num-large-0-year",
            "num_policy": "noisy-quantile"
        },
        "optimizer": {
            "type": "AdamW",
            "lr": 0.00028688680660058686,
            "weight_decay": 0.0002579640930923944
        },
        "model": {
            "arch_type": "plain",
            "backbone": {
                "type": "MLP",
                "n_blocks": 5,
                "d_block": 768,
                "dropout": 0.4767450471892426
            },
            "num_embeddings": {
                "type": "PiecewiseLinearEmbeddings",
                "d_embedding": 20
            }
        },
        "bins": {
            "n_bins": 17
        }
    },
    "n_parameters": 3780505,
    "prediction_type": "labels",
    "epoch_size": 98,
    "best_step": 490,
    "metrics": {
        "train": {
            "rmse": 8.606131882643057,
            "mae": 6.097854137420654,
            "r2": 0.38689279556274414,
            "score": -8.606131882643057
        },
        "val": {
            "rmse": 8.909640767640322,
            "mae": 6.307212829589844,
            "r2": 0.3123290538787842,
            "score": -8.909640767640322
        },
        "test": {
            "rmse": 8.98935069420035,
            "mae": 6.322380542755127,
            "r2": 0.3195640444755554,
            "score": -8.98935069420035
        }
    },
    "time": "0:00:23.794134",
    "chunk_size": null,
    "eval_batch_size": 32768
}