{
    "function": "_bin.model.main",
    "gpus": [
        "Tesla V100-PCIE-16GB"
    ],
    "config": {
        "seed": 13,
        "batch_size": 512,
        "patience": 16,
        "n_epochs": -1,
        "gradient_clipping_norm": 1.0,
        "amp": true,
        "data": {
            "cache": true,
            "path": "data/classif-num-large-0-MiniBooNE",
            "num_policy": "noisy-quantile"
        },
        "optimizer": {
            "type": "AdamW",
            "lr": 0.00026099266313791,
            "weight_decay": 0.019897366041434994
        },
        "model": {
            "arch_type": "plain",
            "backbone": {
                "type": "MLP",
                "n_blocks": 2,
                "d_block": 560,
                "dropout": 0.38594681331216396
            },
            "num_embeddings": {
                "type": "PiecewiseLinearEmbeddings",
                "d_embedding": 8
            }
        },
        "bins": {
            "n_bins": 13
        }
    },
    "n_parameters": 545842,
    "prediction_type": "probs",
    "epoch_size": 98,
    "best_step": 4018,
    "metrics": {
        "train": {
            "0": {
                "precision": 0.9856579271800773,
                "recall": 0.9548548907201719,
                "f1-score": 0.9700119305198875,
                "support": 25119.0
            },
            "1": {
                "precision": 0.9558170342086807,
                "recall": 0.9859732325871147,
                "f1-score": 0.9706609689991493,
                "support": 24881.0
            },
            "accuracy": 0.97034,
            "macro avg": {
                "precision": 0.9707374806943789,
                "recall": 0.9704140616536433,
                "f1-score": 0.9703364497595184,
                "support": 50000.0
            },
            "weighted avg": {
                "precision": 0.970808502019651,
                "recall": 0.97034,
                "f1-score": 0.9703349050479378,
                "support": 50000.0
            },
            "cross-entropy": 0.08133100325958435,
            "roc-auc": 0.9956394115995323,
            "score": 0.97034
        },
        "val": {
            "0": {
                "precision": 0.9729970326409495,
                "recall": 0.9320636725412166,
                "f1-score": 0.9520905923344948,
                "support": 3518.0
            },
            "1": {
                "precision": 0.932275432133749,
                "recall": 0.9730848861283644,
                "f1-score": 0.9522431259044862,
                "support": 3381.0
            },
            "accuracy": 0.9521669807218437,
            "macro avg": {
                "precision": 0.9526362323873492,
                "recall": 0.9525742793347904,
                "f1-score": 0.9521668591194905,
                "support": 6899.0
            },
            "weighted avg": {
                "precision": 0.9530405561494514,
                "recall": 0.9521669807218437,
                "f1-score": 0.9521653446174547,
                "support": 6899.0
            },
            "cross-entropy": 0.1416116331754039,
            "roc-auc": 0.9873898616470094,
            "score": 0.9521669807218437
        },
        "test": {
            "0": {
                "precision": 0.9626217425638326,
                "recall": 0.9302976341897736,
                "f1-score": 0.9461836998706339,
                "support": 7862.0
            },
            "1": {
                "precision": 0.9355369956475709,
                "recall": 0.9655214277042613,
                "f1-score": 0.9502927470426574,
                "support": 8237.0
            },
            "accuracy": 0.9483197714143735,
            "macro avg": {
                "precision": 0.9490793691057018,
                "recall": 0.9479095309470175,
                "f1-score": 0.9482382234566457,
                "support": 16099.0
            },
            "weighted avg": {
                "precision": 0.9487639215594692,
                "recall": 0.9483197714143735,
                "f1-score": 0.9482860802393498,
                "support": 16099.0
            },
            "cross-entropy": 0.15177845096156709,
            "roc-auc": 0.9867027040165077,
            "score": 0.9483197714143735
        }
    },
    "time": "0:00:49.252164",
    "chunk_size": null,
    "eval_batch_size": 32768
}