{
    "function": "_bin.model.main",
    "gpus": [
        "NVIDIA A100-SXM4-40GB"
    ],
    "config": {
        "seed": 6,
        "batch_size": 512,
        "patience": 16,
        "n_epochs": -1,
        "gradient_clipping_norm": 1.0,
        "amp": true,
        "data": {
            "cache": true,
            "path": "data/classif-num-large-0-MiniBooNE",
            "num_policy": "noisy-quantile"
        },
        "optimizer": {
            "type": "AdamW",
            "lr": 0.0036908332048455257,
            "weight_decay": 0.005798060111967995
        },
        "model": {
            "arch_type": "tabm-mini",
            "k": 32,
            "backbone": {
                "type": "MLP",
                "n_blocks": 3,
                "d_block": 480,
                "dropout": 0.10621825071291778
            },
            "num_embeddings": {
                "type": "PiecewiseLinearEmbeddings",
                "d_embedding": 24
            }
        },
        "bins": {
            "n_bins": 2
        }
    },
    "n_parameters": 1112224,
    "prediction_type": "probs",
    "epoch_size": 98,
    "best_step": 3920,
    "metrics": {
        "train": {
            "0": {
                "precision": 0.9948472430721792,
                "recall": 0.9761535092957522,
                "f1-score": 0.9854117268818069,
                "support": 25119.0
            },
            "1": {
                "precision": 0.9763736047016133,
                "recall": 0.9948957035488928,
                "f1-score": 0.985547637058566,
                "support": 24881.0
            },
            "accuracy": 0.98548,
            "macro avg": {
                "precision": 0.9856104238868962,
                "recall": 0.9855246064223224,
                "f1-score": 0.9854796819701864,
                "support": 50000.0
            },
            "weighted avg": {
                "precision": 0.9856543911462181,
                "recall": 0.98548,
                "f1-score": 0.9854793585039657,
                "support": 50000.0
            },
            "cross-entropy": 0.057866037449249334,
            "roc-auc": 0.9988818810661084,
            "score": 0.98548
        },
        "val": {
            "0": {
                "precision": 0.9689604685212299,
                "recall": 0.9405912450255827,
                "f1-score": 0.9545651233232367,
                "support": 3518.0
            },
            "1": {
                "precision": 0.9400114810562572,
                "recall": 0.9686483288967761,
                "f1-score": 0.9541150764748726,
                "support": 3381.0
            },
            "accuracy": 0.9543412088708508,
            "macro avg": {
                "precision": 0.9544859747887435,
                "recall": 0.9546197869611794,
                "f1-score": 0.9543400998990547,
                "support": 6899.0
            },
            "weighted avg": {
                "precision": 0.9547734085677478,
                "recall": 0.9543412088708508,
                "f1-score": 0.9543445684030571,
                "support": 6899.0
            },
            "cross-entropy": 0.13229196220094616,
            "roc-auc": 0.9875599843219786,
            "score": 0.9543412088708508
        },
        "test": {
            "0": {
                "precision": 0.9571354571354571,
                "recall": 0.9400915797506996,
                "f1-score": 0.9485369609856262,
                "support": 7862.0
            },
            "1": {
                "precision": 0.9437746209860332,
                "recall": 0.9598154667961637,
                "f1-score": 0.9517274587697123,
                "support": 8237.0
            },
            "accuracy": 0.9501832411951053,
            "macro avg": {
                "precision": 0.9504550390607451,
                "recall": 0.9499535232734316,
                "f1-score": 0.9501322098776692,
                "support": 16099.0
            },
            "weighted avg": {
                "precision": 0.950299429595684,
                "recall": 0.9501832411951053,
                "f1-score": 0.9501693686039576,
                "support": 16099.0
            },
            "cross-entropy": 0.1380487730857848,
            "roc-auc": 0.9872398855985056,
            "score": 0.9501832411951053
        }
    },
    "time": "0:00:36.700957",
    "chunk_size": null,
    "eval_batch_size": 32768
}