{
    "function": "_bin.model.main",
    "gpus": [
        "Tesla V100-PCIE-16GB"
    ],
    "config": {
        "seed": 14,
        "batch_size": 512,
        "patience": 16,
        "n_epochs": -1,
        "gradient_clipping_norm": 1.0,
        "amp": true,
        "data": {
            "cache": true,
            "path": "data/regression-cat-large-0-nyc-taxi-green-dec-2016",
            "num_policy": "noisy-quantile",
            "cat_policy": "ordinal"
        },
        "optimizer": {
            "type": "AdamW",
            "lr": 0.0002726699238570058,
            "weight_decay": 0.002005501913039345
        },
        "model": {
            "arch_type": "plain",
            "backbone": {
                "type": "MLP",
                "n_blocks": 3,
                "d_block": 240,
                "dropout": 0.2588303575526417
            },
            "num_embeddings": {
                "type": "PiecewiseLinearEmbeddings",
                "d_embedding": 20
            }
        },
        "bins": {
            "n_bins": 122
        }
    },
    "n_parameters": 183541,
    "prediction_type": "labels",
    "epoch_size": 98,
    "best_step": 4410,
    "metrics": {
        "train": {
            "rmse": 0.35804069605270744,
            "mae": 0.22123762965202332,
            "r2": 0.6383734941482544,
            "score": -0.35804069605270744
        },
        "val": {
            "rmse": 0.3670556054736819,
            "mae": 0.22658689320087433,
            "r2": 0.6231330633163452,
            "score": -0.3670556054736819
        },
        "test": {
            "rmse": 0.36849614554269533,
            "mae": 0.22694365680217743,
            "r2": 0.6186537146568298,
            "score": -0.36849614554269533
        }
    },
    "time": "0:01:05.452690",
    "chunk_size": null,
    "eval_batch_size": 32768
}