{
    "function": "_bin.model.main",
    "gpus": [
        "Tesla V100-PCIE-16GB"
    ],
    "config": {
        "seed": 0,
        "batch_size": 512,
        "patience": 16,
        "n_epochs": -1,
        "gradient_clipping_norm": 1.0,
        "amp": true,
        "data": {
            "cache": true,
            "path": "data/regression-num-large-0-year",
            "num_policy": "noisy-quantile"
        },
        "optimizer": {
            "type": "AdamW",
            "lr": 0.00028688680660058686,
            "weight_decay": 0.0002579640930923944
        },
        "model": {
            "arch_type": "plain",
            "backbone": {
                "type": "MLP",
                "n_blocks": 5,
                "d_block": 768,
                "dropout": 0.4767450471892426
            },
            "num_embeddings": {
                "type": "PiecewiseLinearEmbeddings",
                "d_embedding": 20
            }
        },
        "bins": {
            "n_bins": 17
        }
    },
    "n_parameters": 3780505,
    "prediction_type": "labels",
    "epoch_size": 98,
    "best_step": 784,
    "metrics": {
        "train": {
            "rmse": 8.298055618684492,
            "mae": 5.840796947479248,
            "r2": 0.4300023317337036,
            "score": -8.298055618684492
        },
        "val": {
            "rmse": 8.835603770084623,
            "mae": 6.1807379722595215,
            "r2": 0.3237103223800659,
            "score": -8.835603770084623
        },
        "test": {
            "rmse": 8.907310021210941,
            "mae": 6.189587116241455,
            "r2": 0.33192718029022217,
            "score": -8.907310021210941
        }
    },
    "time": "0:00:31.376252",
    "chunk_size": null,
    "eval_batch_size": 32768
}