{
    "function": "_bin.model.main",
    "gpus": [
        "Tesla V100-PCIE-16GB"
    ],
    "config": {
        "seed": 11,
        "batch_size": 512,
        "patience": 16,
        "n_epochs": -1,
        "gradient_clipping_norm": 1.0,
        "amp": true,
        "data": {
            "cache": true,
            "path": "data/regression-cat-large-0-particulate-matter-ukair-2017",
            "num_policy": "noisy-quantile",
            "cat_policy": "ordinal"
        },
        "optimizer": {
            "type": "AdamW",
            "lr": 6.889031839851212e-05,
            "weight_decay": 0.0
        },
        "model": {
            "arch_type": "plain",
            "backbone": {
                "type": "MLP",
                "n_blocks": 1,
                "d_block": 272,
                "dropout": 0.30553863189595615
            },
            "num_embeddings": {
                "type": "PiecewiseLinearEmbeddings",
                "d_embedding": 32
            }
        },
        "bins": {
            "n_bins": 42
        }
    },
    "n_parameters": 37137,
    "prediction_type": "labels",
    "epoch_size": 98,
    "best_step": 53018,
    "metrics": {
        "train": {
            "rmse": 0.3537837534393782,
            "mae": 0.24343889951705933,
            "r2": 0.7310290336608887,
            "score": -0.3537837534393782
        },
        "val": {
            "rmse": 0.3700387916978723,
            "mae": 0.2550017237663269,
            "r2": 0.7025805115699768,
            "score": -0.3700387916978723
        },
        "test": {
            "rmse": 0.3648822943770848,
            "mae": 0.2517566680908203,
            "r2": 0.7117246389389038,
            "score": -0.3648822943770848
        }
    },
    "time": "0:07:08.887162",
    "chunk_size": null,
    "eval_batch_size": 32768
}