{
    "function": "_bin.model.main",
    "gpus": [
        "NVIDIA A100-SXM4-40GB"
    ],
    "config": {
        "seed": 10,
        "batch_size": 512,
        "patience": 16,
        "n_epochs": -1,
        "gradient_clipping_norm": 1.0,
        "amp": true,
        "data": {
            "cache": true,
            "path": "data/classif-num-large-0-MiniBooNE",
            "num_policy": "noisy-quantile"
        },
        "optimizer": {
            "type": "AdamW",
            "lr": 0.0036908332048455257,
            "weight_decay": 0.005798060111967995
        },
        "model": {
            "arch_type": "tabm-mini",
            "k": 32,
            "backbone": {
                "type": "MLP",
                "n_blocks": 3,
                "d_block": 480,
                "dropout": 0.10621825071291778
            },
            "num_embeddings": {
                "type": "PiecewiseLinearEmbeddings",
                "d_embedding": 24
            }
        },
        "bins": {
            "n_bins": 2
        }
    },
    "n_parameters": 1112224,
    "prediction_type": "probs",
    "epoch_size": 98,
    "best_step": 2842,
    "metrics": {
        "train": {
            "0": {
                "precision": 0.9916741858748257,
                "recall": 0.9625781281101955,
                "f1-score": 0.9769095573826792,
                "support": 25119.0
            },
            "1": {
                "precision": 0.9633070497306582,
                "recall": 0.991841163940356,
                "f1-score": 0.9773658884334343,
                "support": 24881.0
            },
            "accuracy": 0.97714,
            "macro avg": {
                "precision": 0.9774906178027419,
                "recall": 0.9772096460252757,
                "f1-score": 0.9771377229080567,
                "support": 50000.0
            },
            "weighted avg": {
                "precision": 0.9775581315867651,
                "recall": 0.97714,
                "f1-score": 0.977136636840156,
                "support": 50000.0
            },
            "cross-entropy": 0.08027065508507632,
            "roc-auc": 0.9975088275560112,
            "score": 0.97714
        },
        "val": {
            "0": {
                "precision": 0.9733016908929101,
                "recall": 0.9326321773735077,
                "f1-score": 0.9525330236609086,
                "support": 3518.0
            },
            "1": {
                "precision": 0.9328231292517006,
                "recall": 0.9733806566104702,
                "f1-score": 0.9526704298740772,
                "support": 3381.0
            },
            "accuracy": 0.9526018263516451,
            "macro avg": {
                "precision": 0.9530624100723053,
                "recall": 0.953006416991989,
                "f1-score": 0.9526017267674929,
                "support": 6899.0
            },
            "weighted avg": {
                "precision": 0.9534643207075312,
                "recall": 0.9526018263516451,
                "f1-score": 0.9526003624646081,
                "support": 6899.0
            },
            "cross-entropy": 0.1326838941163818,
            "roc-auc": 0.9877409945118517,
            "score": 0.9526018263516451
        },
        "test": {
            "0": {
                "precision": 0.9630309386470897,
                "recall": 0.9343678453319766,
                "f1-score": 0.9484828921885087,
                "support": 7862.0
            },
            "1": {
                "precision": 0.9390862944162437,
                "recall": 0.9657642345514144,
                "f1-score": 0.9522384486473545,
                "support": 8237.0
            },
            "accuracy": 0.9504317038325362,
            "macro avg": {
                "precision": 0.9510586165316667,
                "recall": 0.9500660399416955,
                "f1-score": 0.9503606704179316,
                "support": 16099.0
            },
            "weighted avg": {
                "precision": 0.9507797407758256,
                "recall": 0.9504317038325362,
                "f1-score": 0.9504044102052497,
                "support": 16099.0
            },
            "cross-entropy": 0.1384909231711537,
            "roc-auc": 0.9870804567449423,
            "score": 0.9504317038325362
        }
    },
    "time": "0:00:25.221500",
    "chunk_size": null,
    "eval_batch_size": 32768
}