{
    "function": "_bin.model.main",
    "gpus": [
        "NVIDIA A100-SXM4-40GB"
    ],
    "config": {
        "seed": 1,
        "batch_size": 512,
        "patience": 16,
        "n_epochs": -1,
        "gradient_clipping_norm": 1.0,
        "amp": true,
        "data": {
            "cache": true,
            "path": "data/regression-cat-large-0-particulate-matter-ukair-2017",
            "num_policy": "noisy-quantile",
            "cat_policy": "ordinal"
        },
        "optimizer": {
            "type": "AdamW",
            "lr": 0.0006270838221461209,
            "weight_decay": 0.0
        },
        "model": {
            "arch_type": "tabm-mini",
            "k": 32,
            "backbone": {
                "type": "MLP",
                "n_blocks": 3,
                "d_block": 944,
                "dropout": 0.28165809461236535
            },
            "num_embeddings": {
                "type": "PiecewiseLinearEmbeddings",
                "d_embedding": 32
            }
        },
        "bins": {
            "n_bins": 74
        }
    },
    "n_parameters": 1938784,
    "prediction_type": "labels",
    "epoch_size": 98,
    "best_step": 5684,
    "metrics": {
        "train": {
            "rmse": 0.32195877725610006,
            "mae": 0.22530271112918854,
            "r2": 0.7772436141967773,
            "score": -0.32195877725610006
        },
        "val": {
            "rmse": 0.36451949060131755,
            "mae": 0.250866562128067,
            "r2": 0.7113866806030273,
            "score": -0.36451949060131755
        },
        "test": {
            "rmse": 0.36098007760195605,
            "mae": 0.2484818547964096,
            "r2": 0.7178574800491333,
            "score": -0.36098007760195605
        }
    },
    "time": "0:00:56.117544",
    "chunk_size": null,
    "eval_batch_size": 32768
}