{
    "function": "_bin.model.main",
    "gpus": [
        "NVIDIA A100-SXM4-40GB"
    ],
    "config": {
        "seed": 10,
        "batch_size": 512,
        "patience": 16,
        "n_epochs": -1,
        "gradient_clipping_norm": 1.0,
        "amp": true,
        "data": {
            "cache": true,
            "path": "data/regression-cat-large-0-particulate-matter-ukair-2017",
            "num_policy": "noisy-quantile",
            "cat_policy": "ordinal"
        },
        "optimizer": {
            "type": "AdamW",
            "lr": 0.0006270838221461209,
            "weight_decay": 0.0
        },
        "model": {
            "arch_type": "tabm-mini",
            "k": 32,
            "backbone": {
                "type": "MLP",
                "n_blocks": 3,
                "d_block": 944,
                "dropout": 0.28165809461236535
            },
            "num_embeddings": {
                "type": "PiecewiseLinearEmbeddings",
                "d_embedding": 32
            }
        },
        "bins": {
            "n_bins": 74
        }
    },
    "n_parameters": 1938784,
    "prediction_type": "labels",
    "epoch_size": 98,
    "best_step": 5684,
    "metrics": {
        "train": {
            "rmse": 0.33629183601142276,
            "mae": 0.23352931439876556,
            "r2": 0.75696861743927,
            "score": -0.33629183601142276
        },
        "val": {
            "rmse": 0.36383885484715056,
            "mae": 0.25065532326698303,
            "r2": 0.7124634981155396,
            "score": -0.36383885484715056
        },
        "test": {
            "rmse": 0.36017583682074966,
            "mae": 0.24813883006572723,
            "r2": 0.7191133499145508,
            "score": -0.36017583682074966
        }
    },
    "time": "0:00:49.954125",
    "chunk_size": null,
    "eval_batch_size": 32768
}