{
    "function": "_bin.model.main",
    "gpus": [
        "NVIDIA A100-SXM4-40GB"
    ],
    "config": {
        "seed": 0,
        "batch_size": 512,
        "patience": 16,
        "n_epochs": -1,
        "gradient_clipping_norm": 1.0,
        "amp": true,
        "data": {
            "cache": true,
            "path": "data/regression-cat-large-0-particulate-matter-ukair-2017",
            "num_policy": "noisy-quantile",
            "cat_policy": "ordinal"
        },
        "optimizer": {
            "type": "AdamW",
            "lr": 0.0006270838221461209,
            "weight_decay": 0.0
        },
        "model": {
            "arch_type": "tabm-mini",
            "k": 32,
            "backbone": {
                "type": "MLP",
                "n_blocks": 3,
                "d_block": 944,
                "dropout": 0.28165809461236535
            },
            "num_embeddings": {
                "type": "PiecewiseLinearEmbeddings",
                "d_embedding": 32
            }
        },
        "bins": {
            "n_bins": 74
        }
    },
    "n_parameters": 1938784,
    "prediction_type": "labels",
    "epoch_size": 98,
    "best_step": 6174,
    "metrics": {
        "train": {
            "rmse": 0.32190348767627686,
            "mae": 0.22420476377010345,
            "r2": 0.7773200869560242,
            "score": -0.32190348767627686
        },
        "val": {
            "rmse": 0.3636276275563436,
            "mae": 0.2490517795085907,
            "r2": 0.712797224521637,
            "score": -0.3636276275563436
        },
        "test": {
            "rmse": 0.36015332980016773,
            "mae": 0.24638323485851288,
            "r2": 0.7191483974456787,
            "score": -0.36015332980016773
        }
    },
    "time": "0:00:54.622710",
    "chunk_size": null,
    "eval_batch_size": 32768
}