{
    "function": "_bin.model.main",
    "gpus": [
        "NVIDIA A100-SXM4-40GB"
    ],
    "config": {
        "seed": 7,
        "batch_size": 512,
        "patience": 16,
        "n_epochs": -1,
        "gradient_clipping_norm": 1.0,
        "amp": true,
        "data": {
            "cache": true,
            "path": "data/regression-cat-large-0-particulate-matter-ukair-2017",
            "num_policy": "noisy-quantile",
            "cat_policy": "ordinal"
        },
        "optimizer": {
            "type": "AdamW",
            "lr": 0.0006270838221461209,
            "weight_decay": 0.0
        },
        "model": {
            "arch_type": "tabm-mini",
            "k": 32,
            "backbone": {
                "type": "MLP",
                "n_blocks": 3,
                "d_block": 944,
                "dropout": 0.28165809461236535
            },
            "num_embeddings": {
                "type": "PiecewiseLinearEmbeddings",
                "d_embedding": 32
            }
        },
        "bins": {
            "n_bins": 74
        }
    },
    "n_parameters": 1938784,
    "prediction_type": "labels",
    "epoch_size": 98,
    "best_step": 6174,
    "metrics": {
        "train": {
            "rmse": 0.32805430695268056,
            "mae": 0.22820617258548737,
            "r2": 0.768729031085968,
            "score": -0.32805430695268056
        },
        "val": {
            "rmse": 0.363767667419984,
            "mae": 0.2500188648700714,
            "r2": 0.7125759720802307,
            "score": -0.363767667419984
        },
        "test": {
            "rmse": 0.36005254812314985,
            "mae": 0.24744050204753876,
            "r2": 0.7193055152893066,
            "score": -0.36005254812314985
        }
    },
    "time": "0:00:52.313559",
    "chunk_size": null,
    "eval_batch_size": 32768
}