{
    "function": "_bin.model.main",
    "gpus": [
        "NVIDIA A100-SXM4-40GB"
    ],
    "config": {
        "seed": 5,
        "batch_size": 512,
        "patience": 16,
        "n_epochs": -1,
        "gradient_clipping_norm": 1.0,
        "amp": true,
        "data": {
            "cache": true,
            "path": "data/classif-num-large-0-jannis",
            "num_policy": "noisy-quantile"
        },
        "optimizer": {
            "type": "AdamW",
            "lr": 0.004157352859011471,
            "weight_decay": 0.0002876199545467971
        },
        "model": {
            "arch_type": "tabm-mini",
            "k": 32,
            "backbone": {
                "type": "MLP",
                "n_blocks": 3,
                "d_block": 528,
                "dropout": 0.0
            },
            "num_embeddings": {
                "type": "PiecewiseLinearEmbeddings",
                "d_embedding": 12
            }
        },
        "bins": {
            "n_bins": 9
        }
    },
    "n_parameters": 963016,
    "prediction_type": "probs",
    "epoch_size": 79,
    "best_step": 1185,
    "metrics": {
        "train": {
            "0": {
                "precision": 0.9182855380820228,
                "recall": 0.8856505576208178,
                "f1-score": 0.9016728483839225,
                "support": 20175.0
            },
            "1": {
                "precision": 0.8893419033000768,
                "recall": 0.9210173364462769,
                "f1-score": 0.9049025110422412,
                "support": 20131.0
            },
            "accuracy": 0.9033146429811939,
            "macro avg": {
                "precision": 0.9038137206910498,
                "recall": 0.9033339470335473,
                "f1-score": 0.9032876797130818,
                "support": 40306.0
            },
            "weighted avg": {
                "precision": 0.9038295188343833,
                "recall": 0.9033146429811939,
                "f1-score": 0.9032859168842602,
                "support": 40306.0
            },
            "cross-entropy": 0.2691273932678645,
            "roc-auc": 0.9659104451961091,
            "score": 0.9033146429811939
        },
        "val": {
            "0": {
                "precision": 0.8249282492824929,
                "recall": 0.7847113884555382,
                "f1-score": 0.8043174095542674,
                "support": 2564.0
            },
            "1": {
                "precision": 0.7987604812249361,
                "recall": 0.8368983957219251,
                "f1-score": 0.8173848162656221,
                "support": 2618.0
            },
            "accuracy": 0.8110768043226554,
            "macro avg": {
                "precision": 0.8118443652537145,
                "recall": 0.8108048920887316,
                "f1-score": 0.8108511129099447,
                "support": 5182.0
            },
            "weighted avg": {
                "precision": 0.8117080221935921,
                "recall": 0.8110768043226554,
                "f1-score": 0.8109191985875224,
                "support": 5182.0
            },
            "cross-entropy": 0.425914529467695,
            "roc-auc": 0.8853246872426462,
            "score": 0.8110768043226554
        },
        "test": {
            "0": {
                "precision": 0.8156674110977495,
                "recall": 0.7846636919517435,
                "f1-score": 0.7998652291105122,
                "support": 6051.0
            },
            "1": {
                "precision": 0.7922181470259927,
                "recall": 0.8223804005959279,
                "f1-score": 0.8070175438596491,
                "support": 6041.0
            },
            "accuracy": 0.8035064505458154,
            "macro avg": {
                "precision": 0.8039427790618712,
                "recall": 0.8035220462738357,
                "f1-score": 0.8034413864850807,
                "support": 12092.0
            },
            "weighted avg": {
                "precision": 0.8039524752511168,
                "recall": 0.8035064505458154,
                "f1-score": 0.8034384290277745,
                "support": 12092.0
            },
            "cross-entropy": 0.43193004759161113,
            "roc-auc": 0.8818834942441873,
            "score": 0.8035064505458154
        }
    },
    "time": "0:00:15.666806",
    "chunk_size": null,
    "eval_batch_size": 32768
}