{
    "function": "_bin.model.main",
    "gpus": [
        "NVIDIA A100-SXM4-40GB"
    ],
    "config": {
        "seed": 2,
        "batch_size": 512,
        "patience": 16,
        "n_epochs": -1,
        "gradient_clipping_norm": 1.0,
        "amp": true,
        "data": {
            "cache": true,
            "path": "data/regression-num-large-0-year",
            "num_policy": "noisy-quantile"
        },
        "optimizer": {
            "type": "AdamW",
            "lr": 0.0029232454363218546,
            "weight_decay": 0.0
        },
        "model": {
            "arch_type": "tabm-mini",
            "k": 32,
            "backbone": {
                "type": "MLP",
                "n_blocks": 3,
                "d_block": 640,
                "dropout": 0.31823104942087554
            },
            "num_embeddings": {
                "type": "PiecewiseLinearEmbeddings",
                "d_embedding": 20
            }
        },
        "bins": {
            "n_bins": 2
        }
    },
    "n_parameters": 2058432,
    "prediction_type": "labels",
    "epoch_size": 98,
    "best_step": 2450,
    "metrics": {
        "train": {
            "rmse": 7.709946527159586,
            "mae": 5.417304992675781,
            "r2": 0.5079342126846313,
            "score": -7.709946527159586
        },
        "val": {
            "rmse": 8.793513196022014,
            "mae": 6.028700351715088,
            "r2": 0.33013832569122314,
            "score": -8.793513196022014
        },
        "test": {
            "rmse": 8.889907137511292,
            "mae": 6.03898286819458,
            "r2": 0.3345351815223694,
            "score": -8.889907137511292
        }
    },
    "time": "0:00:25.149846",
    "chunk_size": null,
    "eval_batch_size": 32768
}