{
    "function": "_bin.model.main",
    "gpus": [
        "NVIDIA A100-SXM4-40GB"
    ],
    "config": {
        "seed": 6,
        "batch_size": 512,
        "patience": 16,
        "n_epochs": -1,
        "gradient_clipping_norm": 1.0,
        "amp": true,
        "data": {
            "cache": true,
            "path": "data/regression-cat-large-0-nyc-taxi-green-dec-2016",
            "num_policy": "noisy-quantile",
            "cat_policy": "ordinal"
        },
        "optimizer": {
            "type": "AdamW",
            "lr": 0.00012045339381143615,
            "weight_decay": 0.00028593738845718775
        },
        "model": {
            "arch_type": "tabm-mini",
            "k": 32,
            "backbone": {
                "type": "MLP",
                "n_blocks": 4,
                "d_block": 928,
                "dropout": 0.23456710406401882
            },
            "num_embeddings": {
                "type": "PiecewiseLinearEmbeddings",
                "d_embedding": 32
            }
        },
        "bins": {
            "n_bins": 122
        }
    },
    "n_parameters": 2943104,
    "prediction_type": "labels",
    "epoch_size": 98,
    "best_step": 13230,
    "metrics": {
        "train": {
            "rmse": 0.34683838556548985,
            "mae": 0.2053980827331543,
            "r2": 0.6606484651565552,
            "score": -0.34683838556548985
        },
        "val": {
            "rmse": 0.3561369097382856,
            "mae": 0.21094051003456116,
            "r2": 0.6452206969261169,
            "score": -0.3561369097382856
        },
        "test": {
            "rmse": 0.35616793356503373,
            "mae": 0.21047350764274597,
            "r2": 0.643743097782135,
            "score": -0.35616793356503373
        }
    },
    "time": "0:02:08.676921",
    "chunk_size": null,
    "eval_batch_size": 32768
}