{
    "function": "_bin.model.main",
    "gpus": [
        "Tesla V100-PCIE-16GB"
    ],
    "config": {
        "seed": 14,
        "batch_size": 512,
        "patience": 16,
        "n_epochs": -1,
        "gradient_clipping_norm": 1.0,
        "amp": true,
        "data": {
            "cache": true,
            "path": "data/classif-num-large-0-jannis",
            "num_policy": "noisy-quantile"
        },
        "optimizer": {
            "type": "AdamW",
            "lr": 3.442010718833056e-05,
            "weight_decay": 0.0
        },
        "model": {
            "arch_type": "plain",
            "backbone": {
                "type": "MLP",
                "n_blocks": 5,
                "d_block": 384,
                "dropout": 0.37805288910390616
            },
            "num_embeddings": {
                "type": "PiecewiseLinearEmbeddings",
                "d_embedding": 24
            }
        },
        "bins": {
            "n_bins": 45
        }
    },
    "n_parameters": 1151090,
    "prediction_type": "probs",
    "epoch_size": 79,
    "best_step": 2923,
    "metrics": {
        "train": {
            "0": {
                "precision": 0.8628456126956426,
                "recall": 0.7842379182156134,
                "f1-score": 0.8216659742417948,
                "support": 20175.0
            },
            "1": {
                "precision": 0.8018571623651509,
                "recall": 0.8750683026178531,
                "f1-score": 0.8368646080760095,
                "support": 20131.0
            },
            "accuracy": 0.8296035329727584,
            "macro avg": {
                "precision": 0.8323513875303967,
                "recall": 0.8296531104167333,
                "f1-score": 0.8292652911589021,
                "support": 40306.0
            },
            "weighted avg": {
                "precision": 0.8323846765173286,
                "recall": 0.8296035329727584,
                "f1-score": 0.8292569953730551,
                "support": 40306.0
            },
            "cross-entropy": 0.39564142360948557,
            "roc-auc": 0.9011662027597797,
            "score": 0.8296035329727584
        },
        "val": {
            "0": {
                "precision": 0.8302214502822406,
                "recall": 0.7457098283931357,
                "f1-score": 0.7856996096157798,
                "support": 2564.0
            },
            "1": {
                "precision": 0.7735324765543592,
                "recall": 0.8506493506493507,
                "f1-score": 0.8102601418955794,
                "support": 2618.0
            },
            "accuracy": 0.7987263604785797,
            "macro avg": {
                "precision": 0.8018769634182998,
                "recall": 0.7981795895212431,
                "f1-score": 0.7979798757556795,
                "support": 5182.0
            },
            "weighted avg": {
                "precision": 0.8015815943927012,
                "recall": 0.7987263604785797,
                "f1-score": 0.7981078445653196,
                "support": 5182.0
            },
            "cross-entropy": 0.4549938849575492,
            "roc-auc": 0.8661401058792544,
            "score": 0.7987263604785797
        },
        "test": {
            "0": {
                "precision": 0.8221856725146199,
                "recall": 0.7435134688481243,
                "f1-score": 0.7808730365356245,
                "support": 6051.0
            },
            "1": {
                "precision": 0.7655589123867069,
                "recall": 0.8389339513325609,
                "f1-score": 0.8005686754600743,
                "support": 6041.0
            },
            "accuracy": 0.791184254052266,
            "macro avg": {
                "precision": 0.7938722924506634,
                "recall": 0.7912237100903425,
                "f1-score": 0.7907208559978494,
                "support": 12092.0
            },
            "weighted avg": {
                "precision": 0.7938957074192906,
                "recall": 0.791184254052266,
                "f1-score": 0.7907127119195643,
                "support": 12092.0
            },
            "cross-entropy": 0.45611909037317633,
            "roc-auc": 0.8665690660998793,
            "score": 0.791184254052266
        }
    },
    "time": "0:00:54.510346",
    "chunk_size": null,
    "eval_batch_size": 32768
}