{
    "function": "_bin.model.main",
    "gpus": [
        "NVIDIA A100-SXM4-40GB"
    ],
    "config": {
        "seed": 1,
        "batch_size": 512,
        "patience": 16,
        "n_epochs": -1,
        "gradient_clipping_norm": 1.0,
        "amp": true,
        "data": {
            "cache": true,
            "path": "data/regression-num-large-0-year",
            "num_policy": "noisy-quantile"
        },
        "optimizer": {
            "type": "AdamW",
            "lr": 0.0029232454363218546,
            "weight_decay": 0.0
        },
        "model": {
            "arch_type": "tabm-mini",
            "k": 32,
            "backbone": {
                "type": "MLP",
                "n_blocks": 3,
                "d_block": 640,
                "dropout": 0.31823104942087554
            },
            "num_embeddings": {
                "type": "PiecewiseLinearEmbeddings",
                "d_embedding": 20
            }
        },
        "bins": {
            "n_bins": 2
        }
    },
    "n_parameters": 2058432,
    "prediction_type": "labels",
    "epoch_size": 98,
    "best_step": 3626,
    "metrics": {
        "train": {
            "rmse": 7.3007927451086605,
            "mae": 5.282825469970703,
            "r2": 0.5587746500968933,
            "score": -7.3007927451086605
        },
        "val": {
            "rmse": 8.762391825183743,
            "mae": 6.060563087463379,
            "r2": 0.3348713517189026,
            "score": -8.762391825183743
        },
        "test": {
            "rmse": 8.85691775198515,
            "mae": 6.069284915924072,
            "r2": 0.3394649624824524,
            "score": -8.85691775198515
        }
    },
    "time": "0:00:36.006048",
    "chunk_size": null,
    "eval_batch_size": 32768
}