{
    "function": "_bin.model.main",
    "gpus": [
        "NVIDIA A100-SXM4-40GB"
    ],
    "config": {
        "seed": 13,
        "batch_size": 512,
        "patience": 16,
        "n_epochs": -1,
        "gradient_clipping_norm": 1.0,
        "amp": true,
        "data": {
            "cache": true,
            "path": "data/classif-num-large-0-jannis",
            "num_policy": "noisy-quantile"
        },
        "optimizer": {
            "type": "AdamW",
            "lr": 0.004157352859011471,
            "weight_decay": 0.0002876199545467971
        },
        "model": {
            "arch_type": "tabm-mini",
            "k": 32,
            "backbone": {
                "type": "MLP",
                "n_blocks": 3,
                "d_block": 528,
                "dropout": 0.0
            },
            "num_embeddings": {
                "type": "PiecewiseLinearEmbeddings",
                "d_embedding": 12
            }
        },
        "bins": {
            "n_bins": 9
        }
    },
    "n_parameters": 963016,
    "prediction_type": "probs",
    "epoch_size": 79,
    "best_step": 1264,
    "metrics": {
        "train": {
            "0": {
                "precision": 0.9241189651660215,
                "recall": 0.8994299876084263,
                "f1-score": 0.9116073447037251,
                "support": 20175.0
            },
            "1": {
                "precision": 0.9018384131591679,
                "recall": 0.9259847995628633,
                "f1-score": 0.9137521139187765,
                "support": 20131.0
            },
            "accuracy": 0.9126928993202005,
            "macro avg": {
                "precision": 0.9129786891625947,
                "recall": 0.9127073935856448,
                "f1-score": 0.9126797293112507,
                "support": 40306.0
            },
            "weighted avg": {
                "precision": 0.912990850432484,
                "recall": 0.9126928993202005,
                "f1-score": 0.9126785586437886,
                "support": 40306.0
            },
            "cross-entropy": 0.24809984497820575,
            "roc-auc": 0.9715125888257194,
            "score": 0.9126928993202005
        },
        "val": {
            "0": {
                "precision": 0.8297086581862946,
                "recall": 0.7886115444617785,
                "f1-score": 0.8086382723455309,
                "support": 2564.0
            },
            "1": {
                "precision": 0.8025500910746812,
                "recall": 0.8414820473644004,
                "f1-score": 0.8215550997575983,
                "support": 2618.0
            },
            "accuracy": 0.8153222693940564,
            "macro avg": {
                "precision": 0.8161293746304878,
                "recall": 0.8150467959130894,
                "f1-score": 0.8150966860515646,
                "support": 5182.0
            },
            "weighted avg": {
                "precision": 0.8159878691669576,
                "recall": 0.8153222693940564,
                "f1-score": 0.8151639871592693,
                "support": 5182.0
            },
            "cross-entropy": 0.4271902365061333,
            "roc-auc": 0.8851408525401367,
            "score": 0.8153222693940564
        },
        "test": {
            "0": {
                "precision": 0.8185726569217541,
                "recall": 0.7866468352338456,
                "f1-score": 0.8022922636103151,
                "support": 6051.0
            },
            "1": {
                "precision": 0.7943285008762148,
                "recall": 0.8253600397285218,
                "f1-score": 0.8095470043838285,
                "support": 6041.0
            },
            "accuracy": 0.8059874297055905,
            "macro avg": {
                "precision": 0.8064505788989844,
                "recall": 0.8060034374811837,
                "f1-score": 0.8059196339970718,
                "support": 12092.0
            },
            "weighted avg": {
                "precision": 0.8064606037733003,
                "recall": 0.8059874297055905,
                "f1-score": 0.8059166341869604,
                "support": 12092.0
            },
            "cross-entropy": 0.4322577875085286,
            "roc-auc": 0.8831720367495939,
            "score": 0.8059874297055905
        }
    },
    "time": "0:00:15.434831",
    "chunk_size": null,
    "eval_batch_size": 32768
}