{
    "function": "_bin.model.main",
    "gpus": [
        "Tesla V100-PCIE-16GB"
    ],
    "config": {
        "seed": 2,
        "batch_size": 512,
        "patience": 16,
        "n_epochs": -1,
        "gradient_clipping_norm": 1.0,
        "amp": true,
        "data": {
            "cache": true,
            "path": "data/classif-cat-large-0-road-safety",
            "num_policy": "noisy-quantile",
            "cat_policy": "ordinal"
        },
        "optimizer": {
            "type": "AdamW",
            "lr": 0.0005171502514831313,
            "weight_decay": 0.00010235561337628236
        },
        "model": {
            "arch_type": "plain",
            "backbone": {
                "type": "MLP",
                "n_blocks": 2,
                "d_block": 496,
                "dropout": 0.4582376177559271
            },
            "num_embeddings": {
                "type": "PiecewiseLinearEmbeddings",
                "d_embedding": 20
            }
        },
        "bins": {
            "n_bins": 22
        }
    },
    "n_parameters": 552578,
    "prediction_type": "probs",
    "epoch_size": 98,
    "best_step": 3136,
    "metrics": {
        "train": {
            "0": {
                "precision": 0.8310524600847181,
                "recall": 0.812002546959567,
                "f1-score": 0.8214170692431562,
                "support": 25128.0
            },
            "1": {
                "precision": 0.8143665513989311,
                "recall": 0.8332261177227405,
                "f1-score": 0.8236883942766295,
                "support": 24872.0
            },
            "accuracy": 0.82256,
            "macro avg": {
                "precision": 0.8227095057418246,
                "recall": 0.8226143323411537,
                "f1-score": 0.8225527317598929,
                "support": 50000.0
            },
            "weighted avg": {
                "precision": 0.8227522216680603,
                "recall": 0.82256,
                "f1-score": 0.8225469171678071,
                "support": 50000.0
            },
            "cross-entropy": 0.3513035269447685,
            "roc-auc": 0.9183604518682295,
            "score": 0.82256
        },
        "val": {
            "0": {
                "precision": 0.8002173913043479,
                "recall": 0.7880539499036608,
                "f1-score": 0.7940890950275051,
                "support": 9342.0
            },
            "1": {
                "precision": 0.7877358490566038,
                "recall": 0.7999129109514479,
                "f1-score": 0.793777681754348,
                "support": 9186.0
            },
            "accuracy": 0.793933506044905,
            "macro avg": {
                "precision": 0.7939766201804759,
                "recall": 0.7939834304275544,
                "f1-score": 0.7939333883909265,
                "support": 18528.0
            },
            "weighted avg": {
                "precision": 0.7940291655332027,
                "recall": 0.793933506044905,
                "f1-score": 0.7939346993924004,
                "support": 18528.0
            },
            "cross-entropy": 0.39735330665339885,
            "roc-auc": 0.892638095967899,
            "score": 0.793933506044905
        },
        "test": {
            "0": {
                "precision": 0.7949890444889016,
                "recall": 0.7795058614730745,
                "f1-score": 0.7871713241363046,
                "support": 21411.0
            },
            "1": {
                "precision": 0.7877248201438849,
                "recall": 0.8027768867708381,
                "f1-score": 0.7951796291673286,
                "support": 21823.0
            },
            "accuracy": 0.7912522551695425,
            "macro avg": {
                "precision": 0.7913569323163933,
                "recall": 0.7911413741219564,
                "f1-score": 0.7911754766518166,
                "support": 43234.0
            },
            "weighted avg": {
                "precision": 0.7913223199692805,
                "recall": 0.7912522551695425,
                "f1-score": 0.7912136343711206,
                "support": 43234.0
            },
            "cross-entropy": 0.4059468437183691,
            "roc-auc": 0.8881102644998911,
            "score": 0.7912522551695425
        }
    },
    "time": "0:00:43.868618",
    "chunk_size": null,
    "eval_batch_size": 32768
}