{
    "function": "_bin.model.main",
    "gpus": [
        "Tesla V100-PCIE-16GB"
    ],
    "config": {
        "seed": 10,
        "batch_size": 512,
        "patience": 16,
        "n_epochs": -1,
        "gradient_clipping_norm": 1.0,
        "amp": true,
        "data": {
            "cache": true,
            "path": "data/classif-num-large-0-jannis",
            "num_policy": "noisy-quantile"
        },
        "optimizer": {
            "type": "AdamW",
            "lr": 3.442010718833056e-05,
            "weight_decay": 0.0
        },
        "model": {
            "arch_type": "plain",
            "backbone": {
                "type": "MLP",
                "n_blocks": 5,
                "d_block": 384,
                "dropout": 0.37805288910390616
            },
            "num_embeddings": {
                "type": "PiecewiseLinearEmbeddings",
                "d_embedding": 24
            }
        },
        "bins": {
            "n_bins": 45
        }
    },
    "n_parameters": 1151090,
    "prediction_type": "probs",
    "epoch_size": 79,
    "best_step": 2844,
    "metrics": {
        "train": {
            "0": {
                "precision": 0.8443073061032372,
                "recall": 0.8001982651796778,
                "f1-score": 0.8216612377850163,
                "support": 20175.0
            },
            "1": {
                "precision": 0.8097238612225631,
                "recall": 0.852118623019224,
                "f1-score": 0.8303804821376707,
                "support": 20131.0
            },
            "accuracy": 0.8261301046990522,
            "macro avg": {
                "precision": 0.8270155836629002,
                "recall": 0.8261584440994509,
                "f1-score": 0.8260208599613434,
                "support": 40306.0
            },
            "weighted avg": {
                "precision": 0.8270344601524396,
                "recall": 0.8261301046990522,
                "f1-score": 0.8260161007846512,
                "support": 40306.0
            },
            "cross-entropy": 0.39969649965278903,
            "roc-auc": 0.8985660429761273,
            "score": 0.8261301046990522
        },
        "val": {
            "0": {
                "precision": 0.8183340309753034,
                "recall": 0.7624804992199687,
                "f1-score": 0.7894205532000808,
                "support": 2564.0
            },
            "1": {
                "precision": 0.7819548872180451,
                "recall": 0.8342245989304813,
                "f1-score": 0.8072445019404916,
                "support": 2618.0
            },
            "accuracy": 0.7987263604785797,
            "macro avg": {
                "precision": 0.8001444590966742,
                "recall": 0.798352549075225,
                "f1-score": 0.7983325275702862,
                "support": 5182.0
            },
            "weighted avg": {
                "precision": 0.7999549112615825,
                "recall": 0.7987263604785797,
                "f1-score": 0.7984253964656917,
                "support": 5182.0
            },
            "cross-entropy": 0.45186751405992887,
            "roc-auc": 0.8684837748742952,
            "score": 0.7987263604785797
        },
        "test": {
            "0": {
                "precision": 0.8019097222222222,
                "recall": 0.7633449016691456,
                "f1-score": 0.7821522309711286,
                "support": 6051.0
            },
            "1": {
                "precision": 0.7738471257106759,
                "recall": 0.8111239860950173,
                "f1-score": 0.7920471995474015,
                "support": 6041.0
            },
            "accuracy": 0.7872146873966259,
            "macro avg": {
                "precision": 0.7878784239664491,
                "recall": 0.7872344438820815,
                "f1-score": 0.7870997152592651,
                "support": 12092.0
            },
            "weighted avg": {
                "precision": 0.7878900277526348,
                "recall": 0.7872146873966259,
                "f1-score": 0.7870956237241277,
                "support": 12092.0
            },
            "cross-entropy": 0.4554540086885763,
            "roc-auc": 0.8668964439575312,
            "score": 0.7872146873966259
        }
    },
    "time": "0:00:52.294698",
    "chunk_size": null,
    "eval_batch_size": 32768
}