{
    "function": "_bin.model.main",
    "gpus": [
        "Tesla V100-PCIE-16GB"
    ],
    "config": {
        "seed": 9,
        "batch_size": 512,
        "patience": 16,
        "n_epochs": -1,
        "gradient_clipping_norm": 1.0,
        "amp": true,
        "data": {
            "cache": true,
            "path": "data/classif-num-large-0-jannis",
            "num_policy": "noisy-quantile"
        },
        "optimizer": {
            "type": "AdamW",
            "lr": 3.442010718833056e-05,
            "weight_decay": 0.0
        },
        "model": {
            "arch_type": "plain",
            "backbone": {
                "type": "MLP",
                "n_blocks": 5,
                "d_block": 384,
                "dropout": 0.37805288910390616
            },
            "num_embeddings": {
                "type": "PiecewiseLinearEmbeddings",
                "d_embedding": 24
            }
        },
        "bins": {
            "n_bins": 45
        }
    },
    "n_parameters": 1151090,
    "prediction_type": "probs",
    "epoch_size": 79,
    "best_step": 3476,
    "metrics": {
        "train": {
            "0": {
                "precision": 0.8644444444444445,
                "recall": 0.809814126394052,
                "f1-score": 0.8362380038387716,
                "support": 20175.0
            },
            "1": {
                "precision": 0.8207511912547883,
                "recall": 0.8727335949530575,
                "f1-score": 0.845944579531502,
                "support": 20131.0
            },
            "accuracy": 0.841239517689674,
            "macro avg": {
                "precision": 0.8425978178496164,
                "recall": 0.8412738606735548,
                "f1-score": 0.8410912916851367,
                "support": 40306.0
            },
            "weighted avg": {
                "precision": 0.842621666695202,
                "recall": 0.841239517689674,
                "f1-score": 0.8410859935988658,
                "support": 40306.0
            },
            "cross-entropy": 0.3778269696676118,
            "roc-auc": 0.9098240563959104,
            "score": 0.841239517689674
        },
        "val": {
            "0": {
                "precision": 0.821534548537516,
                "recall": 0.7558502340093604,
                "f1-score": 0.7873248019500305,
                "support": 2564.0
            },
            "1": {
                "precision": 0.7782500885582714,
                "recall": 0.8391902215431627,
                "f1-score": 0.8075721374747289,
                "support": 2618.0
            },
            "accuracy": 0.797954457738325,
            "macro avg": {
                "precision": 0.7998923185478937,
                "recall": 0.7975202277762615,
                "f1-score": 0.7974484697123797,
                "support": 5182.0
            },
            "weighted avg": {
                "precision": 0.7996667916433318,
                "recall": 0.797954457738325,
                "f1-score": 0.7975539652853567,
                "support": 5182.0
            },
            "cross-entropy": 0.45872951519674715,
            "roc-auc": 0.8662995087412358,
            "score": 0.797954457738325
        },
        "test": {
            "0": {
                "precision": 0.8101958017287,
                "recall": 0.7590480912245909,
                "f1-score": 0.7837883959044368,
                "support": 6051.0
            },
            "1": {
                "precision": 0.7730032695002336,
                "recall": 0.8218837940738288,
                "f1-score": 0.7966944801026957,
                "support": 6041.0
            },
            "accuracy": 0.7904399603043334,
            "macro avg": {
                "precision": 0.7915995356144667,
                "recall": 0.7904659426492099,
                "f1-score": 0.7902414380035663,
                "support": 12092.0
            },
            "weighted avg": {
                "precision": 0.7916149145973598,
                "recall": 0.7904399603043334,
                "f1-score": 0.7902361013825778,
                "support": 12092.0
            },
            "cross-entropy": 0.46275172688830274,
            "roc-auc": 0.8652558615121904,
            "score": 0.7904399603043334
        }
    },
    "time": "0:01:01.762823",
    "chunk_size": null,
    "eval_batch_size": 32768
}