{
    "function": "_bin.model.main",
    "gpus": [
        "Tesla V100-PCIE-16GB"
    ],
    "config": {
        "seed": 7,
        "batch_size": 512,
        "patience": 16,
        "n_epochs": -1,
        "gradient_clipping_norm": 1.0,
        "amp": true,
        "data": {
            "cache": true,
            "path": "data/classif-cat-large-0-road-safety",
            "num_policy": "noisy-quantile",
            "cat_policy": "ordinal"
        },
        "optimizer": {
            "type": "AdamW",
            "lr": 0.0005171502514831313,
            "weight_decay": 0.00010235561337628236
        },
        "model": {
            "arch_type": "plain",
            "backbone": {
                "type": "MLP",
                "n_blocks": 2,
                "d_block": 496,
                "dropout": 0.4582376177559271
            },
            "num_embeddings": {
                "type": "PiecewiseLinearEmbeddings",
                "d_embedding": 20
            }
        },
        "bins": {
            "n_bins": 22
        }
    },
    "n_parameters": 552578,
    "prediction_type": "probs",
    "epoch_size": 98,
    "best_step": 3038,
    "metrics": {
        "train": {
            "0": {
                "precision": 0.8315832482124617,
                "recall": 0.8099729385546004,
                "f1-score": 0.8206358486381872,
                "support": 25128.0
            },
            "1": {
                "precision": 0.8129285014691479,
                "recall": 0.8342714699260212,
                "f1-score": 0.8234617139909122,
                "support": 24872.0
            },
            "accuracy": 0.82206,
            "macro avg": {
                "precision": 0.8222558748408048,
                "recall": 0.8221222042403108,
                "f1-score": 0.8220487813145496,
                "support": 50000.0
            },
            "weighted avg": {
                "precision": 0.8223036309924676,
                "recall": 0.82206,
                "f1-score": 0.8220415470992467,
                "support": 50000.0
            },
            "cross-entropy": 0.3543110411263741,
            "roc-auc": 0.9178186528652936,
            "score": 0.82206
        },
        "val": {
            "0": {
                "precision": 0.8020459244749156,
                "recall": 0.7889102975808178,
                "f1-score": 0.7954238843019804,
                "support": 9342.0
            },
            "1": {
                "precision": 0.7888424884891316,
                "recall": 0.8019812758545612,
                "f1-score": 0.795357624831309,
                "support": 9186.0
            },
            "accuracy": 0.7953907599309153,
            "macro avg": {
                "precision": 0.7954442064820236,
                "recall": 0.7954457867176895,
                "f1-score": 0.7953907545666448,
                "support": 18528.0
            },
            "weighted avg": {
                "precision": 0.7954997908951762,
                "recall": 0.7953907599309153,
                "f1-score": 0.7953910335087169,
                "support": 18528.0
            },
            "cross-entropy": 0.39752430095452146,
            "roc-auc": 0.8923521456678535,
            "score": 0.7953907599309153
        },
        "test": {
            "0": {
                "precision": 0.7957040572792363,
                "recall": 0.7785717621783196,
                "f1-score": 0.7870446873303274,
                "support": 21411.0
            },
            "1": {
                "precision": 0.7872464548555017,
                "recall": 0.8038766439078037,
                "f1-score": 0.7954746412134128,
                "support": 21823.0
            },
            "accuracy": 0.7913447749456446,
            "macro avg": {
                "precision": 0.791475256067369,
                "recall": 0.7912242030430616,
                "f1-score": 0.7912596642718701,
                "support": 43234.0
            },
            "weighted avg": {
                "precision": 0.7914349575500148,
                "recall": 0.7913447749456446,
                "f1-score": 0.7912998310503295,
                "support": 43234.0
            },
            "cross-entropy": 0.4037570947039448,
            "roc-auc": 0.8884626063001564,
            "score": 0.7913447749456446
        }
    },
    "time": "0:00:43.628187",
    "chunk_size": null,
    "eval_batch_size": 32768
}