{
    "function": "_bin.model.main",
    "gpus": [
        "Tesla V100-PCIE-16GB"
    ],
    "config": {
        "seed": 3,
        "batch_size": 512,
        "patience": 16,
        "n_epochs": -1,
        "gradient_clipping_norm": 1.0,
        "amp": true,
        "data": {
            "cache": true,
            "path": "data/regression-cat-large-0-nyc-taxi-green-dec-2016",
            "num_policy": "noisy-quantile",
            "cat_policy": "ordinal"
        },
        "optimizer": {
            "type": "AdamW",
            "lr": 0.0002726699238570058,
            "weight_decay": 0.002005501913039345
        },
        "model": {
            "arch_type": "plain",
            "backbone": {
                "type": "MLP",
                "n_blocks": 3,
                "d_block": 240,
                "dropout": 0.2588303575526417
            },
            "num_embeddings": {
                "type": "PiecewiseLinearEmbeddings",
                "d_embedding": 20
            }
        },
        "bins": {
            "n_bins": 122
        }
    },
    "n_parameters": 183541,
    "prediction_type": "labels",
    "epoch_size": 98,
    "best_step": 7546,
    "metrics": {
        "train": {
            "rmse": 0.34360958612784287,
            "mae": 0.20841406285762787,
            "r2": 0.6669372320175171,
            "score": -0.34360958612784287
        },
        "val": {
            "rmse": 0.3670250553600591,
            "mae": 0.22078055143356323,
            "r2": 0.6231958270072937,
            "score": -0.3670250553600591
        },
        "test": {
            "rmse": 0.36743768325855597,
            "mae": 0.22034242749214172,
            "r2": 0.6208412647247314,
            "score": -0.36743768325855597
        }
    },
    "time": "0:01:34.640880",
    "chunk_size": null,
    "eval_batch_size": 32768
}