{
    "function": "_bin.model.main",
    "gpus": [
        "Tesla V100-PCIE-16GB"
    ],
    "config": {
        "seed": 5,
        "batch_size": 512,
        "patience": 16,
        "n_epochs": -1,
        "gradient_clipping_norm": 1.0,
        "amp": true,
        "data": {
            "cache": true,
            "path": "data/regression-cat-large-0-particulate-matter-ukair-2017",
            "num_policy": "noisy-quantile",
            "cat_policy": "ordinal"
        },
        "optimizer": {
            "type": "AdamW",
            "lr": 6.889031839851212e-05,
            "weight_decay": 0.0
        },
        "model": {
            "arch_type": "plain",
            "backbone": {
                "type": "MLP",
                "n_blocks": 1,
                "d_block": 272,
                "dropout": 0.30553863189595615
            },
            "num_embeddings": {
                "type": "PiecewiseLinearEmbeddings",
                "d_embedding": 32
            }
        },
        "bins": {
            "n_bins": 42
        }
    },
    "n_parameters": 37137,
    "prediction_type": "labels",
    "epoch_size": 98,
    "best_step": 60662,
    "metrics": {
        "train": {
            "rmse": 0.3508605625231872,
            "mae": 0.24165746569633484,
            "r2": 0.7354555130004883,
            "score": -0.3508605625231872
        },
        "val": {
            "rmse": 0.36927960317695946,
            "mae": 0.25485071539878845,
            "r2": 0.7037997245788574,
            "score": -0.36927960317695946
        },
        "test": {
            "rmse": 0.364357226512455,
            "mae": 0.251593679189682,
            "r2": 0.7125536203384399,
            "score": -0.364357226512455
        }
    },
    "time": "0:07:49.404424",
    "chunk_size": null,
    "eval_batch_size": 32768
}