{
    "function": "_bin.model.main",
    "gpus": [
        "NVIDIA A100-SXM4-40GB"
    ],
    "config": {
        "seed": 12,
        "batch_size": 512,
        "patience": 16,
        "n_epochs": -1,
        "gradient_clipping_norm": 1.0,
        "amp": true,
        "data": {
            "cache": true,
            "path": "data/classif-num-large-0-jannis",
            "num_policy": "noisy-quantile"
        },
        "optimizer": {
            "type": "AdamW",
            "lr": 0.004157352859011471,
            "weight_decay": 0.0002876199545467971
        },
        "model": {
            "arch_type": "tabm-mini",
            "k": 32,
            "backbone": {
                "type": "MLP",
                "n_blocks": 3,
                "d_block": 528,
                "dropout": 0.0
            },
            "num_embeddings": {
                "type": "PiecewiseLinearEmbeddings",
                "d_embedding": 12
            }
        },
        "bins": {
            "n_bins": 9
        }
    },
    "n_parameters": 963016,
    "prediction_type": "probs",
    "epoch_size": 79,
    "best_step": 1422,
    "metrics": {
        "train": {
            "0": {
                "precision": 0.954438895117725,
                "recall": 0.928277571251549,
                "f1-score": 0.9411764705882353,
                "support": 20175.0
            },
            "1": {
                "precision": 0.9300425449622897,
                "recall": 0.955590879737718,
                "f1-score": 0.9426436359181674,
                "support": 20131.0
            },
            "accuracy": 0.9419193172232422,
            "macro avg": {
                "precision": 0.9422407200400074,
                "recall": 0.9419342254946335,
                "f1-score": 0.9419100532532013,
                "support": 40306.0
            },
            "weighted avg": {
                "precision": 0.9422540361642424,
                "recall": 0.9419193172232422,
                "f1-score": 0.9419092524385023,
                "support": 40306.0
            },
            "cross-entropy": 0.21707439360578779,
            "roc-auc": 0.9865255279283764,
            "score": 0.9419193172232422
        },
        "val": {
            "0": {
                "precision": 0.8277846280312372,
                "recall": 0.7854914196567863,
                "f1-score": 0.8060836501901141,
                "support": 2564.0
            },
            "1": {
                "precision": 0.7999272462713715,
                "recall": 0.8399541634835752,
                "f1-score": 0.8194522079373951,
                "support": 2618.0
            },
            "accuracy": 0.8130065611732922,
            "macro avg": {
                "precision": 0.8138559371513043,
                "recall": 0.8127227915701807,
                "f1-score": 0.8127679290637546,
                "support": 5182.0
            },
            "weighted avg": {
                "precision": 0.8137107906234161,
                "recall": 0.8130065611732922,
                "f1-score": 0.8128375838416736,
                "support": 5182.0
            },
            "cross-entropy": 0.422368186586268,
            "roc-auc": 0.8865406927201457,
            "score": 0.8130065611732922
        },
        "test": {
            "0": {
                "precision": 0.8224331320103537,
                "recall": 0.7876384068748967,
                "f1-score": 0.8046598007766335,
                "support": 6051.0
            },
            "1": {
                "precision": 0.7959345720184214,
                "recall": 0.8296639629200464,
                "f1-score": 0.8124493434916518,
                "support": 6041.0
            },
            "accuracy": 0.8086338074760172,
            "macro avg": {
                "precision": 0.8091838520143876,
                "recall": 0.8086511848974716,
                "f1-score": 0.8085545721341426,
                "support": 12092.0
            },
            "weighted avg": {
                "precision": 0.809194809076905,
                "recall": 0.8086338074760172,
                "f1-score": 0.808551351185286,
                "support": 12092.0
            },
            "cross-entropy": 0.4269889160547548,
            "roc-auc": 0.8845064017595184,
            "score": 0.8086338074760172
        }
    },
    "time": "0:00:16.752340",
    "chunk_size": null,
    "eval_batch_size": 32768
}