{
    "function": "_bin.model.main",
    "gpus": [
        "NVIDIA A100-SXM4-40GB"
    ],
    "config": {
        "seed": 11,
        "batch_size": 512,
        "patience": 16,
        "n_epochs": -1,
        "gradient_clipping_norm": 1.0,
        "amp": true,
        "data": {
            "cache": true,
            "path": "data/regression-cat-large-0-particulate-matter-ukair-2017",
            "num_policy": "noisy-quantile",
            "cat_policy": "ordinal"
        },
        "optimizer": {
            "type": "AdamW",
            "lr": 0.0006270838221461209,
            "weight_decay": 0.0
        },
        "model": {
            "arch_type": "tabm-mini",
            "k": 32,
            "backbone": {
                "type": "MLP",
                "n_blocks": 3,
                "d_block": 944,
                "dropout": 0.28165809461236535
            },
            "num_embeddings": {
                "type": "PiecewiseLinearEmbeddings",
                "d_embedding": 32
            }
        },
        "bins": {
            "n_bins": 74
        }
    },
    "n_parameters": 1938784,
    "prediction_type": "labels",
    "epoch_size": 98,
    "best_step": 6174,
    "metrics": {
        "train": {
            "rmse": 0.31510196112289107,
            "mae": 0.22197192907333374,
            "r2": 0.7866307497024536,
            "score": -0.31510196112289107
        },
        "val": {
            "rmse": 0.3645850340485642,
            "mae": 0.25090426206588745,
            "r2": 0.7112828493118286,
            "score": -0.3645850340485642
        },
        "test": {
            "rmse": 0.36086367062582253,
            "mae": 0.24839402735233307,
            "r2": 0.7180394530296326,
            "score": -0.36086367062582253
        }
    },
    "time": "0:00:54.772092",
    "chunk_size": null,
    "eval_batch_size": 32768
}