{
    "function": "_bin.model.main",
    "gpus": [
        "Tesla V100-PCIE-16GB"
    ],
    "config": {
        "seed": 1,
        "batch_size": 512,
        "patience": 16,
        "n_epochs": -1,
        "gradient_clipping_norm": 1.0,
        "amp": true,
        "data": {
            "cache": true,
            "path": "data/regression-cat-large-0-nyc-taxi-green-dec-2016",
            "num_policy": "noisy-quantile",
            "cat_policy": "ordinal"
        },
        "optimizer": {
            "type": "AdamW",
            "lr": 0.0002726699238570058,
            "weight_decay": 0.002005501913039345
        },
        "model": {
            "arch_type": "plain",
            "backbone": {
                "type": "MLP",
                "n_blocks": 3,
                "d_block": 240,
                "dropout": 0.2588303575526417
            },
            "num_embeddings": {
                "type": "PiecewiseLinearEmbeddings",
                "d_embedding": 20
            }
        },
        "bins": {
            "n_bins": 122
        }
    },
    "n_parameters": 183541,
    "prediction_type": "labels",
    "epoch_size": 98,
    "best_step": 3430,
    "metrics": {
        "train": {
            "rmse": 0.3625627405855972,
            "mae": 0.22144146263599396,
            "r2": 0.6291811466217041,
            "score": -0.3625627405855972
        },
        "val": {
            "rmse": 0.36766159617909805,
            "mae": 0.22495003044605255,
            "r2": 0.6218876838684082,
            "score": -0.36766159617909805
        },
        "test": {
            "rmse": 0.36951639335075304,
            "mae": 0.22504569590091705,
            "r2": 0.6165391206741333,
            "score": -0.36951639335075304
        }
    },
    "time": "0:00:55.971206",
    "chunk_size": null,
    "eval_batch_size": 32768
}