{
    "function": "_bin.model.main",
    "gpus": [
        "NVIDIA A100-SXM4-40GB"
    ],
    "config": {
        "seed": 2,
        "batch_size": 512,
        "patience": 16,
        "n_epochs": -1,
        "gradient_clipping_norm": 1.0,
        "amp": true,
        "data": {
            "cache": true,
            "path": "data/classif-num-large-0-MiniBooNE",
            "num_policy": "noisy-quantile"
        },
        "optimizer": {
            "type": "AdamW",
            "lr": 0.0036908332048455257,
            "weight_decay": 0.005798060111967995
        },
        "model": {
            "arch_type": "tabm-mini",
            "k": 32,
            "backbone": {
                "type": "MLP",
                "n_blocks": 3,
                "d_block": 480,
                "dropout": 0.10621825071291778
            },
            "num_embeddings": {
                "type": "PiecewiseLinearEmbeddings",
                "d_embedding": 24
            }
        },
        "bins": {
            "n_bins": 2
        }
    },
    "n_parameters": 1112224,
    "prediction_type": "probs",
    "epoch_size": 98,
    "best_step": 2352,
    "metrics": {
        "train": {
            "0": {
                "precision": 0.9852707168795136,
                "recall": 0.9613440025478721,
                "f1-score": 0.9731603127266866,
                "support": 25119.0
            },
            "1": {
                "precision": 0.9619081244360754,
                "recall": 0.985490936859451,
                "f1-score": 0.9735567378702453,
                "support": 24881.0
            },
            "accuracy": 0.97336,
            "macro avg": {
                "precision": 0.9735894206577945,
                "recall": 0.9734174697036615,
                "f1-score": 0.973358525298466,
                "support": 50000.0
            },
            "weighted avg": {
                "precision": 0.9736450236278099,
                "recall": 0.97336,
                "f1-score": 0.9733575818066244,
                "support": 50000.0
            },
            "cross-entropy": 0.07975670528449919,
            "roc-auc": 0.9963814332119609,
            "score": 0.97336
        },
        "val": {
            "0": {
                "precision": 0.9691539365452408,
                "recall": 0.9377487208641273,
                "f1-score": 0.9531927188673793,
                "support": 3518.0
            },
            "1": {
                "precision": 0.9373390557939915,
                "recall": 0.968944099378882,
                "f1-score": 0.9528795811518325,
                "support": 3381.0
            },
            "accuracy": 0.9530366719814466,
            "macro avg": {
                "precision": 0.9532464961696161,
                "recall": 0.9533464101215047,
                "f1-score": 0.9530361500096058,
                "support": 6899.0
            },
            "weighted avg": {
                "precision": 0.9535623853320252,
                "recall": 0.9530366719814466,
                "f1-score": 0.953039259146222,
                "support": 6899.0
            },
            "cross-entropy": 0.1294267255690314,
            "roc-auc": 0.988241063536174,
            "score": 0.9530366719814466
        },
        "test": {
            "0": {
                "precision": 0.9578086459820849,
                "recall": 0.9384380564741795,
                "f1-score": 0.9480244137487954,
                "support": 7862.0
            },
            "1": {
                "precision": 0.9423535016674607,
                "recall": 0.960543887337623,
                "f1-score": 0.9513617507364877,
                "support": 8237.0
            },
            "accuracy": 0.9497484315796012,
            "macro avg": {
                "precision": 0.9500810738247728,
                "recall": 0.9494909719059013,
                "f1-score": 0.9496930822426415,
                "support": 16099.0
            },
            "weighted avg": {
                "precision": 0.9499010726098531,
                "recall": 0.9497484315796012,
                "f1-score": 0.9497319511590459,
                "support": 16099.0
            },
            "cross-entropy": 0.1377465166464938,
            "roc-auc": 0.987310678525927,
            "score": 0.9497484315796012
        }
    },
    "time": "0:00:25.483734",
    "chunk_size": null,
    "eval_batch_size": 32768
}