{
    "function": "_bin.model.main",
    "gpus": [
        "Tesla V100-PCIE-16GB"
    ],
    "config": {
        "seed": 1,
        "batch_size": 512,
        "patience": 16,
        "n_epochs": -1,
        "gradient_clipping_norm": 1.0,
        "amp": true,
        "data": {
            "cache": true,
            "path": "data/classif-num-large-0-MiniBooNE",
            "num_policy": "noisy-quantile"
        },
        "optimizer": {
            "type": "AdamW",
            "lr": 0.00026099266313791,
            "weight_decay": 0.019897366041434994
        },
        "model": {
            "arch_type": "plain",
            "backbone": {
                "type": "MLP",
                "n_blocks": 2,
                "d_block": 560,
                "dropout": 0.38594681331216396
            },
            "num_embeddings": {
                "type": "PiecewiseLinearEmbeddings",
                "d_embedding": 8
            }
        },
        "bins": {
            "n_bins": 13
        }
    },
    "n_parameters": 545842,
    "prediction_type": "probs",
    "epoch_size": 98,
    "best_step": 2744,
    "metrics": {
        "train": {
            "0": {
                "precision": 0.9785300045243286,
                "recall": 0.9471316533301485,
                "f1-score": 0.9625748502994012,
                "support": 25119.0
            },
            "1": {
                "precision": 0.948300696850547,
                "recall": 0.97902013584663,
                "f1-score": 0.9634155987976586,
                "support": 24881.0
            },
            "accuracy": 0.963,
            "macro avg": {
                "precision": 0.9634153506874378,
                "recall": 0.9630758945883893,
                "f1-score": 0.9629952245485298,
                "support": 50000.0
            },
            "weighted avg": {
                "precision": 0.9634872964397014,
                "recall": 0.963,
                "f1-score": 0.9629932235671042,
                "support": 50000.0
            },
            "cross-entropy": 0.10063204545103117,
            "roc-auc": 0.9930612539846684,
            "score": 0.963
        },
        "val": {
            "0": {
                "precision": 0.9709629629629629,
                "recall": 0.9314951677089255,
                "f1-score": 0.9508196721311475,
                "support": 3518.0
            },
            "1": {
                "precision": 0.9316118047673099,
                "recall": 0.9710144927536232,
                "f1-score": 0.9509051412020275,
                "support": 3381.0
            },
            "accuracy": 0.9508624438324395,
            "macro avg": {
                "precision": 0.9512873838651363,
                "recall": 0.9512548302312743,
                "f1-score": 0.9508624066665875,
                "support": 6899.0
            },
            "weighted avg": {
                "precision": 0.9516781005394953,
                "recall": 0.9508624438324395,
                "f1-score": 0.9508615580463011,
                "support": 6899.0
            },
            "cross-entropy": 0.1386522728359155,
            "roc-auc": 0.986978321990981,
            "score": 0.9508624438324395
        },
        "test": {
            "0": {
                "precision": 0.9594771241830066,
                "recall": 0.9336046807428136,
                "f1-score": 0.9463641052088706,
                "support": 7862.0
            },
            "1": {
                "precision": 0.9382175405373417,
                "recall": 0.962364938691271,
                "f1-score": 0.9501378401054776,
                "support": 8237.0
            },
            "accuracy": 0.9483197714143735,
            "macro avg": {
                "precision": 0.9488473323601742,
                "recall": 0.9479848097170422,
                "f1-score": 0.9482509726571742,
                "support": 16099.0
            },
            "weighted avg": {
                "precision": 0.9485997286622077,
                "recall": 0.9483197714143735,
                "f1-score": 0.9482949241630512,
                "support": 16099.0
            },
            "cross-entropy": 0.14324861283234505,
            "roc-auc": 0.9868661091333083,
            "score": 0.9483197714143735
        }
    },
    "time": "0:00:41.948013",
    "chunk_size": null,
    "eval_batch_size": 32768
}