{
    "function": "_bin.model.main",
    "gpus": [
        "NVIDIA A100-SXM4-40GB"
    ],
    "config": {
        "seed": 8,
        "batch_size": 512,
        "patience": 16,
        "n_epochs": -1,
        "gradient_clipping_norm": 1.0,
        "amp": true,
        "data": {
            "cache": true,
            "path": "data/classif-num-large-0-jannis",
            "num_policy": "noisy-quantile"
        },
        "optimizer": {
            "type": "AdamW",
            "lr": 0.004157352859011471,
            "weight_decay": 0.0002876199545467971
        },
        "model": {
            "arch_type": "tabm-mini",
            "k": 32,
            "backbone": {
                "type": "MLP",
                "n_blocks": 3,
                "d_block": 528,
                "dropout": 0.0
            },
            "num_embeddings": {
                "type": "PiecewiseLinearEmbeddings",
                "d_embedding": 12
            }
        },
        "bins": {
            "n_bins": 9
        }
    },
    "n_parameters": 963016,
    "prediction_type": "probs",
    "epoch_size": 79,
    "best_step": 1580,
    "metrics": {
        "train": {
            "0": {
                "precision": 0.9691529970081502,
                "recall": 0.9312515489467162,
                "f1-score": 0.9498243219332171,
                "support": 20175.0
            },
            "1": {
                "precision": 0.933699808795411,
                "recall": 0.9702945705628135,
                "f1-score": 0.9516455141165867,
                "support": 20131.0
            },
            "accuracy": 0.9507517491192379,
            "macro avg": {
                "precision": 0.9514264029017806,
                "recall": 0.9507730597547649,
                "f1-score": 0.9507349180249018,
                "support": 40306.0
            },
            "weighted avg": {
                "precision": 0.9514457541184898,
                "recall": 0.9507517491192379,
                "f1-score": 0.9507339239736929,
                "support": 40306.0
            },
            "cross-entropy": 0.1915608464357867,
            "roc-auc": 0.9909073806960937,
            "score": 0.9507517491192379
        },
        "val": {
            "0": {
                "precision": 0.8435490784397771,
                "recall": 0.7675507020280812,
                "f1-score": 0.8037574024913212,
                "support": 2564.0
            },
            "1": {
                "precision": 0.7908037908037908,
                "recall": 0.8605805958747135,
                "f1-score": 0.8242180354856411,
                "support": 2618.0
            },
            "accuracy": 0.8145503666538016,
            "macro avg": {
                "precision": 0.817176434621784,
                "recall": 0.8140656489513973,
                "f1-score": 0.8139877189884812,
                "support": 5182.0
            },
            "weighted avg": {
                "precision": 0.8169016135553672,
                "recall": 0.8145503666538016,
                "f1-score": 0.8140943259145418,
                "support": 5182.0
            },
            "cross-entropy": 0.4269705775645868,
            "roc-auc": 0.8854907194759907,
            "score": 0.8145503666538016
        },
        "test": {
            "0": {
                "precision": 0.8333632931871292,
                "recall": 0.7661543546521237,
                "f1-score": 0.7983468228000689,
                "support": 6051.0
            },
            "1": {
                "precision": 0.7832746209220401,
                "recall": 0.846548584671412,
                "f1-score": 0.8136833731105807,
                "support": 6041.0
            },
            "accuracy": 0.8063182269268938,
            "macro avg": {
                "precision": 0.8083189570545847,
                "recall": 0.8063514696617679,
                "f1-score": 0.8060150979553248,
                "support": 12092.0
            },
            "weighted avg": {
                "precision": 0.8083396685465898,
                "recall": 0.8063182269268938,
                "f1-score": 0.806008756345041,
                "support": 12092.0
            },
            "cross-entropy": 0.43314104707935625,
            "roc-auc": 0.8827559136951318,
            "score": 0.8063182269268938
        }
    },
    "time": "0:00:16.731228",
    "chunk_size": null,
    "eval_batch_size": 32768
}