{
    "function": "_bin.model.main",
    "gpus": [
        "NVIDIA A100-SXM4-40GB"
    ],
    "config": {
        "seed": 9,
        "batch_size": 512,
        "patience": 16,
        "n_epochs": -1,
        "gradient_clipping_norm": 1.0,
        "amp": true,
        "data": {
            "cache": true,
            "path": "data/classif-num-large-0-jannis",
            "num_policy": "noisy-quantile"
        },
        "optimizer": {
            "type": "AdamW",
            "lr": 0.004157352859011471,
            "weight_decay": 0.0002876199545467971
        },
        "model": {
            "arch_type": "tabm-mini",
            "k": 32,
            "backbone": {
                "type": "MLP",
                "n_blocks": 3,
                "d_block": 528,
                "dropout": 0.0
            },
            "num_embeddings": {
                "type": "PiecewiseLinearEmbeddings",
                "d_embedding": 12
            }
        },
        "bins": {
            "n_bins": 9
        }
    },
    "n_parameters": 963016,
    "prediction_type": "probs",
    "epoch_size": 79,
    "best_step": 711,
    "metrics": {
        "train": {
            "0": {
                "precision": 0.8653765250315524,
                "recall": 0.8156629491945477,
                "f1-score": 0.839784644433671,
                "support": 20175.0
            },
            "1": {
                "precision": 0.8253170502583372,
                "recall": 0.8728329442153892,
                "f1-score": 0.8484102266966032,
                "support": 20131.0
            },
            "accuracy": 0.8442167419242793,
            "macro avg": {
                "precision": 0.8453467876449448,
                "recall": 0.8442479467049684,
                "f1-score": 0.844097435565137,
                "support": 40306.0
            },
            "weighted avg": {
                "precision": 0.8453686530854502,
                "recall": 0.8442167419242793,
                "f1-score": 0.8440927275115028,
                "support": 40306.0
            },
            "cross-entropy": 0.3608189348585893,
            "roc-auc": 0.9204482239842046,
            "score": 0.8442167419242793
        },
        "val": {
            "0": {
                "precision": 0.8318068276436303,
                "recall": 0.7792511700468019,
                "f1-score": 0.8046717680225534,
                "support": 2564.0
            },
            "1": {
                "precision": 0.7964028776978417,
                "recall": 0.8456837280366692,
                "f1-score": 0.8203038162282327,
                "support": 2618.0
            },
            "accuracy": 0.8128135854882285,
            "macro avg": {
                "precision": 0.814104852670736,
                "recall": 0.8124674490417356,
                "f1-score": 0.812487792125393,
                "support": 5182.0
            },
            "weighted avg": {
                "precision": 0.8139203859303777,
                "recall": 0.8128135854882285,
                "f1-score": 0.8125692404661019,
                "support": 5182.0
            },
            "cross-entropy": 0.4257965562166238,
            "roc-auc": 0.8834945338226058,
            "score": 0.8128135854882285
        },
        "test": {
            "0": {
                "precision": 0.8214971209213052,
                "recall": 0.7780532143447364,
                "f1-score": 0.7991851977592939,
                "support": 6051.0
            },
            "1": {
                "precision": 0.7888696745794687,
                "recall": 0.8306571759642444,
                "f1-score": 0.8092243186582809,
                "support": 6041.0
            },
            "accuracy": 0.8043334435990738,
            "macro avg": {
                "precision": 0.8051833977503869,
                "recall": 0.8043551951544904,
                "f1-score": 0.8042047582087875,
                "support": 12092.0
            },
            "weighted avg": {
                "precision": 0.8051968890861221,
                "recall": 0.8043334435990738,
                "f1-score": 0.8042006070671652,
                "support": 12092.0
            },
            "cross-entropy": 0.43132072183452386,
            "roc-auc": 0.881022756112305,
            "score": 0.8043334435990738
        }
    },
    "time": "0:00:12.494443",
    "chunk_size": null,
    "eval_batch_size": 32768
}