{
    "function": "_bin.model.main",
    "gpus": [
        "Tesla V100-PCIE-16GB"
    ],
    "config": {
        "seed": 0,
        "batch_size": 512,
        "patience": 16,
        "n_epochs": -1,
        "gradient_clipping_norm": 1.0,
        "amp": true,
        "data": {
            "cache": true,
            "path": "data/classif-num-large-0-MiniBooNE",
            "num_policy": "noisy-quantile"
        },
        "optimizer": {
            "type": "AdamW",
            "lr": 0.00026099266313791,
            "weight_decay": 0.019897366041434994
        },
        "model": {
            "arch_type": "plain",
            "backbone": {
                "type": "MLP",
                "n_blocks": 2,
                "d_block": 560,
                "dropout": 0.38594681331216396
            },
            "num_embeddings": {
                "type": "PiecewiseLinearEmbeddings",
                "d_embedding": 8
            }
        },
        "bins": {
            "n_bins": 13
        }
    },
    "n_parameters": 545842,
    "prediction_type": "probs",
    "epoch_size": 98,
    "best_step": 3822,
    "metrics": {
        "train": {
            "0": {
                "precision": 0.9825597978892465,
                "recall": 0.9599506349775071,
                "f1-score": 0.9711236407571486,
                "support": 25119.0
            },
            "1": {
                "precision": 0.9604854864684395,
                "recall": 0.9827981190466621,
                "f1-score": 0.9715137067938021,
                "support": 24881.0
            },
            "accuracy": 0.97132,
            "macro avg": {
                "precision": 0.971522642178843,
                "recall": 0.9713743770120846,
                "f1-score": 0.9713186737754753,
                "support": 50000.0
            },
            "weighted avg": {
                "precision": 0.9715751790400246,
                "recall": 0.97132,
                "f1-score": 0.9713177454183082,
                "support": 50000.0
            },
            "cross-entropy": 0.08048142652519932,
            "roc-auc": 0.99562389044786,
            "score": 0.97132
        },
        "val": {
            "0": {
                "precision": 0.9657694558221182,
                "recall": 0.9383172256964184,
                "f1-score": 0.951845444059977,
                "support": 3518.0
            },
            "1": {
                "precision": 0.9376615914966964,
                "recall": 0.9653948535936113,
                "f1-score": 0.9513261439813465,
                "support": 3381.0
            },
            "accuracy": 0.9515871865487752,
            "macro avg": {
                "precision": 0.9517155236594073,
                "recall": 0.9518560396450149,
                "f1-score": 0.9515857940206618,
                "support": 6899.0
            },
            "weighted avg": {
                "precision": 0.9519946059476072,
                "recall": 0.9515871865487752,
                "f1-score": 0.951590950138271,
                "support": 6899.0
            },
            "cross-entropy": 0.13985215815566376,
            "roc-auc": 0.9868125711366683,
            "score": 0.9515871865487752
        },
        "test": {
            "0": {
                "precision": 0.9537325038880249,
                "recall": 0.9360213686084966,
                "f1-score": 0.9447939401720374,
                "support": 7862.0
            },
            "1": {
                "precision": 0.9399976142192532,
                "recall": 0.9566589777831734,
                "f1-score": 0.9482551143200962,
                "support": 8237.0
            },
            "accuracy": 0.9465805329523573,
            "macro avg": {
                "precision": 0.946865059053639,
                "recall": 0.946340173195835,
                "f1-score": 0.9465245272460668,
                "support": 16099.0
            },
            "weighted avg": {
                "precision": 0.9467050931046426,
                "recall": 0.9465805329523573,
                "f1-score": 0.946564838455009,
                "support": 16099.0
            },
            "cross-entropy": 0.1477697846149198,
            "roc-auc": 0.9868295738369229,
            "score": 0.9465805329523573
        }
    },
    "time": "0:00:48.556772",
    "chunk_size": null,
    "eval_batch_size": 32768
}