{
    "function": "_bin.model.main",
    "gpus": [
        "NVIDIA A100-SXM4-40GB"
    ],
    "config": {
        "seed": 14,
        "batch_size": 512,
        "patience": 16,
        "n_epochs": -1,
        "gradient_clipping_norm": 1.0,
        "amp": true,
        "data": {
            "cache": true,
            "path": "data/regression-cat-large-0-nyc-taxi-green-dec-2016",
            "num_policy": "noisy-quantile",
            "cat_policy": "ordinal"
        },
        "optimizer": {
            "type": "AdamW",
            "lr": 0.00012045339381143615,
            "weight_decay": 0.00028593738845718775
        },
        "model": {
            "arch_type": "tabm-mini",
            "k": 32,
            "backbone": {
                "type": "MLP",
                "n_blocks": 4,
                "d_block": 928,
                "dropout": 0.23456710406401882
            },
            "num_embeddings": {
                "type": "PiecewiseLinearEmbeddings",
                "d_embedding": 32
            }
        },
        "bins": {
            "n_bins": 122
        }
    },
    "n_parameters": 2943104,
    "prediction_type": "labels",
    "epoch_size": 98,
    "best_step": 18816,
    "metrics": {
        "train": {
            "rmse": 0.3438675094372448,
            "mae": 0.20115652680397034,
            "r2": 0.6664370894432068,
            "score": -0.3438675094372448
        },
        "val": {
            "rmse": 0.3550534389798819,
            "mae": 0.20770908892154694,
            "r2": 0.6473761200904846,
            "score": -0.3550534389798819
        },
        "test": {
            "rmse": 0.3552547691100263,
            "mae": 0.20693480968475342,
            "r2": 0.6455675363540649,
            "score": -0.3552547691100263
        }
    },
    "time": "0:02:54.916733",
    "chunk_size": null,
    "eval_batch_size": 32768
}