{
    "function": "_bin.model.main",
    "gpus": [
        "Tesla V100-PCIE-16GB"
    ],
    "config": {
        "seed": 12,
        "batch_size": 512,
        "patience": 16,
        "n_epochs": -1,
        "gradient_clipping_norm": 1.0,
        "amp": true,
        "data": {
            "cache": true,
            "path": "data/regression-num-large-0-year",
            "num_policy": "noisy-quantile"
        },
        "optimizer": {
            "type": "AdamW",
            "lr": 0.00028688680660058686,
            "weight_decay": 0.0002579640930923944
        },
        "model": {
            "arch_type": "plain",
            "backbone": {
                "type": "MLP",
                "n_blocks": 5,
                "d_block": 768,
                "dropout": 0.4767450471892426
            },
            "num_embeddings": {
                "type": "PiecewiseLinearEmbeddings",
                "d_embedding": 20
            }
        },
        "bins": {
            "n_bins": 17
        }
    },
    "n_parameters": 3780505,
    "prediction_type": "labels",
    "epoch_size": 98,
    "best_step": 686,
    "metrics": {
        "train": {
            "rmse": 8.379967881462072,
            "mae": 5.856311321258545,
            "r2": 0.41869354248046875,
            "score": -8.379967881462072
        },
        "val": {
            "rmse": 8.841076558009767,
            "mae": 6.151037693023682,
            "r2": 0.3228722810745239,
            "score": -8.841076558009767
        },
        "test": {
            "rmse": 8.914634639422669,
            "mae": 6.162497043609619,
            "r2": 0.3308280110359192,
            "score": -8.914634639422669
        }
    },
    "time": "0:00:29.849050",
    "chunk_size": null,
    "eval_batch_size": 32768
}