{
    "function": "_bin.model.main",
    "gpus": [
        "Tesla V100-PCIE-16GB"
    ],
    "config": {
        "seed": 13,
        "batch_size": 512,
        "patience": 16,
        "n_epochs": -1,
        "gradient_clipping_norm": 1.0,
        "amp": true,
        "data": {
            "cache": true,
            "path": "data/regression-num-large-0-year",
            "num_policy": "noisy-quantile"
        },
        "optimizer": {
            "type": "AdamW",
            "lr": 0.00028688680660058686,
            "weight_decay": 0.0002579640930923944
        },
        "model": {
            "arch_type": "plain",
            "backbone": {
                "type": "MLP",
                "n_blocks": 5,
                "d_block": 768,
                "dropout": 0.4767450471892426
            },
            "num_embeddings": {
                "type": "PiecewiseLinearEmbeddings",
                "d_embedding": 20
            }
        },
        "bins": {
            "n_bins": 17
        }
    },
    "n_parameters": 3780505,
    "prediction_type": "labels",
    "epoch_size": 98,
    "best_step": 490,
    "metrics": {
        "train": {
            "rmse": 8.62259364076436,
            "mae": 5.952056884765625,
            "r2": 0.38454508781433105,
            "score": -8.62259364076436
        },
        "val": {
            "rmse": 8.883387081515647,
            "mae": 6.152760982513428,
            "r2": 0.316375732421875,
            "score": -8.883387081515647
        },
        "test": {
            "rmse": 8.965797709320299,
            "mae": 6.1562628746032715,
            "r2": 0.3231249451637268,
            "score": -8.965797709320299
        }
    },
    "time": "0:00:26.619509",
    "chunk_size": null,
    "eval_batch_size": 32768
}