{
    "function": "_bin.model.main",
    "gpus": [
        "Tesla V100-PCIE-16GB"
    ],
    "config": {
        "seed": 7,
        "batch_size": 512,
        "patience": 16,
        "n_epochs": -1,
        "gradient_clipping_norm": 1.0,
        "amp": true,
        "data": {
            "cache": true,
            "path": "data/regression-cat-large-0-nyc-taxi-green-dec-2016",
            "num_policy": "noisy-quantile",
            "cat_policy": "ordinal"
        },
        "optimizer": {
            "type": "AdamW",
            "lr": 0.0002726699238570058,
            "weight_decay": 0.002005501913039345
        },
        "model": {
            "arch_type": "plain",
            "backbone": {
                "type": "MLP",
                "n_blocks": 3,
                "d_block": 240,
                "dropout": 0.2588303575526417
            },
            "num_embeddings": {
                "type": "PiecewiseLinearEmbeddings",
                "d_embedding": 20
            }
        },
        "bins": {
            "n_bins": 122
        }
    },
    "n_parameters": 183541,
    "prediction_type": "labels",
    "epoch_size": 98,
    "best_step": 5782,
    "metrics": {
        "train": {
            "rmse": 0.3516051902282943,
            "mae": 0.21622955799102783,
            "r2": 0.6512565612792969,
            "score": -0.3516051902282943
        },
        "val": {
            "rmse": 0.36618998149676246,
            "mae": 0.22394689917564392,
            "r2": 0.6249085068702698,
            "score": -0.36618998149676246
        },
        "test": {
            "rmse": 0.36740288606080146,
            "mae": 0.22427064180374146,
            "r2": 0.6209131479263306,
            "score": -0.36740288606080146
        }
    },
    "time": "0:01:19.233288",
    "chunk_size": null,
    "eval_batch_size": 32768
}