{
    "function": "_bin.model.main",
    "gpus": [
        "Tesla V100-PCIE-16GB"
    ],
    "config": {
        "seed": 6,
        "batch_size": 512,
        "patience": 16,
        "n_epochs": -1,
        "gradient_clipping_norm": 1.0,
        "amp": true,
        "data": {
            "cache": true,
            "path": "data/classif-num-large-0-jannis",
            "num_policy": "noisy-quantile"
        },
        "optimizer": {
            "type": "AdamW",
            "lr": 3.442010718833056e-05,
            "weight_decay": 0.0
        },
        "model": {
            "arch_type": "plain",
            "backbone": {
                "type": "MLP",
                "n_blocks": 5,
                "d_block": 384,
                "dropout": 0.37805288910390616
            },
            "num_embeddings": {
                "type": "PiecewiseLinearEmbeddings",
                "d_embedding": 24
            }
        },
        "bins": {
            "n_bins": 45
        }
    },
    "n_parameters": 1151090,
    "prediction_type": "probs",
    "epoch_size": 79,
    "best_step": 3002,
    "metrics": {
        "train": {
            "0": {
                "precision": 0.86056315192131,
                "recall": 0.7892441140024783,
                "f1-score": 0.8233621179998966,
                "support": 20175.0
            },
            "1": {
                "precision": 0.8049809659221208,
                "recall": 0.8718394515920719,
                "f1-score": 0.8370773119664234,
                "support": 20131.0
            },
            "accuracy": 0.8304967002431399,
            "macro avg": {
                "precision": 0.8327720589217154,
                "recall": 0.8305417827972751,
                "f1-score": 0.83021971498316,
                "support": 40306.0
            },
            "weighted avg": {
                "precision": 0.8328023970374298,
                "recall": 0.8304967002431399,
                "f1-score": 0.8302122288950525,
                "support": 40306.0
            },
            "cross-entropy": 0.39192172025007194,
            "roc-auc": 0.9030243528186538,
            "score": 0.8304967002431399
        },
        "val": {
            "0": {
                "precision": 0.8310165073848828,
                "recall": 0.7460998439937597,
                "f1-score": 0.7862720920674064,
                "support": 2564.0
            },
            "1": {
                "precision": 0.7739583333333333,
                "recall": 0.8514132925897632,
                "f1-score": 0.8108403055656602,
                "support": 2618.0
            },
            "accuracy": 0.7993052875337707,
            "macro avg": {
                "precision": 0.802487420359108,
                "recall": 0.7987565682917614,
                "f1-score": 0.7985561988165333,
                "support": 5182.0
            },
            "weighted avg": {
                "precision": 0.8021901276730038,
                "recall": 0.7993052875337707,
                "f1-score": 0.79868420764796,
                "support": 5182.0
            },
            "cross-entropy": 0.4560581237893501,
            "roc-auc": 0.8665974580159677,
            "score": 0.7993052875337707
        },
        "test": {
            "0": {
                "precision": 0.8180173661360347,
                "recall": 0.7473144934721534,
                "f1-score": 0.7810691769582866,
                "support": 6051.0
            },
            "1": {
                "precision": 0.7670627666057283,
                "recall": 0.833471279589472,
                "f1-score": 0.7988893296310988,
                "support": 6041.0
            },
            "accuracy": 0.7903572609990076,
            "macro avg": {
                "precision": 0.7925400663708815,
                "recall": 0.7903928865308127,
                "f1-score": 0.7899792532946928,
                "support": 12092.0
            },
            "weighted avg": {
                "precision": 0.7925611359208031,
                "recall": 0.7903572609990076,
                "f1-score": 0.7899718847234585,
                "support": 12092.0
            },
            "cross-entropy": 0.4567252738292453,
            "roc-auc": 0.8673029511252242,
            "score": 0.7903572609990076
        }
    },
    "time": "0:00:55.454266",
    "chunk_size": null,
    "eval_batch_size": 32768
}