{
    "function": "_bin.model.main",
    "gpus": [
        "Tesla V100-PCIE-16GB"
    ],
    "config": {
        "seed": 14,
        "batch_size": 512,
        "patience": 16,
        "n_epochs": -1,
        "gradient_clipping_norm": 1.0,
        "amp": true,
        "data": {
            "cache": true,
            "path": "data/classif-cat-large-0-road-safety",
            "num_policy": "noisy-quantile",
            "cat_policy": "ordinal"
        },
        "optimizer": {
            "type": "AdamW",
            "lr": 0.0005171502514831313,
            "weight_decay": 0.00010235561337628236
        },
        "model": {
            "arch_type": "plain",
            "backbone": {
                "type": "MLP",
                "n_blocks": 2,
                "d_block": 496,
                "dropout": 0.4582376177559271
            },
            "num_embeddings": {
                "type": "PiecewiseLinearEmbeddings",
                "d_embedding": 20
            }
        },
        "bins": {
            "n_bins": 22
        }
    },
    "n_parameters": 552578,
    "prediction_type": "probs",
    "epoch_size": 98,
    "best_step": 2450,
    "metrics": {
        "train": {
            "0": {
                "precision": 0.8413346656818873,
                "recall": 0.7706542502387774,
                "f1-score": 0.8044449060130855,
                "support": 25128.0
            },
            "1": {
                "precision": 0.786421079939221,
                "recall": 0.8531682212930203,
                "f1-score": 0.818436023527143,
                "support": 24872.0
            },
            "accuracy": 0.8117,
            "macro avg": {
                "precision": 0.8138778728105541,
                "recall": 0.8119112357658989,
                "f1-score": 0.8114404647701142,
                "support": 50000.0
            },
            "weighted avg": {
                "precision": 0.8140184515900554,
                "recall": 0.8117,
                "f1-score": 0.8114046475092781,
                "support": 50000.0
            },
            "cross-entropy": 0.3682463331379831,
            "roc-auc": 0.909321017304876,
            "score": 0.8117
        },
        "val": {
            "0": {
                "precision": 0.8188121100069332,
                "recall": 0.7585099550417469,
                "f1-score": 0.7875083351855968,
                "support": 9342.0
            },
            "1": {
                "precision": 0.7715211667004254,
                "recall": 0.8293054648377967,
                "f1-score": 0.7993704092339979,
                "support": 9186.0
            },
            "accuracy": 0.7936096718480138,
            "macro avg": {
                "precision": 0.7951666383536793,
                "recall": 0.7939077099397718,
                "f1-score": 0.7934393722097974,
                "support": 18528.0
            },
            "weighted avg": {
                "precision": 0.7953657258740758,
                "recall": 0.7936096718480138,
                "f1-score": 0.7933894347218993,
                "support": 18528.0
            },
            "cross-entropy": 0.40465771013853097,
            "roc-auc": 0.8900040938937778,
            "score": 0.7936096718480138
        },
        "test": {
            "0": {
                "precision": 0.8113837591702504,
                "recall": 0.7490075194993228,
                "f1-score": 0.7789489022731688,
                "support": 21411.0
            },
            "1": {
                "precision": 0.771017086369253,
                "recall": 0.8291710580580122,
                "f1-score": 0.7990373575907445,
                "support": 21823.0
            },
            "accuracy": 0.7894712494795763,
            "macro avg": {
                "precision": 0.7912004227697518,
                "recall": 0.7890892887786675,
                "f1-score": 0.7889931299319566,
                "support": 43234.0
            },
            "weighted avg": {
                "precision": 0.7910080849199805,
                "recall": 0.7894712494795763,
                "f1-score": 0.78908884677045,
                "support": 43234.0
            },
            "cross-entropy": 0.41117390977131685,
            "roc-auc": 0.8861758297396588,
            "score": 0.7894712494795763
        }
    },
    "time": "0:00:37.675612",
    "chunk_size": null,
    "eval_batch_size": 32768
}