{
    "function": "_bin.model.main",
    "gpus": [
        "NVIDIA A100-SXM4-40GB"
    ],
    "config": {
        "seed": 6,
        "batch_size": 512,
        "patience": 16,
        "n_epochs": -1,
        "gradient_clipping_norm": 1.0,
        "amp": true,
        "data": {
            "cache": true,
            "path": "data/regression-cat-large-0-particulate-matter-ukair-2017",
            "num_policy": "noisy-quantile",
            "cat_policy": "ordinal"
        },
        "optimizer": {
            "type": "AdamW",
            "lr": 0.0006270838221461209,
            "weight_decay": 0.0
        },
        "model": {
            "arch_type": "tabm-mini",
            "k": 32,
            "backbone": {
                "type": "MLP",
                "n_blocks": 3,
                "d_block": 944,
                "dropout": 0.28165809461236535
            },
            "num_embeddings": {
                "type": "PiecewiseLinearEmbeddings",
                "d_embedding": 32
            }
        },
        "bins": {
            "n_bins": 74
        }
    },
    "n_parameters": 1938784,
    "prediction_type": "labels",
    "epoch_size": 98,
    "best_step": 5880,
    "metrics": {
        "train": {
            "rmse": 0.32502408717833947,
            "mae": 0.22715482115745544,
            "r2": 0.7729817628860474,
            "score": -0.32502408717833947
        },
        "val": {
            "rmse": 0.363518873044852,
            "mae": 0.25029256939888,
            "r2": 0.7129689455032349,
            "score": -0.363518873044852
        },
        "test": {
            "rmse": 0.36060394711584826,
            "mae": 0.2482897788286209,
            "r2": 0.7184451818466187,
            "score": -0.36060394711584826
        }
    },
    "time": "0:00:51.786420",
    "chunk_size": null,
    "eval_batch_size": 32768
}