{
    "function": "_bin.model.main",
    "gpus": [
        "NVIDIA A100-SXM4-40GB"
    ],
    "config": {
        "seed": 8,
        "batch_size": 512,
        "patience": 16,
        "n_epochs": -1,
        "gradient_clipping_norm": 1.0,
        "amp": true,
        "data": {
            "cache": true,
            "path": "data/regression-cat-large-0-nyc-taxi-green-dec-2016",
            "num_policy": "noisy-quantile",
            "cat_policy": "ordinal"
        },
        "optimizer": {
            "type": "AdamW",
            "lr": 0.00012045339381143615,
            "weight_decay": 0.00028593738845718775
        },
        "model": {
            "arch_type": "tabm-mini",
            "k": 32,
            "backbone": {
                "type": "MLP",
                "n_blocks": 4,
                "d_block": 928,
                "dropout": 0.23456710406401882
            },
            "num_embeddings": {
                "type": "PiecewiseLinearEmbeddings",
                "d_embedding": 32
            }
        },
        "bins": {
            "n_bins": 122
        }
    },
    "n_parameters": 2943104,
    "prediction_type": "labels",
    "epoch_size": 98,
    "best_step": 29596,
    "metrics": {
        "train": {
            "rmse": 0.31506189215112795,
            "mae": 0.1786375790834427,
            "r2": 0.7199811935424805,
            "score": -0.31506189215112795
        },
        "val": {
            "rmse": 0.34720333471850245,
            "mae": 0.19470356404781342,
            "r2": 0.6627964973449707,
            "score": -0.34720333471850245
        },
        "test": {
            "rmse": 0.34708104071407575,
            "mae": 0.193808913230896,
            "r2": 0.6616895198822021,
            "score": -0.34708104071407575
        }
    },
    "time": "0:04:22.412177",
    "chunk_size": null,
    "eval_batch_size": 32768
}