{
    "function": "_bin.model.main",
    "gpus": [
        "NVIDIA A100-SXM4-40GB"
    ],
    "config": {
        "seed": 12,
        "batch_size": 512,
        "patience": 16,
        "n_epochs": -1,
        "gradient_clipping_norm": 1.0,
        "amp": true,
        "data": {
            "cache": true,
            "path": "data/classif-cat-large-0-road-safety",
            "num_policy": "noisy-quantile",
            "cat_policy": "ordinal"
        },
        "optimizer": {
            "type": "AdamW",
            "lr": 0.0014163501429175726,
            "weight_decay": 0.0
        },
        "model": {
            "arch_type": "tabm-mini",
            "k": 32,
            "backbone": {
                "type": "MLP",
                "n_blocks": 3,
                "d_block": 992,
                "dropout": 0.2766285061331004
            },
            "num_embeddings": {
                "type": "PiecewiseLinearEmbeddings",
                "d_embedding": 32
            }
        },
        "bins": {
            "n_bins": 41
        }
    },
    "n_parameters": 3030976,
    "prediction_type": "probs",
    "epoch_size": 98,
    "best_step": 8232,
    "metrics": {
        "train": {
            "0": {
                "precision": 0.9948745067729732,
                "recall": 0.9732967207895574,
                "f1-score": 0.9839673311741868,
                "support": 25128.0
            },
            "1": {
                "precision": 0.9736003462249675,
                "recall": 0.9949340623994853,
                "f1-score": 0.9841516037304381,
                "support": 24872.0
            },
            "accuracy": 0.98406,
            "macro avg": {
                "precision": 0.9842374264989704,
                "recall": 0.9841153915945213,
                "f1-score": 0.9840594674523124,
                "support": 50000.0
            },
            "weighted avg": {
                "precision": 0.9842918883499733,
                "recall": 0.98406,
                "f1-score": 0.9840589957145685,
                "support": 50000.0
            },
            "cross-entropy": 0.13715366745172067,
            "roc-auc": 0.9994353323975776,
            "score": 0.98406
        },
        "val": {
            "0": {
                "precision": 0.8362099330750264,
                "recall": 0.7623635195889531,
                "f1-score": 0.7975810515706366,
                "support": 9342.0
            },
            "1": {
                "precision": 0.7782439316751574,
                "recall": 0.8481384715871979,
                "f1-score": 0.811689326457259,
                "support": 9186.0
            },
            "accuracy": 0.804889896373057,
            "macro avg": {
                "precision": 0.8072269323750919,
                "recall": 0.8052509955880756,
                "f1-score": 0.8046351890139478,
                "support": 18528.0
            },
            "weighted avg": {
                "precision": 0.8074709602307261,
                "recall": 0.804889896373057,
                "f1-score": 0.8045757953696712,
                "support": 18528.0
            },
            "cross-entropy": 0.3947054813682426,
            "roc-auc": 0.9009924849105544,
            "score": 0.804889896373057
        },
        "test": {
            "0": {
                "precision": 0.8266317465208237,
                "recall": 0.7518098173835879,
                "f1-score": 0.787447412190588,
                "support": 21411.0
            },
            "1": {
                "precision": 0.7763562139640587,
                "recall": 0.8453008294001741,
                "f1-score": 0.8093629343629344,
                "support": 21823.0
            },
            "accuracy": 0.7990007864180969,
            "macro avg": {
                "precision": 0.8014939802424412,
                "recall": 0.798555323391881,
                "f1-score": 0.7984051732767612,
                "support": 43234.0
            },
            "weighted avg": {
                "precision": 0.8012544289701395,
                "recall": 0.7990007864180969,
                "f1-score": 0.7985095956657955,
                "support": 43234.0
            },
            "cross-entropy": 0.4041720214770831,
            "roc-auc": 0.8961709137012979,
            "score": 0.7990007864180969
        }
    },
    "time": "0:01:24.168696",
    "chunk_size": null,
    "eval_batch_size": 32768
}