{
    "function": "_bin.model.main",
    "gpus": [
        "Tesla V100-PCIE-16GB"
    ],
    "config": {
        "seed": 7,
        "batch_size": 512,
        "patience": 16,
        "n_epochs": -1,
        "gradient_clipping_norm": 1.0,
        "amp": true,
        "data": {
            "cache": true,
            "path": "data/regression-cat-large-0-particulate-matter-ukair-2017",
            "num_policy": "noisy-quantile",
            "cat_policy": "ordinal"
        },
        "optimizer": {
            "type": "AdamW",
            "lr": 6.889031839851212e-05,
            "weight_decay": 0.0
        },
        "model": {
            "arch_type": "plain",
            "backbone": {
                "type": "MLP",
                "n_blocks": 1,
                "d_block": 272,
                "dropout": 0.30553863189595615
            },
            "num_embeddings": {
                "type": "PiecewiseLinearEmbeddings",
                "d_embedding": 32
            }
        },
        "bins": {
            "n_bins": 42
        }
    },
    "n_parameters": 37137,
    "prediction_type": "labels",
    "epoch_size": 98,
    "best_step": 53802,
    "metrics": {
        "train": {
            "rmse": 0.35296169108458103,
            "mae": 0.2432534247636795,
            "r2": 0.732277512550354,
            "score": -0.35296169108458103
        },
        "val": {
            "rmse": 0.3700338385547565,
            "mae": 0.2551986575126648,
            "r2": 0.7025884389877319,
            "score": -0.3700338385547565
        },
        "test": {
            "rmse": 0.3647721982140217,
            "mae": 0.2517358362674713,
            "r2": 0.7118985652923584,
            "score": -0.3647721982140217
        }
    },
    "time": "0:07:08.349235",
    "chunk_size": null,
    "eval_batch_size": 32768
}