{
    "function": "_bin.model.main",
    "gpus": [
        "NVIDIA A100-SXM4-40GB"
    ],
    "config": {
        "seed": 12,
        "batch_size": 512,
        "patience": 16,
        "n_epochs": -1,
        "gradient_clipping_norm": 1.0,
        "amp": true,
        "data": {
            "cache": true,
            "path": "data/regression-num-large-0-year",
            "num_policy": "noisy-quantile"
        },
        "optimizer": {
            "type": "AdamW",
            "lr": 0.0029232454363218546,
            "weight_decay": 0.0
        },
        "model": {
            "arch_type": "tabm-mini",
            "k": 32,
            "backbone": {
                "type": "MLP",
                "n_blocks": 3,
                "d_block": 640,
                "dropout": 0.31823104942087554
            },
            "num_embeddings": {
                "type": "PiecewiseLinearEmbeddings",
                "d_embedding": 20
            }
        },
        "bins": {
            "n_bins": 2
        }
    },
    "n_parameters": 2058432,
    "prediction_type": "labels",
    "epoch_size": 98,
    "best_step": 4214,
    "metrics": {
        "train": {
            "rmse": 6.842926393881501,
            "mae": 5.0558600425720215,
            "r2": 0.6123818159103394,
            "score": -6.842926393881501
        },
        "val": {
            "rmse": 8.779757226876528,
            "mae": 6.0676164627075195,
            "r2": 0.33223241567611694,
            "score": -8.779757226876528
        },
        "test": {
            "rmse": 8.886157691766966,
            "mae": 6.08659553527832,
            "r2": 0.33509641885757446,
            "score": -8.886157691766966
        }
    },
    "time": "0:00:35.207181",
    "chunk_size": null,
    "eval_batch_size": 32768
}