{
    "function": "_bin.model.main",
    "gpus": [
        "Tesla V100-PCIE-16GB"
    ],
    "config": {
        "seed": 7,
        "batch_size": 512,
        "patience": 16,
        "n_epochs": -1,
        "gradient_clipping_norm": 1.0,
        "amp": true,
        "data": {
            "cache": true,
            "path": "data/regression-num-large-0-year",
            "num_policy": "noisy-quantile"
        },
        "optimizer": {
            "type": "AdamW",
            "lr": 0.00028688680660058686,
            "weight_decay": 0.0002579640930923944
        },
        "model": {
            "arch_type": "plain",
            "backbone": {
                "type": "MLP",
                "n_blocks": 5,
                "d_block": 768,
                "dropout": 0.4767450471892426
            },
            "num_embeddings": {
                "type": "PiecewiseLinearEmbeddings",
                "d_embedding": 20
            }
        },
        "bins": {
            "n_bins": 17
        }
    },
    "n_parameters": 3780505,
    "prediction_type": "labels",
    "epoch_size": 98,
    "best_step": 882,
    "metrics": {
        "train": {
            "rmse": 8.218924052785086,
            "mae": 5.71339750289917,
            "r2": 0.44082164764404297,
            "score": -8.218924052785086
        },
        "val": {
            "rmse": 8.868904276951605,
            "mae": 6.120253562927246,
            "r2": 0.31860291957855225,
            "score": -8.868904276951605
        },
        "test": {
            "rmse": 8.94734684495716,
            "mae": 6.121552467346191,
            "r2": 0.32590800523757935,
            "score": -8.94734684495716
        }
    },
    "time": "0:00:31.963926",
    "chunk_size": null,
    "eval_batch_size": 32768
}