{
    "function": "_bin.model.main",
    "gpus": [
        "Tesla V100-PCIE-16GB"
    ],
    "config": {
        "seed": 13,
        "batch_size": 512,
        "patience": 16,
        "n_epochs": -1,
        "gradient_clipping_norm": 1.0,
        "amp": true,
        "data": {
            "cache": true,
            "path": "data/regression-cat-large-0-particulate-matter-ukair-2017",
            "num_policy": "noisy-quantile",
            "cat_policy": "ordinal"
        },
        "optimizer": {
            "type": "AdamW",
            "lr": 6.889031839851212e-05,
            "weight_decay": 0.0
        },
        "model": {
            "arch_type": "plain",
            "backbone": {
                "type": "MLP",
                "n_blocks": 1,
                "d_block": 272,
                "dropout": 0.30553863189595615
            },
            "num_embeddings": {
                "type": "PiecewiseLinearEmbeddings",
                "d_embedding": 32
            }
        },
        "bins": {
            "n_bins": 42
        }
    },
    "n_parameters": 37137,
    "prediction_type": "labels",
    "epoch_size": 98,
    "best_step": 55566,
    "metrics": {
        "train": {
            "rmse": 0.35376778982472357,
            "mae": 0.24343132972717285,
            "r2": 0.7310532927513123,
            "score": -0.35376778982472357
        },
        "val": {
            "rmse": 0.3694397254493477,
            "mae": 0.25452977418899536,
            "r2": 0.7035427093505859,
            "score": -0.3694397254493477
        },
        "test": {
            "rmse": 0.3647208862582051,
            "mae": 0.25149276852607727,
            "r2": 0.7119795680046082,
            "score": -0.3647208862582051
        }
    },
    "time": "0:07:29.671319",
    "chunk_size": null,
    "eval_batch_size": 32768
}