{
    "function": "_bin.model.main",
    "gpus": [
        "NVIDIA A100-SXM4-40GB"
    ],
    "config": {
        "seed": 0,
        "batch_size": 512,
        "patience": 16,
        "n_epochs": -1,
        "gradient_clipping_norm": 1.0,
        "amp": true,
        "data": {
            "cache": true,
            "path": "data/classif-num-large-0-MiniBooNE",
            "num_policy": "noisy-quantile"
        },
        "optimizer": {
            "type": "AdamW",
            "lr": 0.0036908332048455257,
            "weight_decay": 0.005798060111967995
        },
        "model": {
            "arch_type": "tabm-mini",
            "k": 32,
            "backbone": {
                "type": "MLP",
                "n_blocks": 3,
                "d_block": 480,
                "dropout": 0.10621825071291778
            },
            "num_embeddings": {
                "type": "PiecewiseLinearEmbeddings",
                "d_embedding": 24
            }
        },
        "bins": {
            "n_bins": 2
        }
    },
    "n_parameters": 1112224,
    "prediction_type": "probs",
    "epoch_size": 98,
    "best_step": 3430,
    "metrics": {
        "train": {
            "0": {
                "precision": 0.9919292381689968,
                "recall": 0.9687885664238226,
                "f1-score": 0.9802223475388705,
                "support": 25119.0
            },
            "1": {
                "precision": 0.9692150626300703,
                "recall": 0.9920421204935493,
                "f1-score": 0.980495749582903,
                "support": 24881.0
            },
            "accuracy": 0.98036,
            "macro avg": {
                "precision": 0.9805721503995335,
                "recall": 0.980415343458686,
                "f1-score": 0.9803590485608867,
                "support": 50000.0
            },
            "weighted avg": {
                "precision": 0.9806262101373162,
                "recall": 0.98036,
                "f1-score": 0.980358397864022,
                "support": 50000.0
            },
            "cross-entropy": 0.06181577362491371,
            "roc-auc": 0.9980903895328098,
            "score": 0.98036
        },
        "val": {
            "0": {
                "precision": 0.9683377308707124,
                "recall": 0.9388857305287095,
                "f1-score": 0.9533843267426757,
                "support": 3518.0
            },
            "1": {
                "precision": 0.9383600917431193,
                "recall": 0.9680567879325643,
                "f1-score": 0.9529771436890377,
                "support": 3381.0
            },
            "accuracy": 0.9531816205247138,
            "macro avg": {
                "precision": 0.9533489113069158,
                "recall": 0.9534712592306369,
                "f1-score": 0.9531807352158568,
                "support": 6899.0
            },
            "weighted avg": {
                "precision": 0.9536465585427818,
                "recall": 0.9531816205247138,
                "f1-score": 0.9531847781263038,
                "support": 6899.0
            },
            "cross-entropy": 0.13096863883216903,
            "roc-auc": 0.9880952380952381,
            "score": 0.9531816205247138
        },
        "test": {
            "0": {
                "precision": 0.9584523500389509,
                "recall": 0.938946832866955,
                "f1-score": 0.9485993317913133,
                "support": 7862.0
            },
            "1": {
                "precision": 0.9428367274026438,
                "recall": 0.9611509044555057,
                "f1-score": 0.9519057352410725,
                "support": 8237.0
            },
            "accuracy": 0.9503074725138208,
            "macro avg": {
                "precision": 0.9506445387207973,
                "recall": 0.9500488686612303,
                "f1-score": 0.9502525335161929,
                "support": 16099.0
            },
            "weighted avg": {
                "precision": 0.9504626684652344,
                "recall": 0.9503074725138208,
                "f1-score": 0.9502910421593899,
                "support": 16099.0
            },
            "cross-entropy": 0.14039820607867723,
            "roc-auc": 0.9872669473512172,
            "score": 0.9503074725138208
        }
    },
    "time": "0:00:31.603066",
    "chunk_size": null,
    "eval_batch_size": 32768
}