{
    "function": "_bin.model.main",
    "gpus": [
        "NVIDIA A100-SXM4-40GB"
    ],
    "config": {
        "seed": 1,
        "batch_size": 512,
        "patience": 16,
        "n_epochs": -1,
        "gradient_clipping_norm": 1.0,
        "amp": true,
        "data": {
            "cache": true,
            "path": "data/classif-num-large-0-jannis",
            "num_policy": "noisy-quantile"
        },
        "optimizer": {
            "type": "AdamW",
            "lr": 0.004157352859011471,
            "weight_decay": 0.0002876199545467971
        },
        "model": {
            "arch_type": "tabm-mini",
            "k": 32,
            "backbone": {
                "type": "MLP",
                "n_blocks": 3,
                "d_block": 528,
                "dropout": 0.0
            },
            "num_embeddings": {
                "type": "PiecewiseLinearEmbeddings",
                "d_embedding": 12
            }
        },
        "bins": {
            "n_bins": 9
        }
    },
    "n_parameters": 963016,
    "prediction_type": "probs",
    "epoch_size": 79,
    "best_step": 1501,
    "metrics": {
        "train": {
            "0": {
                "precision": 0.9619615503238409,
                "recall": 0.9275836431226766,
                "f1-score": 0.9444598652501955,
                "support": 20175.0
            },
            "1": {
                "precision": 0.9299347784385191,
                "recall": 0.963240772937261,
                "f1-score": 0.9462948051631164,
                "support": 20131.0
            },
            "accuracy": 0.9453927454969483,
            "macro avg": {
                "precision": 0.94594816438118,
                "recall": 0.9454122080299687,
                "f1-score": 0.9453773352066559,
                "support": 40306.0
            },
            "weighted avg": {
                "precision": 0.9459656453761057,
                "recall": 0.9453927454969483,
                "f1-score": 0.9453763336516001,
                "support": 40306.0
            },
            "cross-entropy": 0.21365477375449074,
            "roc-auc": 0.9887199253809481,
            "score": 0.9453927454969483
        },
        "val": {
            "0": {
                "precision": 0.8336141533277169,
                "recall": 0.7718408736349454,
                "f1-score": 0.8015390846496557,
                "support": 2564.0
            },
            "1": {
                "precision": 0.7916666666666666,
                "recall": 0.8491214667685256,
                "f1-score": 0.8193881312200516,
                "support": 2618.0
            },
            "accuracy": 0.8108838286375917,
            "macro avg": {
                "precision": 0.8126404099971918,
                "recall": 0.8104811702017355,
                "f1-score": 0.8104636079348537,
                "support": 5182.0
            },
            "weighted avg": {
                "precision": 0.8124218491828635,
                "recall": 0.8108838286375917,
                "f1-score": 0.8105566075985744,
                "support": 5182.0
            },
            "cross-entropy": 0.4242017106872067,
            "roc-auc": 0.8848907241239993,
            "score": 0.8108838286375917
        },
        "test": {
            "0": {
                "precision": 0.8331851324915526,
                "recall": 0.7742521897207073,
                "f1-score": 0.8026383416138427,
                "support": 6051.0
            },
            "1": {
                "precision": 0.7888390786829494,
                "recall": 0.8447276940903824,
                "f1-score": 0.8158273381294964,
                "support": 6041.0
            },
            "accuracy": 0.8094608005292756,
            "macro avg": {
                "precision": 0.811012105587251,
                "recall": 0.8094899419055448,
                "f1-score": 0.8092328398716695,
                "support": 12092.0
            },
            "weighted avg": {
                "precision": 0.8110304425264706,
                "recall": 0.8094608005292756,
                "f1-score": 0.8092273862674205,
                "support": 12092.0
            },
            "cross-entropy": 0.4282373795892792,
            "roc-auc": 0.8835570141793431,
            "score": 0.8094608005292756
        }
    },
    "time": "0:00:19.644856",
    "chunk_size": null,
    "eval_batch_size": 32768
}