{
    "function": "_bin.model.main",
    "gpus": [
        "NVIDIA A100-SXM4-40GB"
    ],
    "config": {
        "seed": 3,
        "batch_size": 512,
        "patience": 16,
        "n_epochs": -1,
        "gradient_clipping_norm": 1.0,
        "amp": true,
        "data": {
            "cache": true,
            "path": "data/regression-num-large-0-year",
            "num_policy": "noisy-quantile"
        },
        "optimizer": {
            "type": "AdamW",
            "lr": 0.0029232454363218546,
            "weight_decay": 0.0
        },
        "model": {
            "arch_type": "tabm-mini",
            "k": 32,
            "backbone": {
                "type": "MLP",
                "n_blocks": 3,
                "d_block": 640,
                "dropout": 0.31823104942087554
            },
            "num_embeddings": {
                "type": "PiecewiseLinearEmbeddings",
                "d_embedding": 20
            }
        },
        "bins": {
            "n_bins": 2
        }
    },
    "n_parameters": 2058432,
    "prediction_type": "labels",
    "epoch_size": 98,
    "best_step": 2548,
    "metrics": {
        "train": {
            "rmse": 7.813573412586392,
            "mae": 5.56934928894043,
            "r2": 0.49461793899536133,
            "score": -7.813573412586392
        },
        "val": {
            "rmse": 8.788744351880696,
            "mae": 6.10466194152832,
            "r2": 0.33086466789245605,
            "score": -8.788744351880696
        },
        "test": {
            "rmse": 8.893665296696744,
            "mae": 6.118668556213379,
            "r2": 0.3339724540710449,
            "score": -8.893665296696744
        }
    },
    "time": "0:00:24.798959",
    "chunk_size": null,
    "eval_batch_size": 32768
}