{
    "function": "_bin.model.main",
    "gpus": [
        "NVIDIA A100-SXM4-40GB"
    ],
    "config": {
        "seed": 11,
        "batch_size": 512,
        "patience": 16,
        "n_epochs": -1,
        "gradient_clipping_norm": 1.0,
        "amp": true,
        "data": {
            "cache": true,
            "path": "data/regression-num-large-0-year",
            "num_policy": "noisy-quantile"
        },
        "optimizer": {
            "type": "AdamW",
            "lr": 0.0029232454363218546,
            "weight_decay": 0.0
        },
        "model": {
            "arch_type": "tabm-mini",
            "k": 32,
            "backbone": {
                "type": "MLP",
                "n_blocks": 3,
                "d_block": 640,
                "dropout": 0.31823104942087554
            },
            "num_embeddings": {
                "type": "PiecewiseLinearEmbeddings",
                "d_embedding": 20
            }
        },
        "bins": {
            "n_bins": 2
        }
    },
    "n_parameters": 2058432,
    "prediction_type": "labels",
    "epoch_size": 98,
    "best_step": 1862,
    "metrics": {
        "train": {
            "rmse": 8.065549288619371,
            "mae": 5.6453633308410645,
            "r2": 0.4614967703819275,
            "score": -8.065549288619371
        },
        "val": {
            "rmse": 8.79370884129938,
            "mae": 6.079409122467041,
            "r2": 0.33010852336883545,
            "score": -8.79370884129938
        },
        "test": {
            "rmse": 8.889931167318899,
            "mae": 6.092311859130859,
            "r2": 0.33453160524368286,
            "score": -8.889931167318899
        }
    },
    "time": "0:00:22.490040",
    "chunk_size": null,
    "eval_batch_size": 32768
}