{
    "function": "_bin.model.main",
    "gpus": [
        "Tesla V100-PCIE-16GB"
    ],
    "config": {
        "seed": 3,
        "batch_size": 512,
        "patience": 16,
        "n_epochs": -1,
        "gradient_clipping_norm": 1.0,
        "amp": true,
        "data": {
            "cache": true,
            "path": "data/classif-num-large-0-MiniBooNE",
            "num_policy": "noisy-quantile"
        },
        "optimizer": {
            "type": "AdamW",
            "lr": 0.00026099266313791,
            "weight_decay": 0.019897366041434994
        },
        "model": {
            "arch_type": "plain",
            "backbone": {
                "type": "MLP",
                "n_blocks": 2,
                "d_block": 560,
                "dropout": 0.38594681331216396
            },
            "num_embeddings": {
                "type": "PiecewiseLinearEmbeddings",
                "d_embedding": 8
            }
        },
        "bins": {
            "n_bins": 13
        }
    },
    "n_parameters": 545842,
    "prediction_type": "probs",
    "epoch_size": 98,
    "best_step": 2646,
    "metrics": {
        "train": {
            "0": {
                "precision": 0.9741866754076867,
                "recall": 0.946534495799992,
                "f1-score": 0.9601615345784957,
                "support": 25119.0
            },
            "1": {
                "precision": 0.9475267640853325,
                "recall": 0.9746794742976569,
                "f1-score": 0.960911342248638,
                "support": 24881.0
            },
            "accuracy": 0.96054,
            "macro avg": {
                "precision": 0.9608567197465097,
                "recall": 0.9606069850488245,
                "f1-score": 0.9605364384135668,
                "support": 50000.0
            },
            "weighted avg": {
                "precision": 0.9609201703354567,
                "recall": 0.96054,
                "f1-score": 0.9605346538713119,
                "support": 50000.0
            },
            "cross-entropy": 0.10538788311262035,
            "roc-auc": 0.9922428602418303,
            "score": 0.96054
        },
        "val": {
            "0": {
                "precision": 0.966745144202472,
                "recall": 0.9337691870380899,
                "f1-score": 0.949971081550029,
                "support": 3518.0
            },
            "1": {
                "precision": 0.9334475864038846,
                "recall": 0.9665779355220349,
                "f1-score": 0.9497239174658529,
                "support": 3381.0
            },
            "accuracy": 0.9498478040295695,
            "macro avg": {
                "precision": 0.9500963653031783,
                "recall": 0.9501735612800624,
                "f1-score": 0.9498474995079409,
                "support": 6899.0
            },
            "weighted avg": {
                "precision": 0.9504269759292405,
                "recall": 0.9498478040295695,
                "f1-score": 0.9498499535940065,
                "support": 6899.0
            },
            "cross-entropy": 0.13728430166739086,
            "roc-auc": 0.9873150782917414,
            "score": 0.9498478040295695
        },
        "test": {
            "0": {
                "precision": 0.9553966189856957,
                "recall": 0.9344950394301704,
                "f1-score": 0.9448302469135802,
                "support": 7862.0
            },
            "1": {
                "precision": 0.9387560946604828,
                "recall": 0.9583586257132451,
                "f1-score": 0.9484560855460772,
                "support": 8237.0
            },
            "accuracy": 0.9467047642710728,
            "macro avg": {
                "precision": 0.9470763568230893,
                "recall": 0.9464268325717078,
                "f1-score": 0.9466431662298287,
                "support": 16099.0
            },
            "weighted avg": {
                "precision": 0.946882549859242,
                "recall": 0.9467047642710728,
                "f1-score": 0.9466853952343378,
                "support": 16099.0
            },
            "cross-entropy": 0.14470535247015204,
            "roc-auc": 0.9867389613605114,
            "score": 0.9467047642710728
        }
    },
    "time": "0:00:37.335482",
    "chunk_size": null,
    "eval_batch_size": 32768
}