{
    "function": "_bin.model.main",
    "gpus": [
        "NVIDIA A100-SXM4-40GB"
    ],
    "config": {
        "seed": 10,
        "batch_size": 512,
        "patience": 16,
        "n_epochs": -1,
        "gradient_clipping_norm": 1.0,
        "amp": true,
        "data": {
            "cache": true,
            "path": "data/regression-num-large-0-year",
            "num_policy": "noisy-quantile"
        },
        "optimizer": {
            "type": "AdamW",
            "lr": 0.0029232454363218546,
            "weight_decay": 0.0
        },
        "model": {
            "arch_type": "tabm-mini",
            "k": 32,
            "backbone": {
                "type": "MLP",
                "n_blocks": 3,
                "d_block": 640,
                "dropout": 0.31823104942087554
            },
            "num_embeddings": {
                "type": "PiecewiseLinearEmbeddings",
                "d_embedding": 20
            }
        },
        "bins": {
            "n_bins": 2
        }
    },
    "n_parameters": 2058432,
    "prediction_type": "labels",
    "epoch_size": 98,
    "best_step": 2548,
    "metrics": {
        "train": {
            "rmse": 7.688266622883911,
            "mae": 5.485421657562256,
            "r2": 0.5106976628303528,
            "score": -7.688266622883911
        },
        "val": {
            "rmse": 8.806792879935244,
            "mae": 6.098849296569824,
            "r2": 0.3281136155128479,
            "score": -8.806792879935244
        },
        "test": {
            "rmse": 8.895085776110058,
            "mae": 6.10691499710083,
            "r2": 0.3337596654891968,
            "score": -8.895085776110058
        }
    },
    "time": "0:00:25.536220",
    "chunk_size": null,
    "eval_batch_size": 32768
}