{
    "function": "_bin.model.main",
    "gpus": [
        "NVIDIA A100-SXM4-40GB"
    ],
    "config": {
        "seed": 6,
        "batch_size": 512,
        "patience": 16,
        "n_epochs": -1,
        "gradient_clipping_norm": 1.0,
        "amp": true,
        "data": {
            "cache": true,
            "path": "data/classif-num-large-0-jannis",
            "num_policy": "noisy-quantile"
        },
        "optimizer": {
            "type": "AdamW",
            "lr": 0.004157352859011471,
            "weight_decay": 0.0002876199545467971
        },
        "model": {
            "arch_type": "tabm-mini",
            "k": 32,
            "backbone": {
                "type": "MLP",
                "n_blocks": 3,
                "d_block": 528,
                "dropout": 0.0
            },
            "num_embeddings": {
                "type": "PiecewiseLinearEmbeddings",
                "d_embedding": 12
            }
        },
        "bins": {
            "n_bins": 9
        }
    },
    "n_parameters": 963016,
    "prediction_type": "probs",
    "epoch_size": 79,
    "best_step": 790,
    "metrics": {
        "train": {
            "0": {
                "precision": 0.8930229986731535,
                "recall": 0.8006443618339529,
                "f1-score": 0.8443143506782008,
                "support": 20175.0
            },
            "1": {
                "precision": 0.8189756053650193,
                "recall": 0.9038795886940539,
                "f1-score": 0.8593355214999173,
                "support": 20131.0
            },
            "accuracy": 0.8522056269538034,
            "macro avg": {
                "precision": 0.8559993020190864,
                "recall": 0.8522619752640035,
                "f1-score": 0.8518249360890591,
                "support": 40306.0
            },
            "weighted avg": {
                "precision": 0.8560397188962952,
                "recall": 0.8522056269538034,
                "f1-score": 0.8518167371668618,
                "support": 40306.0
            },
            "cross-entropy": 0.3479162382611809,
            "roc-auc": 0.9303280230721733,
            "score": 0.8522056269538034
        },
        "val": {
            "0": {
                "precision": 0.851493848857645,
                "recall": 0.7558502340093604,
                "f1-score": 0.8008264462809918,
                "support": 2564.0
            },
            "1": {
                "precision": 0.7845836200963524,
                "recall": 0.8708938120702827,
                "f1-score": 0.8254887762490949,
                "support": 2618.0
            },
            "accuracy": 0.8139714395986106,
            "macro avg": {
                "precision": 0.8180387344769987,
                "recall": 0.8133720230398216,
                "f1-score": 0.8131576112650434,
                "support": 5182.0
            },
            "weighted avg": {
                "precision": 0.8176901092017084,
                "recall": 0.8139714395986106,
                "f1-score": 0.8132861104756067,
                "support": 5182.0
            },
            "cross-entropy": 0.4232699752103797,
            "roc-auc": 0.8855342200701015,
            "score": 0.8139714395986106
        },
        "test": {
            "0": {
                "precision": 0.8419481246501213,
                "recall": 0.7456618740704016,
                "f1-score": 0.7908851884312007,
                "support": 6051.0
            },
            "1": {
                "precision": 0.7714243279370265,
                "recall": 0.8597914252607184,
                "f1-score": 0.8132143416314389,
                "support": 6041.0
            },
            "accuracy": 0.8026794574925571,
            "macro avg": {
                "precision": 0.8066862262935739,
                "recall": 0.8027266496655601,
                "f1-score": 0.8020497650313199,
                "support": 12092.0
            },
            "weighted avg": {
                "precision": 0.8067153876385595,
                "recall": 0.8026794574925571,
                "f1-score": 0.8020405320040289,
                "support": 12092.0
            },
            "cross-entropy": 0.4293691973196838,
            "roc-auc": 0.8829276591777374,
            "score": 0.8026794574925571
        }
    },
    "time": "0:00:11.862538",
    "chunk_size": null,
    "eval_batch_size": 32768
}