{
    "function": "_bin.model.main",
    "gpus": [
        "NVIDIA A100-SXM4-40GB"
    ],
    "config": {
        "seed": 0,
        "batch_size": 512,
        "patience": 16,
        "n_epochs": -1,
        "gradient_clipping_norm": 1.0,
        "amp": true,
        "data": {
            "cache": true,
            "path": "data/regression-num-large-0-year",
            "num_policy": "noisy-quantile"
        },
        "optimizer": {
            "type": "AdamW",
            "lr": 0.0029232454363218546,
            "weight_decay": 0.0
        },
        "model": {
            "arch_type": "tabm-mini",
            "k": 32,
            "backbone": {
                "type": "MLP",
                "n_blocks": 3,
                "d_block": 640,
                "dropout": 0.31823104942087554
            },
            "num_embeddings": {
                "type": "PiecewiseLinearEmbeddings",
                "d_embedding": 20
            }
        },
        "bins": {
            "n_bins": 2
        }
    },
    "n_parameters": 2058432,
    "prediction_type": "labels",
    "epoch_size": 98,
    "best_step": 3234,
    "metrics": {
        "train": {
            "rmse": 7.320731461463354,
            "mae": 5.248786926269531,
            "r2": 0.5563613176345825,
            "score": -7.320731461463354
        },
        "val": {
            "rmse": 8.773903159252969,
            "mae": 6.033421993255615,
            "r2": 0.3331226706504822,
            "score": -8.773903159252969
        },
        "test": {
            "rmse": 8.878730527160164,
            "mae": 6.050763130187988,
            "r2": 0.33620744943618774,
            "score": -8.878730527160164
        }
    },
    "time": "0:00:30.759831",
    "chunk_size": null,
    "eval_batch_size": 32768
}