{
    "function": "_bin.model.main",
    "gpus": [
        "NVIDIA A100-SXM4-40GB"
    ],
    "config": {
        "seed": 7,
        "batch_size": 512,
        "patience": 16,
        "n_epochs": -1,
        "gradient_clipping_norm": 1.0,
        "amp": true,
        "data": {
            "cache": true,
            "path": "data/regression-cat-large-0-nyc-taxi-green-dec-2016",
            "num_policy": "noisy-quantile",
            "cat_policy": "ordinal"
        },
        "optimizer": {
            "type": "AdamW",
            "lr": 0.00012045339381143615,
            "weight_decay": 0.00028593738845718775
        },
        "model": {
            "arch_type": "tabm-mini",
            "k": 32,
            "backbone": {
                "type": "MLP",
                "n_blocks": 4,
                "d_block": 928,
                "dropout": 0.23456710406401882
            },
            "num_embeddings": {
                "type": "PiecewiseLinearEmbeddings",
                "d_embedding": 32
            }
        },
        "bins": {
            "n_bins": 122
        }
    },
    "n_parameters": 2943104,
    "prediction_type": "labels",
    "epoch_size": 98,
    "best_step": 19012,
    "metrics": {
        "train": {
            "rmse": 0.33694654667476215,
            "mae": 0.19542337954044342,
            "r2": 0.6797291040420532,
            "score": -0.33694654667476215
        },
        "val": {
            "rmse": 0.3511847904193802,
            "mae": 0.2039504051208496,
            "r2": 0.6550185680389404,
            "score": -0.3511847904193802
        },
        "test": {
            "rmse": 0.35112106371486496,
            "mae": 0.20324517786502838,
            "r2": 0.6537678241729736,
            "score": -0.35112106371486496
        }
    },
    "time": "0:02:55.109841",
    "chunk_size": null,
    "eval_batch_size": 32768
}