{
    "function": "_bin.model.main",
    "gpus": [
        "NVIDIA A100-SXM4-40GB"
    ],
    "config": {
        "seed": 4,
        "batch_size": 512,
        "patience": 16,
        "n_epochs": -1,
        "gradient_clipping_norm": 1.0,
        "amp": true,
        "data": {
            "cache": true,
            "path": "data/regression-num-large-0-year",
            "num_policy": "noisy-quantile"
        },
        "optimizer": {
            "type": "AdamW",
            "lr": 0.0029232454363218546,
            "weight_decay": 0.0
        },
        "model": {
            "arch_type": "tabm-mini",
            "k": 32,
            "backbone": {
                "type": "MLP",
                "n_blocks": 3,
                "d_block": 640,
                "dropout": 0.31823104942087554
            },
            "num_embeddings": {
                "type": "PiecewiseLinearEmbeddings",
                "d_embedding": 20
            }
        },
        "bins": {
            "n_bins": 2
        }
    },
    "n_parameters": 2058432,
    "prediction_type": "labels",
    "epoch_size": 98,
    "best_step": 3430,
    "metrics": {
        "train": {
            "rmse": 7.364680683908008,
            "mae": 5.334602355957031,
            "r2": 0.5510187149047852,
            "score": -7.364680683908008
        },
        "val": {
            "rmse": 8.78089898653428,
            "mae": 6.095625877380371,
            "r2": 0.33205878734588623,
            "score": -8.78089898653428
        },
        "test": {
            "rmse": 8.885077544192205,
            "mae": 6.113816261291504,
            "r2": 0.33525800704956055,
            "score": -8.885077544192205
        }
    },
    "time": "0:00:30.297973",
    "chunk_size": null,
    "eval_batch_size": 32768
}