{
    "function": "_bin.model.main",
    "gpus": [
        "Tesla V100-PCIE-16GB"
    ],
    "config": {
        "seed": 5,
        "batch_size": 512,
        "patience": 16,
        "n_epochs": -1,
        "gradient_clipping_norm": 1.0,
        "amp": true,
        "data": {
            "cache": true,
            "path": "data/classif-cat-large-0-road-safety",
            "num_policy": "noisy-quantile",
            "cat_policy": "ordinal"
        },
        "optimizer": {
            "type": "AdamW",
            "lr": 0.0005171502514831313,
            "weight_decay": 0.00010235561337628236
        },
        "model": {
            "arch_type": "plain",
            "backbone": {
                "type": "MLP",
                "n_blocks": 2,
                "d_block": 496,
                "dropout": 0.4582376177559271
            },
            "num_embeddings": {
                "type": "PiecewiseLinearEmbeddings",
                "d_embedding": 20
            }
        },
        "bins": {
            "n_bins": 22
        }
    },
    "n_parameters": 552578,
    "prediction_type": "probs",
    "epoch_size": 98,
    "best_step": 2646,
    "metrics": {
        "train": {
            "0": {
                "precision": 0.8252526075619296,
                "recall": 0.8060729067176059,
                "f1-score": 0.8155500080528265,
                "support": 25128.0
            },
            "1": {
                "precision": 0.8085716530483973,
                "recall": 0.8275570923126407,
                "f1-score": 0.8179542203147353,
                "support": 24872.0
            },
            "accuracy": 0.81676,
            "macro avg": {
                "precision": 0.8169121303051634,
                "recall": 0.8168149995151233,
                "f1-score": 0.8167521141837809,
                "support": 50000.0
            },
            "weighted avg": {
                "precision": 0.816954833548718,
                "recall": 0.81676,
                "f1-score": 0.8167459594003904,
                "support": 50000.0
            },
            "cross-entropy": 0.3655264309872464,
            "roc-auc": 0.9119626297531616,
            "score": 0.81676
        },
        "val": {
            "0": {
                "precision": 0.7999565595134666,
                "recall": 0.7884821237422394,
                "f1-score": 0.7941778975741239,
                "support": 9342.0
            },
            "1": {
                "precision": 0.7879828326180257,
                "recall": 0.7994774657086872,
                "f1-score": 0.7936885334486112,
                "support": 9186.0
            },
            "accuracy": 0.793933506044905,
            "macro avg": {
                "precision": 0.7939696960657461,
                "recall": 0.7939797947254632,
                "f1-score": 0.7939332155113676,
                "support": 18528.0
            },
            "weighted avg": {
                "precision": 0.7940201035947748,
                "recall": 0.793933506044905,
                "f1-score": 0.793935275658269,
                "support": 18528.0
            },
            "cross-entropy": 0.4038264557258083,
            "roc-auc": 0.8897472059046785,
            "score": 0.793933506044905
        },
        "test": {
            "0": {
                "precision": 0.7912140044594146,
                "recall": 0.7789454018962215,
                "f1-score": 0.7850317721816898,
                "support": 21411.0
            },
            "1": {
                "precision": 0.7863687655156849,
                "recall": 0.7983320350089356,
                "f1-score": 0.7923052435308563,
                "support": 21823.0
            },
            "accuracy": 0.7887310912707591,
            "macro avg": {
                "precision": 0.7887913849875497,
                "recall": 0.7886387184525785,
                "f1-score": 0.7886685078562731,
                "support": 43234.0
            },
            "weighted avg": {
                "precision": 0.7887682985458045,
                "recall": 0.7887310912707591,
                "f1-score": 0.7887031642632196,
                "support": 43234.0
            },
            "cross-entropy": 0.40971972712729504,
            "roc-auc": 0.8861958991987996,
            "score": 0.7887310912707591
        }
    },
    "time": "0:00:40.806291",
    "chunk_size": null,
    "eval_batch_size": 32768
}