{
    "function": "_bin.model.main",
    "gpus": [
        "Tesla V100-PCIE-16GB"
    ],
    "config": {
        "seed": 7,
        "batch_size": 512,
        "patience": 16,
        "n_epochs": -1,
        "gradient_clipping_norm": 1.0,
        "amp": true,
        "data": {
            "cache": true,
            "path": "data/classif-num-large-0-MiniBooNE",
            "num_policy": "noisy-quantile"
        },
        "optimizer": {
            "type": "AdamW",
            "lr": 0.00026099266313791,
            "weight_decay": 0.019897366041434994
        },
        "model": {
            "arch_type": "plain",
            "backbone": {
                "type": "MLP",
                "n_blocks": 2,
                "d_block": 560,
                "dropout": 0.38594681331216396
            },
            "num_embeddings": {
                "type": "PiecewiseLinearEmbeddings",
                "d_embedding": 8
            }
        },
        "bins": {
            "n_bins": 13
        }
    },
    "n_parameters": 545842,
    "prediction_type": "probs",
    "epoch_size": 98,
    "best_step": 3136,
    "metrics": {
        "train": {
            "0": {
                "precision": 0.9749441624365482,
                "recall": 0.9557705322664118,
                "f1-score": 0.9652621421678996,
                "support": 25119.0
            },
            "1": {
                "precision": 0.956216748768473,
                "recall": 0.9752019613359592,
                "f1-score": 0.9656160458452722,
                "support": 24881.0
            },
            "accuracy": 0.96544,
            "macro avg": {
                "precision": 0.9655804556025106,
                "recall": 0.9654862468011856,
                "f1-score": 0.9654390940065859,
                "support": 50000.0
            },
            "weighted avg": {
                "precision": 0.9656250268470405,
                "recall": 0.96544,
                "f1-score": 0.9654382517158338,
                "support": 50000.0
            },
            "cross-entropy": 0.09375172580542722,
            "roc-auc": 0.9937998195187907,
            "score": 0.96544
        },
        "val": {
            "0": {
                "precision": 0.9649532710280374,
                "recall": 0.939169982944855,
                "f1-score": 0.9518870642466148,
                "support": 3518.0
            },
            "1": {
                "precision": 0.9384172661870503,
                "recall": 0.9645075421472937,
                "f1-score": 0.9512835472578763,
                "support": 3381.0
            },
            "accuracy": 0.9515871865487752,
            "macro avg": {
                "precision": 0.9516852686075439,
                "recall": 0.9518387625460744,
                "f1-score": 0.9515853057522456,
                "support": 6899.0
            },
            "weighted avg": {
                "precision": 0.9519487439418832,
                "recall": 0.9515871865487752,
                "f1-score": 0.9515912980574679,
                "support": 6899.0
            },
            "cross-entropy": 0.1367539204768476,
            "roc-auc": 0.9874269380491153,
            "score": 0.9515871865487752
        },
        "test": {
            "0": {
                "precision": 0.9541876371144664,
                "recall": 0.9404731620452811,
                "f1-score": 0.9472807635641535,
                "support": 7862.0
            },
            "1": {
                "precision": 0.9439520958083832,
                "recall": 0.9569017846303266,
                "f1-score": 0.9503828299270513,
                "support": 8237.0
            },
            "accuracy": 0.9488788123485931,
            "macro avg": {
                "precision": 0.9490698664614248,
                "recall": 0.9486874733378039,
                "f1-score": 0.9488317967456024,
                "support": 16099.0
            },
            "weighted avg": {
                "precision": 0.9489506563244666,
                "recall": 0.9488788123485931,
                "f1-score": 0.9488679255388841,
                "support": 16099.0
            },
            "cross-entropy": 0.14636118530308756,
            "roc-auc": 0.9868838826439337,
            "score": 0.9488788123485931
        }
    },
    "time": "0:00:41.400219",
    "chunk_size": null,
    "eval_batch_size": 32768
}