{
    "function": "_bin.model.main",
    "gpus": [
        "Tesla V100-PCIE-16GB"
    ],
    "config": {
        "seed": 10,
        "batch_size": 512,
        "patience": 16,
        "n_epochs": -1,
        "gradient_clipping_norm": 1.0,
        "amp": true,
        "data": {
            "cache": true,
            "path": "data/regression-cat-large-0-nyc-taxi-green-dec-2016",
            "num_policy": "noisy-quantile",
            "cat_policy": "ordinal"
        },
        "optimizer": {
            "type": "AdamW",
            "lr": 0.0002726699238570058,
            "weight_decay": 0.002005501913039345
        },
        "model": {
            "arch_type": "plain",
            "backbone": {
                "type": "MLP",
                "n_blocks": 3,
                "d_block": 240,
                "dropout": 0.2588303575526417
            },
            "num_embeddings": {
                "type": "PiecewiseLinearEmbeddings",
                "d_embedding": 20
            }
        },
        "bins": {
            "n_bins": 122
        }
    },
    "n_parameters": 183541,
    "prediction_type": "labels",
    "epoch_size": 98,
    "best_step": 5684,
    "metrics": {
        "train": {
            "rmse": 0.3528735932704873,
            "mae": 0.21208027005195618,
            "r2": 0.6487358808517456,
            "score": -0.3528735932704873
        },
        "val": {
            "rmse": 0.36703419021201783,
            "mae": 0.21995191276073456,
            "r2": 0.6231770515441895,
            "score": -0.36703419021201783
        },
        "test": {
            "rmse": 0.3680778827532843,
            "mae": 0.21988609433174133,
            "r2": 0.6195188760757446,
            "score": -0.3680778827532843
        }
    },
    "time": "0:01:20.180426",
    "chunk_size": null,
    "eval_batch_size": 32768
}