{
    "function": "_bin.model.main",
    "gpus": [
        "Tesla V100-PCIE-16GB"
    ],
    "config": {
        "seed": 14,
        "batch_size": 512,
        "patience": 16,
        "n_epochs": -1,
        "gradient_clipping_norm": 1.0,
        "amp": true,
        "data": {
            "cache": true,
            "path": "data/regression-cat-large-0-particulate-matter-ukair-2017",
            "num_policy": "noisy-quantile",
            "cat_policy": "ordinal"
        },
        "optimizer": {
            "type": "AdamW",
            "lr": 6.889031839851212e-05,
            "weight_decay": 0.0
        },
        "model": {
            "arch_type": "plain",
            "backbone": {
                "type": "MLP",
                "n_blocks": 1,
                "d_block": 272,
                "dropout": 0.30553863189595615
            },
            "num_embeddings": {
                "type": "PiecewiseLinearEmbeddings",
                "d_embedding": 32
            }
        },
        "bins": {
            "n_bins": 42
        }
    },
    "n_parameters": 37137,
    "prediction_type": "labels",
    "epoch_size": 98,
    "best_step": 53900,
    "metrics": {
        "train": {
            "rmse": 0.3526404068700361,
            "mae": 0.24312174320220947,
            "r2": 0.732764720916748,
            "score": -0.3526404068700361
        },
        "val": {
            "rmse": 0.3700188981848924,
            "mae": 0.2553880214691162,
            "r2": 0.7026125192642212,
            "score": -0.3700188981848924
        },
        "test": {
            "rmse": 0.36481306694448107,
            "mae": 0.2520524859428406,
            "r2": 0.7118339538574219,
            "score": -0.36481306694448107
        }
    },
    "time": "0:07:31.012063",
    "chunk_size": null,
    "eval_batch_size": 32768
}