{
    "function": "_bin.model.main",
    "gpus": [
        "NVIDIA A100-SXM4-40GB"
    ],
    "config": {
        "seed": 14,
        "batch_size": 512,
        "patience": 16,
        "n_epochs": -1,
        "gradient_clipping_norm": 1.0,
        "amp": true,
        "data": {
            "cache": true,
            "path": "data/classif-cat-large-0-road-safety",
            "num_policy": "noisy-quantile",
            "cat_policy": "ordinal"
        },
        "optimizer": {
            "type": "AdamW",
            "lr": 0.0014163501429175726,
            "weight_decay": 0.0
        },
        "model": {
            "arch_type": "tabm-mini",
            "k": 32,
            "backbone": {
                "type": "MLP",
                "n_blocks": 3,
                "d_block": 992,
                "dropout": 0.2766285061331004
            },
            "num_embeddings": {
                "type": "PiecewiseLinearEmbeddings",
                "d_embedding": 32
            }
        },
        "bins": {
            "n_bins": 41
        }
    },
    "n_parameters": 3030976,
    "prediction_type": "probs",
    "epoch_size": 98,
    "best_step": 6272,
    "metrics": {
        "train": {
            "0": {
                "precision": 0.9833074216512561,
                "recall": 0.9564629099013053,
                "f1-score": 0.9696994149687311,
                "support": 25128.0
            },
            "1": {
                "precision": 0.9571953987009938,
                "recall": 0.9835960115792859,
                "f1-score": 0.9702161411858021,
                "support": 24872.0
            },
            "accuracy": 0.96996,
            "macro avg": {
                "precision": 0.9702514101761249,
                "recall": 0.9700294607402956,
                "f1-score": 0.9699577780772666,
                "support": 50000.0
            },
            "weighted avg": {
                "precision": 0.9703182569548776,
                "recall": 0.96996,
                "f1-score": 0.9699564552581508,
                "support": 50000.0
            },
            "cross-entropy": 0.17170121708317362,
            "roc-auc": 0.9975239142908987,
            "score": 0.96996
        },
        "val": {
            "0": {
                "precision": 0.823729197328201,
                "recall": 0.778848212374224,
                "f1-score": 0.8006602475928473,
                "support": 9342.0
            },
            "1": {
                "precision": 0.7869004641567818,
                "recall": 0.8305029392553887,
                "f1-score": 0.8081139770139294,
                "support": 9186.0
            },
            "accuracy": 0.8044581174438687,
            "macro avg": {
                "precision": 0.8053148307424914,
                "recall": 0.8046755758148063,
                "f1-score": 0.8043871123033883,
                "support": 18528.0
            },
            "weighted avg": {
                "precision": 0.8054698739844695,
                "recall": 0.8044581174438687,
                "f1-score": 0.8043557332611364,
                "support": 18528.0
            },
            "cross-entropy": 0.388448570443111,
            "roc-auc": 0.9011856432370372,
            "score": 0.8044581174438687
        },
        "test": {
            "0": {
                "precision": 0.8171877329887172,
                "recall": 0.7678763252533745,
                "f1-score": 0.7917649891644595,
                "support": 21411.0
            },
            "1": {
                "precision": 0.7849881029634437,
                "recall": 0.8314622187600238,
                "f1-score": 0.8075570786416841,
                "support": 21823.0
            },
            "accuracy": 0.7999722440671694,
            "macro avg": {
                "precision": 0.8010879179760804,
                "recall": 0.7996692720066991,
                "f1-score": 0.7996610339030719,
                "support": 43234.0
            },
            "weighted avg": {
                "precision": 0.8009344941942141,
                "recall": 0.7999722440671694,
                "f1-score": 0.7997362795530766,
                "support": 43234.0
            },
            "cross-entropy": 0.39538822755089226,
            "roc-auc": 0.8967875602731443,
            "score": 0.7999722440671694
        }
    },
    "time": "0:01:06.798476",
    "chunk_size": null,
    "eval_batch_size": 32768
}