{
    "function": "_bin.model.main",
    "gpus": [
        "NVIDIA A100-SXM4-40GB"
    ],
    "config": {
        "seed": 9,
        "batch_size": 512,
        "patience": 16,
        "n_epochs": -1,
        "gradient_clipping_norm": 1.0,
        "amp": true,
        "data": {
            "cache": true,
            "path": "data/regression-num-large-0-year",
            "num_policy": "noisy-quantile"
        },
        "optimizer": {
            "type": "AdamW",
            "lr": 0.0029232454363218546,
            "weight_decay": 0.0
        },
        "model": {
            "arch_type": "tabm-mini",
            "k": 32,
            "backbone": {
                "type": "MLP",
                "n_blocks": 3,
                "d_block": 640,
                "dropout": 0.31823104942087554
            },
            "num_embeddings": {
                "type": "PiecewiseLinearEmbeddings",
                "d_embedding": 20
            }
        },
        "bins": {
            "n_bins": 2
        }
    },
    "n_parameters": 2058432,
    "prediction_type": "labels",
    "epoch_size": 98,
    "best_step": 2254,
    "metrics": {
        "train": {
            "rmse": 7.998476360187149,
            "mae": 5.603139400482178,
            "r2": 0.4704158902168274,
            "score": -7.998476360187149
        },
        "val": {
            "rmse": 8.787513752434117,
            "mae": 6.059014320373535,
            "r2": 0.3310520648956299,
            "score": -8.787513752434117
        },
        "test": {
            "rmse": 8.902462445045709,
            "mae": 6.080833435058594,
            "r2": 0.3326541781425476,
            "score": -8.902462445045709
        }
    },
    "time": "0:00:22.865297",
    "chunk_size": null,
    "eval_batch_size": 32768
}