{
    "function": "_bin.model.main",
    "gpus": [
        "Tesla V100-PCIE-16GB"
    ],
    "config": {
        "seed": 4,
        "batch_size": 512,
        "patience": 16,
        "n_epochs": -1,
        "gradient_clipping_norm": 1.0,
        "amp": true,
        "data": {
            "cache": true,
            "path": "data/regression-cat-large-0-particulate-matter-ukair-2017",
            "num_policy": "noisy-quantile",
            "cat_policy": "ordinal"
        },
        "optimizer": {
            "type": "AdamW",
            "lr": 6.889031839851212e-05,
            "weight_decay": 0.0
        },
        "model": {
            "arch_type": "plain",
            "backbone": {
                "type": "MLP",
                "n_blocks": 1,
                "d_block": 272,
                "dropout": 0.30553863189595615
            },
            "num_embeddings": {
                "type": "PiecewiseLinearEmbeddings",
                "d_embedding": 32
            }
        },
        "bins": {
            "n_bins": 42
        }
    },
    "n_parameters": 37137,
    "prediction_type": "labels",
    "epoch_size": 98,
    "best_step": 51156,
    "metrics": {
        "train": {
            "rmse": 0.3549271744255412,
            "mae": 0.24458441138267517,
            "r2": 0.7292876243591309,
            "score": -0.3549271744255412
        },
        "val": {
            "rmse": 0.37029054954918034,
            "mae": 0.255432665348053,
            "r2": 0.7021756768226624,
            "score": -0.37029054954918034
        },
        "test": {
            "rmse": 0.36542330664441813,
            "mae": 0.2522883117198944,
            "r2": 0.7108690738677979,
            "score": -0.36542330664441813
        }
    },
    "time": "0:06:45.849886",
    "chunk_size": null,
    "eval_batch_size": 32768
}